Layer / object,Minimum fields,Design rule,Reason / example
Legal source,source_id; issuer; instrument_type; gazette_id; exact_locator; source_url; document_hash,Official Gazette / regulator notification has authority; a navigation page is only a discovery source,Prevent unsupported rules from becoming tasks
Temporal version,valid_from; valid_to; published_at; discovered_at; supersedes; savings; future_effective,Track legal validity separately from when the system learned the fact,Preserve past-period filings and future readiness
Law family,family_id; principal_act; subordinate_instruments; jurisdictions; subfamilies,"A family is a packaging/navigation unit, not one law count or one obligation",Do not inflate coverage by splitting documents
Atomic obligation,obligation_id; duty_holder; action; legal_basis; object; frequency; trigger; exception,"Separate every legally distinct duty, while linking shared records / returns","Tax payment, filing, certificate and reconciliation are different"
Applicability predicate,entity_facts; thresholds; temporal_basis; appropriate_government; exemptions; decision; reason,"Use true / false / unknown; unknown creates a question or review, not automatic non-applicability",Headcount and turnover must be time-window-specific
Subject graph,legal_entity; GSTIN; establishment; employee; contractor; product; asset; transaction; licence,Scope obligations to the correct subject and responsible legal entity,One company may have many establishment-specific instances
Due rule,period_basis; relative_clock; calendar; extensions; authority; effective_window; event_timestamp,Do not store a universal fixed due date at family level,Generate due dates from versioned rules and facts
Artifact schema,artifact_id; authority; instrument; jurisdiction; form_number; version; fields; validation; signature,Form number alone is not a unique key; SS XXIII differs from OSH XXIII,Schema update is separate from obligation update
Artifact relationship,obligation_id; artifact_id; purpose; issuer; required_fields; shared_data; substitution_authority,Many obligations can share a register; one obligation can need several artifacts,Data reuse is not proof of legal substitution
Instance,instance_id; obligation_version; subject; period/event; due_at; assigned_role; workflow,An obligation definition generates dated/event-specific work items,Supports the previously discussed obligation workbench
Execution plan,inputs; connectors; transformations; checks; approvals; filing_channel; idempotency_key,"Calculation automation, submission access and substantive control completion are separate",Prevent duplicate filings and unauthorised actions
Evidence,evidence_id; source; hash; created_at; subject; period; validator; signature; retention; access,Validate evidence against subject/period/action; protect sensitive case data,A document upload does not prove compliance
State machine,identified; applicability_review; applicable; prepared; approved; submitted; accepted; paid; verified,"Accepted, paid and legally complete need not coincide",Rejected return cannot remain green
Change impact,source_change; provisions; obligations; predicates; templates; open/future_instances; customer_actions,Track amendment propagation end to end with human approval,"Measure affected instances, not merely number of alerts"
Legal QA / release,reviewer; review_status; interpretation; conflict; test_cases; approved_at; next_review,"No production activation until source, applicability, timing and evidence tests pass",Separate extracted suggestion from approved legal rule
Automation entitlement,provider; documented_api; scope; credentials; user_consent; allowed_actions; approval_policy,No assumed public API or bypass of OTP/CAPTCHA/DSC,A portal URL is not an integration contract
Privacy and security,data_class; tenant; access; purpose; residency; retention; legal_hold; audit_log,"POSH, health, KYC and SDD need restricted access beyond ordinary task evidence",Do not let broad compliance users see all sensitive records
Coverage metrics,families; approved_sources; approved_obligations; applicability_branches; schemas; executed_instances,"Report each metric separately with numerator, denominator and audit status",Do not market artifact bundles as individually verified statutory forms
