Family ID,Domain,Law family,Legal instruments,Applies to,Applicability parameters,Recurring / event duties,Major artifact preview,Recurrence,Regulator / authority,Operational portal / channel,Automation,Suggested wave,Legal QA status,Human / execution boundary,Source IDs,Primary source URL; more via Source IDs
F01,"A Corporate, tax and trade",Companies,Companies Act 2013 and applicable rules,Indian companies; obligations differ by class and event,company type; listed status; capital; turnover; borrowings; directors; CSR/SBO/cost-audit triggers,"Maintain corporate registers and minutes; accounts and annual returns; board and event filings; conditional CSR, ownership and cost-audit reports","AOC-4 variants; MGT-7 / MGT-7A; MGT-8; ADT-1
Full catalogue: 29 entries in Forms and Artifacts.",A/H/E/C; KYC 3-year,MCA / Registrar of Companies,MCA V3,P/S/H,Core,Selected transition/forms checked; applicability QA required,"Preparation, calculation and validation can be automated. Submission needs authorised access and approval; payment, DSC/OTP, professional certification, physical compliance and regulator acceptance are separate gates.","MCA,CORP,LAW",https://www.mca.gov.in/
F02,"A Corporate, tax and trade",Limited liability partnerships,LLP Act 2008 and rules,Registered LLPs,LLP; turnover; contribution; partner changes; beneficial ownership,Accounts and solvency; annual return; agreement/partner/address changes; ownership records,"LLP Form 8; LLP Form 11; LLP Form 3; LLP Form 4
Full catalogue: 6 entries in Forms and Artifacts.",A/E/C,MCA / ROC,MCA V3,P/S/H,Core,Family seed; atomic legal QA required,"Preparation, calculation and validation can be automated. Submission needs authorised access and approval; payment, DSC/OTP, professional certification, physical compliance and regulator acceptance are separate gates.","MCA,LAW",https://www.mca.gov.in/
F03,"A Corporate, tax and trade",Partnership firms,Indian Partnership Act 1932 and state rules,Partnerships where registration / alteration / notice is applicable,legal form; state; partner/address/dissolution event,Registration and event notices; preserve deed and partner records; no uniform national annual ROC-style return,"Partnership registration application; Partner / constitution change notice; Dissolution notice; Partnership deed and amendments
Full catalogue: 4 entries in Forms and Artifacts.",E/C,State Registrar of Firms,State RoF / single-window portal,P/S/H,Conditional,Jurisdiction-specific QA required,"Preparation, calculation and validation can be automated. Submission needs authorised access and approval; payment, DSC/OTP, professional certification, physical compliance and regulator acceptance are separate gates.","LAW,NSWS",https://indiacode.gov.in/
F04,"A Corporate, tax and trade",MSME delayed-payment controls,MSMED Act 2006; cross-link Companies specified-company reporting,Buyers dealing with eligible micro and small enterprise suppliers,supplier status; Udyam; delivery/acceptance; dispute; agreed credit period; outstanding balance,Capture supplier status; age accepted invoices; monitor statutory payment/interest; support disclosures and disputes,"MSME supplier-status evidence; Invoice acceptance and ageing ledger; Delayed-payment / interest computation; MSME-1 supporting schedule
Full catalogue: 6 entries in Forms and Artifacts.",C/M/H/E,Ministry of MSME / MSEFC; MCA for MSME-1,MSME Samadhaan / ODR; MCA,P/S/H,Core,Family seed; atomic legal QA required,"Preparation, calculation and validation can be automated. Submission needs authorised access and approval; payment, DSC/OTP, professional certification, physical compliance and regulator acceptance are separate gates.","MSME,MCA",https://ramp.msme.gov.in/ramp/RAMP-initiative/msme-samadhaan/msme-samadhaan
F05,"A Corporate, tax and trade",GST,"CGST, IGST, UTGST, SGST Acts/rules and notifications",Registered / registration-liable persons and special GST classes,GSTIN; state; turnover period; taxpayer class; supplies; export; e-invoice / e-waybill triggers,Invoice compliance; reconcile credits; returns and tax payments; annual filings where required; transaction-specific movements/refunds,"GSTR-1; GSTR-1A; GSTR-3B; IFF
Full catalogue: 18 entries in Forms and Artifacts.",T/M/Q/A/E,CBIC / GSTN / state GST authorities,GST portal; authorised GSP; e-invoice and e-waybill systems,P/I*/S/H,Core,Family seed; atomic legal QA required,"Preparation, calculation and validation can be automated. Submission needs authorised access and approval; payment, DSC/OTP, professional certification, physical compliance and regulator acceptance are separate gates.","GST,GSTAPI",https://tutorial.gst.gov.in/userguide/returns/index.htm
F06,"A Corporate, tax and trade","Income tax, TDS and TCS",Income-tax Act 2025 / Rules 2026; saved Income-tax Act 1961 / Rules 1962 periods,"Taxpayers, deductors, collectors and specified reporting persons",tax year vs assessment year; transaction date; deductor; payee; residency; payment type; thresholds; audit/reporting triggers,Tax and withholding calculations/payments; periodic statements; certificates; returns/audit; foreign remittance and reportable-transaction workflows,"Form 138 (new; earlier 24Q); manual checked.; Form 140 (new
Full catalogue: 21 entries in Forms and Artifacts.",M/Q/A/T/E,CBDT / Income Tax Department,e-Filing; TRACES; authorised utilities / reporting portal,P/S/H,Core,Selected transition/forms checked; applicability QA required,"Preparation, calculation and validation can be automated. Submission needs authorised access and approval; payment, DSC/OTP, professional certification, physical compliance and regulator acceptance are separate gates.","TAX,TAXTRANS,T138,T141",https://www.incometaxindia.gov.in/income-tax-act-20251_old
F07,"A Corporate, tax and trade",Customs,"Customs Act 1962, Customs Tariff Act and procedure rules","Importers, exporters, carriers, warehouses and concession users by role",HS code; origin; value; movement; exemption; port; licence; importer/carrier role,Classify and value goods; clear imports/exports; reconcile duties; conditional bonded/concession records,"Bill of Entry; Shipping Bill; Import / export manifest; Bond / warehouse inventory records
Full catalogue: 6 entries in Forms and Artifacts.",T/C/periodic,CBIC / Customs,ICEGATE / ICEGATE partner systems,P/S/H,Conditional,Family seed; atomic legal QA required,"Preparation, calculation and validation can be automated. Submission needs authorised access and approval; payment, DSC/OTP, professional certification, physical compliance and regulator acceptance are separate gates.","CUSTOMS,LAW",https://www.icegate.gov.in/
F08,"A Corporate, tax and trade",Foreign trade / DGFT,FTDR Act 1992; Foreign Trade Policy and Handbook of Procedures,"Importers/exporters; licence, incentive and authorisation holders",IEC; product; export obligation; authorisation; restricted items; RCMC,Maintain IEC; track export obligations and realisation; authorisation closure and relevant certificates,"IEC application / annual confirmation; ANF authorisation applications; e-BRC; Export obligation / EODC submission
Full catalogue: 5 entries in Forms and Artifacts.",A/T/E/L,DGFT / authorised agencies,DGFT online services,P/S/H,Conditional,Family seed; atomic legal QA required,"Preparation, calculation and validation can be automated. Submission needs authorised access and approval; payment, DSC/OTP, professional certification, physical compliance and regulator acceptance are separate gates.",DGFT,https://content.dgft.gov.in/Website/dgftprod/74893b60-2434-4b7c-b90d-ee9fe0eb7320/Notification%2058%20Date%2012-02-2021%20English.pdf
F09,"A Corporate, tax and trade",Foreign exchange / cross-border investment,FEMA 1999; RBI reporting regulations / directions,"Foreign investment, overseas investment, ECB and covered forex transactions",resident status; transaction route; instrument; ownership; sector; AD bank; foreign assets/liabilities,Transaction reporting and pricing support; annual foreign asset/liability and overseas investment reporting; loan reporting,"FC-GPR; FC-TRS; Form DI; LLP-I / LLP-II
Full catalogue: 10 entries in Forms and Artifacts.",T/M/A/E,RBI / authorised dealer banks,FIRMS; FLAIR; AD-bank reporting routes,P/S/H,Conditional,Family seed; atomic legal QA required,"Preparation, calculation and validation can be automated. Submission needs authorised access and approval; payment, DSC/OTP, professional certification, physical compliance and regulator acceptance are separate gates.",FEMA,https://www.rbi.org.in/Scripts/BS_ViewMasDirections.aspx?id=10202
F10,"A Corporate, tax and trade",Residual state VAT / CST,"State VAT laws and Central Sales Tax Act, residual non-GST scope",Dealers in commodities remaining outside relevant GST levy,commodity; state; turnover; registration; interstate sales; exemption,Tax payments and VAT/CST returns; declarations and stock reconciliation where applicable,"State VAT return; VAT payment challan; CST declaration / C-form workflow; Commodity stock / sales register
Full catalogue: 4 entries in Forms and Artifacts.",M/Q/A/T,State commercial-tax departments,Relevant state commercial-tax portal,P/S/H,Conditional,Jurisdiction-specific QA required,"Preparation, calculation and validation can be automated. Submission needs authorised access and approval; payment, DSC/OTP, professional certification, physical compliance and regulator acceptance are separate gates.","LAW,NSWS",https://indiacode.gov.in/
F11,"A Corporate, tax and trade",Professional tax,Applicable state professional-tax Acts and rules,Employers / persons in states imposing applicable levy,state; PTRC/PTEC role; salary slab; employee class; exemption,Deduct/remit employee PT; employer/professional enrolment and state returns,"PT registration / enrolment; PT deduction register; PT challan; PT return
Full catalogue: 4 entries in Forms and Artifacts.",Payroll/M/Q/A,State professional-tax authority,State PT / commercial-tax portal,P/S/H,Core,Jurisdiction-specific QA required,"Preparation, calculation and validation can be automated. Submission needs authorised access and approval; payment, DSC/OTP, professional certification, physical compliance and regulator acceptance are separate gates.","LAW,NSWS",https://indiacode.gov.in/
F12,"A Corporate, tax and trade",Stamp duty and registration,Indian Stamp Act / state stamp laws; Registration Act 1908 and state rules,Stampable instruments and compulsorily registrable transactions,state nexus; instrument type; consideration; market value; execution; property,Classify instruments; calculate duty; pay/e-stamp; register and preserve executed evidence,"E-stamp / stamp payment certificate; Document-registration application; Duty adjudication / valuation submission; Registered instrument / index / receipt
Full catalogue: 4 entries in Forms and Artifacts.",T/E,State stamps and registration department,State IGR / e-stamping channels,P/S/H,Conditional,Jurisdiction-specific QA required,"Preparation, calculation and validation can be automated. Submission needs authorised access and approval; payment, DSC/OTP, professional certification, physical compliance and regulator acceptance are separate gates.","LAW,NSWS",https://indiacode.gov.in/
F13,B Employment,Wages,Code on Wages 2019; applicable central/state rules and wage notifications,"Covered employers / employees, with provision-specific scope",appropriate government; state; employee category; scheduled skill/zone; wage components; payroll cycle,Minimum wage and timely payment; overtime/deduction controls; wage slips; prescribed registers and bonus subworkflows,"Central Wages Form I; resolve applicable government.; Central Wages Form IV; Central Wages Form V
Full catalogue: 7 entries in Forms and Artifacts.",D/Payroll/A/E,Appropriate labour government / labour authorities,Shram Suvidha / relevant state labour system,P/S/H,Core,Selected transition/forms checked; applicability QA required,"Preparation, calculation and validation can be automated. Submission needs authorised access and approval; payment, DSC/OTP, professional certification, physical compliance and regulator acceptance are separate gates.",WAGE,https://www.labour.gov.in/static/uploads/2026/05/6eb0c35ba63b776487a025e5123b6b12.pdf
F14,B Employment,Social security,Code on Social Security 2020; schemes; applicable central/state rules,EPF/ESI/gratuity/maternity/compensation/cess and other chapters by separate applicability,chapter; establishment; employee count; pay; coverage history; employee category; contract labour; construction activity,"Contribution and member administration; benefit-event processing; registers; conditional annual return, cess and vacancy workflows","EPFO ECR; resolve current legal transition.; ESIC contribution data / challan; EPF / ESI member joining-exit data
Full catalogue: 14 entries in Forms and Artifacts.",M/A/E/C,EPFO; ESIC; labour authorities; welfare boards by chapter,EPFO employer portal; ESIC; Shram Suvidha / state systems,P/S/H,Core,Selected transition/forms checked; applicability QA required,"Preparation, calculation and validation can be automated. Submission needs authorised access and approval; payment, DSC/OTP, professional certification, physical compliance and regulator acceptance are separate gates.","SS,EPF,ESI",https://www.labour.gov.in/static/uploads/2026/05/49aa9b62c2125499c37399b90e969d67.pdf
F15,B Employment,"Occupational safety, factories and contract labour",OSHWC Code 2020; applicable central/state rules,Establishments / factories / contractors / migrants / construction and other sectors by chapter,appropriate government; establishment type; workforce; contractor count; hazardous activity; site; licence,Register/license; maintain working-time and safety records; returns; incident reports; contractor and worker protections,"OSH Form I; OSH Form VI; OSH Form VIII; OSH Form XI
Full catalogue: 16 entries in Forms and Artifacts.",D/Payroll/H/A/E/L,Appropriate labour authority / inspector-cum-facilitator,"Shram Suvidha / relevant labour, factory or contractor portal",P/S/H,Core,Selected transition/forms checked; applicability QA required,"Preparation, calculation and validation can be automated. Submission needs authorised access and approval; payment, DSC/OTP, professional certification, physical compliance and regulator acceptance are separate gates.","OSH,SS",https://www.labour.gov.in/static/uploads/2026/05/ee246f790cad0b8e99c3828f34fa09a6.pdf
F16,B Employment,Industrial relations,Industrial Relations Code 2020; applicable central/state rules,"Industrial establishments, workers and specified employment actions",industrial-establishment status; worker count; standing-order scope; grievance committee; termination event,Grievance machinery and standing orders; industrial-dispute processes; lawful notices/permissions for covered actions,"Standing orders / certification application; Grievance committee constitution / case record; Change-in-service-condition notice; Lay-off / retrenchment / closure notice or permission
Full catalogue: 5 entries in Forms and Artifacts.",C/E,Appropriate labour government / conciliation and adjudicatory bodies,Labour authority / prescribed filing route,P/H,Core,Family seed; atomic legal QA required,"Automate drafting, checks and evidence tracking only. Human legal/technical decisions, physical controls, testing, certification and authority action remain outside autonomous completion.",IR,https://www.labour.gov.in/static/uploads/2026/05/f05a2c220dcdec0ea9c55e84d9ff791f.pdf
F17,B Employment,Shops and establishments,Separate state / UT Shops and Establishments laws,"Offices, shops and commercial establishments within relevant state scope",state; establishment type; employee count; hours; women/night work; exemptions,Registration/intimation; working hours/leave/welfare; notices and records; returns/renewal only where prescribed,"State S&E registration / intimation; Attendance / wage / leave registers; Working-hours / weekly-holiday notices; State annual / consolidated return
Full catalogue: 5 entries in Forms and Artifacts.",D/Payroll/A/E/L,State labour department / local authority,State labour / municipal / single-window portal,P/S/H,Core,Jurisdiction-specific QA required,"Preparation, calculation and validation can be automated. Submission needs authorised access and approval; payment, DSC/OTP, professional certification, physical compliance and regulator acceptance are separate gates.","SHOPS,NSWS",https://mahakamgar.maharashtra.gov.in/Site/Upload/PDF/Regulation_of_Employment_Conditions_of_Service_Rules_2018.pdf
F18,B Employment,Labour welfare fund,Applicable state Labour Welfare Fund Acts and rules,Covered establishments and employee classes in relevant states,state; employee count/category; exclusions; contribution period,Compute employee/employer contributions; remit and retain required records/returns,"LWF contribution register; LWF challan; LWF return / statement
Full catalogue: 3 entries in Forms and Artifacts.","M/H/A, state-specific",State Labour Welfare Board,State welfare-board portal,P/S/H,Core,Jurisdiction-specific QA required,"Preparation, calculation and validation can be automated. Submission needs authorised access and approval; payment, DSC/OTP, professional certification, physical compliance and regulator acceptance are separate gates.","LAW,NSWS",https://indiacode.gov.in/
F19,B Employment,National and festival holidays,State national/festival holiday laws and notifications,"Covered establishments by state, separate from any leave rules",state; establishment class; notified holidays; work on holiday,Publish holiday schedule; obtain/issue prescribed notices; track compensatory leave or wage treatment,"Holiday list / statutory notice; Holiday-work permission / intimation; Holiday work / compensatory benefit record
Full catalogue: 3 entries in Forms and Artifacts.",A/E/Payroll,State labour authority,State labour portal / prescribed notice route,P/S/H,Core,Jurisdiction-specific QA required,"Preparation, calculation and validation can be automated. Submission needs authorised access and approval; payment, DSC/OTP, professional certification, physical compliance and regulator acceptance are separate gates.","LAW,NSWS",https://indiacode.gov.in/
F20,B Employment,POSH,Sexual Harassment of Women at Workplace Act 2013 and Rules,Employer duties; Internal Committee where statutory threshold met; Local Committee route otherwise,"workplace; 10 or more employees for IC, not 10 women; separate offices; complaints; district",Constitute IC where required; policy/display/training; confidential complaint handling; IC and employer annual reporting,"IC constitution order; POSH policy / awareness evidence; IC annual report; Employer annual-report disclosure
Full catalogue: 5 entries in Forms and Artifacts.",C/A/E,Internal / Local Committee; District Officer; employer,Prescribed district route; SHe-Box where applicable,P/H,Core,Family seed; atomic legal QA required,"Automate drafting, checks and evidence tracking only. Human legal/technical decisions, physical controls, testing, certification and authority action remain outside autonomous completion.",POSH,https://wcd.gov.in/documents/uploaded/1710503093.pdf
F21,B Employment,Apprenticeships,Apprentices Act 1961; Apprenticeship Rules as amended,Establishments covered by apprenticeship obligations or engaging apprentices,headcount; trade; apprentice category; prescribed band; contract; stipend,Apprentice engagement/contracts; training; stipend; prescribed reports and assessments,"Apprenticeship contract; Training schedule / attendance record; Stipend payment record; Apprenticeship prescribed return / portal report
Full catalogue: 4 entries in Forms and Artifacts.",D/M/periodic/E,MSDE / DGT / apprenticeship advisers; education authorities by scheme,Apprenticeship India / NAPS; NATS for relevant category,P/S/H,Conditional,Family seed; atomic legal QA required,"Preparation, calculation and validation can be automated. Submission needs authorised access and approval; payment, DSC/OTP, professional certification, physical compliance and regulator acceptance are separate gates.",APP,https://boatwr.education.gov.in/wp-content/uploads/2023/08/Apprenticeship-rules-1992-1.pdf
F22,B Employment,Child and adolescent labour,Child and Adolescent Labour Act and rules,Employers; prohibitions and permitted-adolescent conditions,age evidence; activity; hazardous work; adolescent employment; hours,Age checks; prevent prohibited engagement; notices/registers for permitted cases,"Age-verification evidence; Permitted adolescent employment register; Prescribed inspector notice / workplace abstract
Full catalogue: 3 entries in Forms and Artifacts.",C/E,Labour authorities / district administration,PENCIL / applicable labour route,P/H,Core,Family seed; atomic legal QA required,"Automate drafting, checks and evidence tracking only. Human legal/technical decisions, physical controls, testing, certification and authority action remain outside autonomous completion.",CHILD,https://pencil.gov.in/Users/acts
F23,B Employment,Disability inclusion,Rights of Persons with Disabilities Act 2016 and Rules,Government and private establishments with different obligations,public/private; headcount; policy scope; premises; accessibility; employee needs,Equal opportunity policy and required records; accessibility and reasonable accommodation as applicable,"Equal opportunity policy; Disability employment / accommodation records; Accessibility assessment and action record
Full catalogue: 3 entries in Forms and Artifacts.",C/E/periodic,Disability commissioners / competent authority,Authority-specific route; policy/register maintained internally,P/H,Core,Family seed; atomic legal QA required,"Automate drafting, checks and evidence tracking only. Human legal/technical decisions, physical controls, testing, certification and authority action remain outside autonomous completion.",PWD,https://depwd.gov.in/en/acts/
F24,B Employment,Transgender workplace protections,Transgender Persons (Protection of Rights) Act 2019 and Rules 2020,Covered establishments / employers,establishment; workforce; facilities; policy; complaints,Non-discrimination and equal opportunity policy; complaint officer; grievance handling,"Equal opportunity policy; Complaint-officer appointment; Confidential complaint / resolution record
Full catalogue: 3 entries in Forms and Artifacts.",C/E,Appropriate government / designated authorities,Employer records; authority-specific reporting,P/H,Core,Family seed; atomic legal QA required,"Automate drafting, checks and evidence tracking only. Human legal/technical decisions, physical controls, testing, certification and authority action remain outside autonomous completion.",TRANS,https://thc.nic.in/Central%20Governmental%20Rules/Transgender%20Persons%20%28Protection%20of%20Rights%29%20Rules%2C%202020.pdf
F25,C Premises and assets,Municipal trade and health permissions,"Municipal Acts, trade/health bylaws and local orders",Businesses / activities requiring local permission,municipality; trade; premises; area; sanitation; nuisance classification,Obtain and maintain applicable local permissions; renew/change when required; satisfy local operating conditions,"Trade / health licence application; Local renewal / amendment submission; Sanitation / premises inspection evidence
Full catalogue: 3 entries in Forms and Artifacts.",E/L/periodic,Municipal corporation / urban local body,Municipal / state single-window portal,P/S/H,Core,Jurisdiction-specific QA required,"Preparation, calculation and validation can be automated. Submission needs authorised access and approval; payment, DSC/OTP, professional certification, physical compliance and regulator acceptance are separate gates.","NSWS,LAW",https://www.nsws.gov.in/
F26,C Premises and assets,Fire and life safety,State Fire Services Acts; rules; building/fire conditions,Premises subject to fire approval or safety requirements,state/city; occupancy; height; area; hazardous storage; use; NOC conditions,Obtain approval/NOC; maintain equipment and escape routes; drills/inspection; renew or certify as required,"Fire approval / NOC application; Fire-system maintenance / inspection log; Fire-drill / training record; Licensed agency / fire-safety certificate
Full catalogue: 4 entries in Forms and Artifacts.",C/periodic/E/L,State fire service / local fire authority,State fire / municipal portal,P/H,Core,Jurisdiction-specific QA required,"Automate drafting, checks and evidence tracking only. Human legal/technical decisions, physical controls, testing, certification and authority action remain outside autonomous completion.","NSWS,LAW",https://www.nsws.gov.in/
F27,C Premises and assets,"Building, planning and land use",State town-planning laws; municipal building bylaws; land-use rules,"New construction, occupation, alteration or change of use",plot; zoning; jurisdiction; use; height; built-up area; structural class,Maintain lawful land use/building approvals; completion/occupancy; structural or local periodic requirements,"Building-plan / land-use application; Completion / occupancy certificate; Structural stability assessment / certificate; Change-of-use / alteration permission
Full catalogue: 4 entries in Forms and Artifacts.",E/periodic,Planning / development / municipal authorities,State planning / building-permission system,P/H,Core,Jurisdiction-specific QA required,"Automate drafting, checks and evidence tracking only. Human legal/technical decisions, physical controls, testing, certification and authority action remain outside autonomous completion.","NSWS,LAW",https://www.nsws.gov.in/
F28,C Premises and assets,Electrical installation safety,Electricity Act 2003; applicable CEA safety regulations and state rules,"Electrical installations requiring inspection, approval or operating safeguards",voltage; sanctioned load; installation type; captive generation; state; incident,Inspect/test installations; maintain safety/earthing records; obtain approvals; report covered accidents,"Electrical inspection / energisation application; Electrical test / earthing / maintenance records; Electrical safety / competent-person certificate; Electrical accident notification
Full catalogue: 4 entries in Forms and Artifacts.",Periodic/E/C,Chief Electrical Inspector / CEA / state authority,State electrical-inspectorate system,P/H,Manufacturing,Family seed; atomic legal QA required,"Automate drafting, checks and evidence tracking only. Human legal/technical decisions, physical controls, testing, certification and authority action remain outside autonomous completion.","CEA,NSWS",https://cea.nic.in/
F29,C Premises and assets,Energy conservation,Energy Conservation Act 2001 as amended; BEE and state instruments,"Notified designated consumers, products, buildings and other regulated classes",sector; energy use; designation; product/model; building; scheme period,Energy-manager/audit/reporting duties where designated; efficiency certificates/labels or building compliance where applicable,"Energy consumption / action report; Accredited energy-audit report; Energy efficiency / scheme compliance submission; Product label / registration documentation
Full catalogue: 4 entries in Forms and Artifacts.",A/notified cycle/E,BEE / designated agencies,BEE scheme portal / state designated agency,P/H,Manufacturing,Family seed; atomic legal QA required,"Automate drafting, checks and evidence tracking only. Human legal/technical decisions, physical controls, testing, certification and authority action remain outside autonomous completion.","BEE,LAW",https://beeindia.gov.in/
F30,C Premises and assets,Boilers,Boilers Act 2025; applicable boiler regulations/rules,Owners/users/manufacturers of covered boilers,asset definition; pressure; capacity; state; certificate validity; repair/alteration,Register and certify boilers; inspections; permitted operation; report incidents and obtain repair approvals,"Boiler registration / inspection application; Boiler certificate / permission to use; Boiler inspection / operating log; Repair / alteration / accident notice
Full catalogue: 4 entries in Forms and Artifacts.",D/periodic/L/E,Chief Inspector of Boilers / competent authorities,State boiler inspectorate / single-window portal,P/H,Manufacturing,Selected transition/forms checked; applicability QA required,"Automate drafting, checks and evidence tracking only. Human legal/technical decisions, physical controls, testing, certification and authority action remain outside autonomous completion.","BOILER,NSWS",https://www.pib.gov.in/PressReleasePage.aspx?PRID=2230140
F31,C Premises and assets,Petroleum storage and handling,Petroleum Act 1934; Petroleum Rules 2002 as amended,"Covered petroleum storage, transport and handling operations",petroleum class; quantity; container; premises; exemptions; activity,Obtain class-specific approvals/licences; maintain storage/safety controls; renew and report covered incidents,"Petroleum site-plan approval; Category-specific petroleum licence / renewal; Storage / handling / safety inspection log; Petroleum incident report
Full catalogue: 4 entries in Forms and Artifacts.",C/periodic/L/E,PESO / district authority as applicable,PESO online licensing,P/H,Manufacturing,Family seed; atomic legal QA required,"Automate drafting, checks and evidence tracking only. Human legal/technical decisions, physical controls, testing, certification and authority action remain outside autonomous completion.",PESO,https://www.peso.gov.in/web/en
F32,C Premises and assets,Gas cylinders and pressure vessels,Gas Cylinders Rules 2016; SMPV (Unfired) Rules 2016 as amended,"Covered filling, storage, transport and use of compressed gases",gas; capacity; pressure; activity; licence class; cylinder/vessel; test date,Licensing; testing and inspection; safe operation; track cylinders/vessels and competent-person certification,"Gas cylinder / filling / storage licence application; Pressure-vessel licence / approval; Cylinder / vessel periodic test certificate; Cylinder inventory / test-due register
Full catalogue: 5 entries in Forms and Artifacts.",C/prescribed cycle/E/L,PESO / approved testing bodies,PESO online licensing / approved testing route,P/H,Manufacturing,Family seed; atomic legal QA required,"Automate drafting, checks and evidence tracking only. Human legal/technical decisions, physical controls, testing, certification and authority action remain outside autonomous completion.",PESO,https://www.peso.gov.in/web/en
F33,C Premises and assets,Vehicles and transport operations,Motor Vehicles Act 1988; CMVR; state transport rules,"Vehicle owners, fleet operators and permit holders",vehicle class; use; age; fuel; route; state; driver; permit conditions,"Track registration, fitness, permits, tax, insurance and PUC; driver and movement documentation","Vehicle registration / RC; Fitness application / certificate; Transport permit / authorisation; PUC certificate
Full catalogue: 5 entries in Forms and Artifacts.",L/E/C,MoRTH / state transport authorities,VAHAN / SARATHI / state transport portal,P/S/H,Conditional,Family seed; atomic legal QA required,"Preparation, calculation and validation can be automated. Submission needs authorised access and approval; payment, DSC/OTP, professional certification, physical compliance and regulator acceptance are separate gates.",MOTOR,https://parivahan.gov.in/parivahan/
F34,C Premises and assets,Private security agencies,Private Security Agencies (Regulation) Act 2005; state rules,"Private security agencies, not every customer hiring guards",agency state; licence; guards; supervisors; training; background checks,Agency licence; guard/supervisor verification and training; required registers; licence changes/renewals,"PSARA licence / renewal application; Guard / supervisor / client registers; Antecedent verification record; Training / fitness evidence
Full catalogue: 4 entries in Forms and Artifacts.",C/E/L/periodic,State controlling authority / MHA platform,PSARA licensing portal / state route,P/S/H,Conditional,Jurisdiction-specific QA required,"Preparation, calculation and validation can be automated. Submission needs authorised access and approval; payment, DSC/OTP, professional certification, physical compliance and regulator acceptance are separate gates.",PSARA,https://psara.gov.in/
F35,D Environment,Water pollution consent,Water (Prevention and Control of Pollution) Act 1974; applicable rules/amendments,Discharge / industrial activities requiring consent or related controls,state/UT; activity category; discharge; water balance; consent/exemption; effluent parameters,Obtain CTE/CTO where required; comply with discharge limits and consent conditions; monitor and report,"Water consent application / renewal; Effluent testing report; Water / effluent monitoring log; Consent-condition compliance submission
Full catalogue: 4 entries in Forms and Artifacts.",D/periodic/E/L,SPCB / Pollution Control Committee,State OCMMS / consent-management portal,P/S/H,Manufacturing,Jurisdiction-specific QA required,"Preparation, calculation and validation can be automated. Submission needs authorised access and approval; payment, DSC/OTP, professional certification, physical compliance and regulator acceptance are separate gates.","CPCB,NSWS",https://cpcb.gov.in/
F36,D Environment,Air pollution consent,Air (Prevention and Control of Pollution) Act 1981; applicable rules/amendments,Plants and emissions requiring consent or related safeguards,state; activity/category; fuel; stack; emission source; consent/exemption,Consent and emission controls; stack/ambient monitoring; consent-condition reporting,"Air consent application / renewal; Stack / ambient emission test report; Emission control / monitoring log; Air consent compliance submission
Full catalogue: 4 entries in Forms and Artifacts.",D/periodic/E/L,SPCB / PCC,State OCMMS / consent-management portal,P/S/H,Manufacturing,Jurisdiction-specific QA required,"Preparation, calculation and validation can be automated. Submission needs authorised access and approval; payment, DSC/OTP, professional certification, physical compliance and regulator acceptance are separate gates.","CPCB,NSWS",https://cpcb.gov.in/
F37,D Environment,Environmental protection and statement,Environment (Protection) Act 1986; Environment (Protection) Rules,Units within applicable standards and environmental-statement scope,activity; industry standard; consent/authorisation; pollutants; covered financial year,Meet prescribed environmental standards; maintain monitoring evidence; environmental statement for covered units,"Environment Statement Form V; Pollutant / resource-use working papers; Environmental standards compliance evidence
Full catalogue: 3 entries in Forms and Artifacts.",C/periodic/A,MoEFCC / CPCB / SPCB / PCC,SPCB portal / prescribed submission route,P/S/H,Manufacturing,Family seed; atomic legal QA required,"Preparation, calculation and validation can be automated. Submission needs authorised access and approval; payment, DSC/OTP, professional certification, physical compliance and regulator acceptance are separate gates.","EPA,CPCB",https://moef.gov.in/uploads/2017/06/2The%20Environment%20%28Protection%29%20Rules%2C%201986.pdf
F38,D Environment,Environmental clearance,EIA Notification 2006 and amendments / project-specific conditions,Projects or expansions requiring prior environmental clearance,scheduled project; category; capacity; site; expansion; exemption; EC conditions,Screen project; secure prior approval; monitor and report post-clearance conditions,"EC application and project particulars; EIA / EMP and supporting studies; Post-EC compliance report; Environmental clearance and condition register
Full catalogue: 4 entries in Forms and Artifacts.",E/condition-prescribed,MoEFCC / SEIAA / competent authorities,PARIVESH,P/H,Manufacturing,Family seed; atomic legal QA required,"Automate drafting, checks and evidence tracking only. Human legal/technical decisions, physical controls, testing, certification and authority action remain outside autonomous completion.","PARI,LAW",https://parivesh.nic.in/
F39,D Environment,"Hazardous waste, used oil and tyre branches",Hazardous and Other Wastes Rules 2016 as amended; stream-specific EPR chapters,"Generators, occupiers, handlers, recyclers, importers/producers by role",waste code; quantity; activity; authorisation; producer/importer; used-oil/tyre stream,Authorisation; track generation/storage/movements/disposal; annual reporting; separate used-oil/tyre EPR where applicable,"Hazardous Waste Form 1; Hazardous Waste Form 3; Hazardous Waste Form 4; Hazardous Waste Form 10
Full catalogue: 8 entries in Forms and Artifacts.",C/T/A/E/L,SPCB/PCC; CPCB for specified EPR streams,State authorisation portal; CPCB used-oil / tyre EPR systems,P/S/H,Manufacturing,Family seed; atomic legal QA required,"Preparation, calculation and validation can be automated. Submission needs authorised access and approval; payment, DSC/OTP, professional certification, physical compliance and regulator acceptance are separate gates.","HW,EPR",https://cpcb.gov.in/rules/
F40,D Environment,Plastic waste / packaging EPR,Plastic Waste Management Rules 2016 and EPR amendments,"Covered producers, importers, brand owners and waste processors; other roles separately",role; packaging category; quantity; market placement; exclusions; processing capacity,Register where applicable; quantify plastic placed on market; fulfil EPR; maintain traceability and returns,"Plastic EPR registration; Plastic EPR annual / prescribed return; Packaging-category / quantity ledger; EPR certificates and reconciliation
Full catalogue: 4 entries in Forms and Artifacts.",C/T/A/E,CPCB / SPCB / PCC by role,CPCB plastic EPR portal,P/S/H,Manufacturing,Family seed; atomic legal QA required,"Preparation, calculation and validation can be automated. Submission needs authorised access and approval; payment, DSC/OTP, professional certification, physical compliance and regulator acceptance are separate gates.","PLASTIC,EPR",https://cpcb.gov.in/rules-4/
F41,D Environment,E-waste,E-Waste (Management) Rules 2022 as amended,"Manufacturers, producers, refurbishers, recyclers and covered bulk-consumer duties by role",scheduled EEE; role; quantities; registration; targets; exclusions,Maintain registration and channelisation; producer EPR; returns and certificate reconciliation where prescribed,"E-waste portal registration; E-waste prescribed periodic / annual return; EEE placement / recycling ledger; EPR certificate reconciliation
Full catalogue: 5 entries in Forms and Artifacts.",C/T/periodic/E,CPCB / SPCB / PCC,CPCB e-waste EPR portal,P/S/H,Manufacturing,Family seed; atomic legal QA required,"Preparation, calculation and validation can be automated. Submission needs authorised access and approval; payment, DSC/OTP, professional certification, physical compliance and regulator acceptance are separate gates.","EWASTE,EPR",https://cpcb.gov.in/rules-6/
F42,D Environment,Battery waste,Battery Waste Management Rules 2022 as amended,"Battery producers/importers, recyclers, refurbishers and other role-specific duties",battery chemistry/category; role; quantity; producer responsibility; registration,Register; track market placement/collection/recycling; comply with EPR and reporting,"Battery EPR registration; Battery producer / recycler / refurbisher return; Battery category / quantity ledger; Battery EPR certificate reconciliation
Full catalogue: 4 entries in Forms and Artifacts.",C/T/periodic/E,CPCB / SPCB / PCC,CPCB battery EPR portal,P/S/H,Manufacturing,Selected transition/forms checked; applicability QA required,"Preparation, calculation and validation can be automated. Submission needs authorised access and approval; payment, DSC/OTP, professional certification, physical compliance and regulator acceptance are separate gates.","BATTERY,EPR",https://cpcb.gov.in/rules-5/
F43,D Environment,Solid waste,Solid Waste Management Rules 2026; local bylaws,"Waste generators, bulk generators, processors and other prescribed classes",role; waste stream; quantity; premises; bulk-generator status; local authority,Segregation and lawful handover; bulk-generator processing/registration/reporting where prescribed; local conditions,"Waste segregation / handover ledger; Bulk-generator registration / declaration; Prescribed 2026 portal return; Waste processing / service-provider evidence
Full catalogue: 4 entries in Forms and Artifacts.",D/T/periodic/E,Local body; SPCB/PCC; CPCB by role,Local body / CPCB solid-waste portal,P/S/H,Manufacturing,Selected transition/forms checked; applicability QA required,"Preparation, calculation and validation can be automated. Submission needs authorised access and approval; payment, DSC/OTP, professional certification, physical compliance and regulator acceptance are separate gates.","SWM,SWMP",https://www.pib.gov.in/PressReleasePage.aspx?PRID=2219676&lang=1&reg=3
F44,D Environment,Biomedical waste,"Bio-Medical Waste Management Rules 2016, including 2026 amendment","Healthcare facilities, laboratories and other generators/handlers within scope",occupier/operator; waste; beds/activity; authorisation; treatment arrangement,Authorisation; segregate/barcode/track waste; training/immunisation; reporting and incident response,"BMW authorisation application; BMW annual report; BMW accident report; BMW generation / handover / barcode record
Full catalogue: 5 entries in Forms and Artifacts.",D/T/A/E,SPCB / PCC; health authorities,State BMW system / prescribed reporting route,P/S/H,Sector,Selected transition/forms checked; applicability QA required,"Preparation, calculation and validation can be automated. Submission needs authorised access and approval; payment, DSC/OTP, professional certification, physical compliance and regulator acceptance are separate gates.",BMW,https://cpcb.gov.in/rules-3/
F45,D Environment,Construction and demolition waste,Environment (Construction and Demolition) Waste Management Rules 2025,"Construction/demolition actors, specified producers and recyclers by class",project area; construction/demolition; waste quantity; actor; registration; project permission,"Plan/segregate/route waste; comply with applicable registration, EPR and reporting duties","C&D waste-management plan; C&D waste quantity / movement ledger; C&D registration / EPR submission; Recycling / disposal certificates
Full catalogue: 4 entries in Forms and Artifacts.",Project/T/periodic/E,Local body; SPCB/PCC; CPCB by role,Relevant local / CPCB C&D workflow,P/S/H,Manufacturing,Selected transition/forms checked; applicability QA required,"Preparation, calculation and validation can be automated. Submission needs authorised access and approval; payment, DSC/OTP, professional certification, physical compliance and regulator acceptance are separate gates.",CDW,https://cpcb.gov.in/rules-7/
F46,D Environment,End-of-life vehicles,Environment Protection (End-of-Life Vehicles) Rules 2025 and related instruments,Vehicle producers and registered vehicle-scrapping/recycling actors; owner duties separately,actor; vehicle category; quantities; scrapping-facility registration; EPR,Register and report by role; meet applicable EPR; maintain scrapping and material records,"ELV producer / facility registration; ELV prescribed return / EPR report; Vehicle scrapping / recycling evidence; ELV EPR certificate reconciliation
Full catalogue: 4 entries in Forms and Artifacts.",T/periodic/E,CPCB; SPCB/PCC; transport authorities by role,CPCB ELV EPR / authorised scrapping systems,P/S/H,Sector,Family seed; atomic legal QA required,"Preparation, calculation and validation can be automated. Submission needs authorised access and approval; payment, DSC/OTP, professional certification, physical compliance and regulator acceptance are separate gates.","EPR,CPCB",https://cpcb.gov.in/all-epr-portals-of-cpcb/
F47,D Environment,Groundwater abstraction,CGWA guidelines / NOC conditions and applicable state groundwater laws,Groundwater abstraction requiring permission; exemption and jurisdiction checks,site; assessment-unit status; quantity; industry; borewell; state jurisdiction; NOC,Obtain NOC where required; meter and monitor abstraction; comply with recharge/audit/reporting conditions,"Groundwater NOC / renewal application; Abstraction meter / water-level log; Groundwater compliance / audit report; Rainwater harvesting / recharge evidence
Full catalogue: 4 entries in Forms and Artifacts.",D/periodic/E/L,CGWA or state groundwater authority,CGWA NOC portal / state system,P/S/H,Manufacturing,Jurisdiction-specific QA required,"Preparation, calculation and validation can be automated. Submission needs authorised access and approval; payment, DSC/OTP, professional certification, physical compliance and regulator acceptance are separate gates.","GROUND,NSWS",https://cgwa-noc.gov.in/
F48,D Environment,Hazardous chemicals and emergency planning,MSIHC Rules 1989; Chemical Accidents Rules 1996 and amendments,Activities involving specified hazardous chemicals at applicable thresholds,chemical identity; inventory; threshold; process; major-accident hazard; site,Notify as required; prepare safety report/onsite plan; maintain SDS; drills and major-accident reporting,"Hazardous chemical inventory / safety data sheets; Site notification / safety report; Onsite emergency plan / drill record; Major-accident report
Full catalogue: 4 entries in Forms and Artifacts.",C/periodic/E,MoEFCC / state authorities / inspectorate / crisis groups,Prescribed authority route; site records,P/H,Manufacturing,Family seed; atomic legal QA required,"Automate drafting, checks and evidence tracking only. Human legal/technical decisions, physical controls, testing, certification and authority action remain outside autonomous completion.","LAW,CPCB",https://indiacode.gov.in/
F49,D Environment,Public liability insurance,Public Liability Insurance Act 1991; Rules; Environmental Relief Fund scheme,Owners handling hazardous substances within applicable legal scope,substance; quantity; activity; statutory exemption; policy limits; ERF,Maintain qualifying insurance; pay required ERF contribution; preserve incident and claim evidence,"Public liability insurance policy; ERF contribution / payment evidence; Incident / claim documentation
Full catalogue: 3 entries in Forms and Artifacts.",L/E,Competent government authorities / insurer / ERF administration,Insurer / prescribed authority channels,P/H,Manufacturing,Family seed; atomic legal QA required,"Automate drafting, checks and evidence tracking only. Human legal/technical decisions, physical controls, testing, certification and authority action remain outside autonomous completion.",LAW,https://indiacode.gov.in/
F50,D Environment,Noise controls,Noise Pollution (Regulation and Control) Rules 2000; local directions,"Noise-generating premises, equipment and permitted activities",zone; time; source; DG set; event; permission; local restriction,Observe noise limits; monitor/control sources; obtain permissions for restricted activities,"Noise measurement / control record; Loudspeaker / event permission; Equipment acoustic compliance evidence
Full catalogue: 3 entries in Forms and Artifacts.",C/periodic/E,Designated authority / police / SPCB / local body,Local authority route; monitoring records,P/H,Manufacturing,Jurisdiction-specific QA required,"Automate drafting, checks and evidence tracking only. Human legal/technical decisions, physical controls, testing, certification and authority action remain outside autonomous completion.","CPCB,NSWS",https://cpcb.gov.in/
F51,D Environment,Forest and wildlife project permissions,Applicable forest-conservation and Wildlife Protection laws; permission conditions,"Projects affecting forest land, protected areas or other protected interests",land status; protected-area nexus; project activity; clearance route; permit conditions,Determine permission gates before activity; obtain approvals; fulfil mitigation and periodic conditions,"Forest diversion / wildlife permission application; Mitigation / compensatory compliance record; Clearance-condition report
Full catalogue: 3 entries in Forms and Artifacts.",Project/periodic/E,MoEFCC / forest and wildlife authorities,PARIVESH / relevant state system,P/H,Sector,Family seed; atomic legal QA required,"Automate drafting, checks and evidence tracking only. Human legal/technical decisions, physical controls, testing, certification and authority action remain outside autonomous completion.","PARI,LAW",https://parivesh.nic.in/
F52,D Environment,Biodiversity access and benefit sharing,Biological Diversity Act 2002 as amended; rules and ABS instruments,"Access, commercial utilisation, research transfer or IPR involving biological resources/knowledge within scope",person/control status; resource origin; activity; traditional knowledge; exemptions; approval/intimation class,Determine NBA/SBB route; obtain approval/intimate; ABS records and payments; IPR-related compliance,"ABS approval / intimation application; Benefit-sharing agreement / payment evidence; Biological resource access / use record; IPR / research-transfer submission
Full catalogue: 4 entries in Forms and Artifacts.",E/C/agreement-prescribed,NBA / State Biodiversity Board / relevant committees,NBA ABS e-filing / state route,P/H,Sector,Family seed; atomic legal QA required,"Automate drafting, checks and evidence tracking only. Human legal/technical decisions, physical controls, testing, certification and authority action remain outside autonomous completion.",BIO,https://www.nbaindia.nic.in/
F53,E Products and regulated activities,Food safety,"Food Safety and Standards Act 2006; licensing, product and other FSSAI regulations",Food business operators according to activity and licence/registration class,FBO role; products; premises; scale; licence; importer/manufacturer status,Maintain licence/registration; food safety and traceability controls; applicable annual return and product-specific records,"FSSAI Form A; FSSAI Form B; FSSAI Form C; FSSAI Form D-1
Full catalogue: 6 entries in Forms and Artifacts.",Batch/C/A/E/L,FSSAI / state food safety authority,FoSCoS,P/S/H,Sector,Family seed; atomic legal QA required,"Preparation, calculation and validation can be automated. Submission needs authorised access and approval; payment, DSC/OTP, professional certification, physical compliance and regulator acceptance are separate gates.","FSSAI,FOSCOS",https://www.fssai.gov.in/upload/advisories/2024/04/661e73c35373eRevised%20annual%20return.pdf
F54,E Products and regulated activities,Legal metrology,Legal Metrology Act 2009; Packaged Commodities and applicable rules,"Manufacturers, packers, importers, dealers/users of regulated packages or instruments",role; commodity; package size/type; B2B/exemption; instrument; state; model,Registrations/licences; package declarations; weighing instrument verification; maintain required records,"Packer / manufacturer / importer registration; Weighing-instrument verification / stamping certificate; Manufacturer / dealer / repairer licence; Package-label compliance artwork / check record
Full catalogue: 5 entries in Forms and Artifacts.",SKU/T/periodic/E/L,Director of Legal Metrology / state controllers,eMaap / NSWS / state metrology portals as service permits,P/S/H,Manufacturing,Jurisdiction-specific QA required,"Preparation, calculation and validation can be automated. Submission needs authorised access and approval; payment, DSC/OTP, professional certification, physical compliance and regulator acceptance are separate gates.","LM,NSWS",https://consumeraffairs.gov.in/pages/legal-metrology-act
F55,E Products and regulated activities,BIS and quality-control orders,BIS Act 2016; certification regulations; relevant QCOs,Products/models placed on market under compulsory certification or registration,QCO; product standard; manufacturer; plant; model; exemption; effective date,Secure appropriate licence/registration; product tests; marking and surveillance; maintain production/fee records,"BIS licence / scope-extension application; CRS registration / model inclusion; Product laboratory test report; Production / marking / fee statements
Full catalogue: 5 entries in Forms and Artifacts.",Batch/periodic/E/L,BIS; notifying ministry by QCO,Manakonline / BIS CRS,P/S/H,Manufacturing,Family seed; atomic legal QA required,"Preparation, calculation and validation can be automated. Submission needs authorised access and approval; payment, DSC/OTP, professional certification, physical compliance and regulator acceptance are separate gates.",BIS,https://www.bis.gov.in/product-certification/products-under-compulsory-certification/
F56,E Products and regulated activities,Drugs and cosmetics,Drugs and Cosmetics Act 1940; Drugs Rules; Cosmetics Rules 2020,"Drug/cosmetic manufacturing, sale, import and other regulated activities",product; activity; dosage; schedule; import/manufacture/sale; premises; licence class,Maintain licences and conditions; GMP/quality; batch/distribution records; safety/recall reporting; retention fees where prescribed,"Drug manufacture / sale / import application; Cosmetics manufacture / import application; Batch manufacture / testing / distribution record; Licence retention-fee / compliance evidence
Full catalogue: 5 entries in Forms and Artifacts.",Batch/T/periodic/E,CDSCO / state drug controllers,SUGAM / state drug licensing portals,P/S/H,Sector,Family seed; atomic legal QA required,"Preparation, calculation and validation can be automated. Submission needs authorised access and approval; payment, DSC/OTP, professional certification, physical compliance and regulator acceptance are separate gates.",DRUG,https://cdsco.gov.in/opencms/opencms/en/Acts-Rules/
F57,E Products and regulated activities,Medical devices,Medical Devices Rules 2017 as amended,Manufacture/import/sale of covered devices and other regulated actors,device class; intended use; sterile/measuring status; role; plant; licence class,Risk-class-based licences; quality systems; testing; vigilance; distribution and retention conditions,"MD-3 / MD-7; MD-5 / MD-9; MD-14; MD-15
Full catalogue: 6 entries in Forms and Artifacts.",Batch/T/periodic/E,CDSCO / state licensing authorities,SUGAM / notified device / state portal,P/S/H,Sector,Family seed; atomic legal QA required,"Preparation, calculation and validation can be automated. Submission needs authorised access and approval; payment, DSC/OTP, professional certification, physical compliance and regulator acceptance are separate gates.",DRUG,https://cdsco.gov.in/opencms/opencms/en/Acts-Rules/
F58,E Products and regulated activities,Insecticides,Insecticides Act 1968; Insecticides Rules as amended,"Registration, manufacture, import, sale and use by regulated class",product; registration; activity; premises; licence; responsible technical staff,Product registration/licensing; quality and label controls; stock/sale records; returns where prescribed,"Insecticide product registration application; Manufacture / sale licence application; Insecticide stock / sale / batch record; Prescribed insecticide return / quality report
Full catalogue: 4 entries in Forms and Artifacts.",Batch/T/periodic/E/L,CIBRC / DPPQS / state agriculture licensing authority,CIBRC / state agriculture portal,P/S/H,Sector,Family seed; atomic legal QA required,"Preparation, calculation and validation can be automated. Submission needs authorised access and approval; payment, DSC/OTP, professional certification, physical compliance and regulator acceptance are separate gates.","AGRI,LAW",https://ppqs.gov.in/
F59,E Products and regulated activities,Fertilisers and seeds,Fertiliser (Control) Order 1985; Seeds Act/Rules; Seeds (Control) Order,"Manufacturers, dealers, importers and seed businesses by regulated role",product; nutrient/seed variety; dealer/manufacturer; state; licence; batch,Appropriate authorisation; quality/label and stock controls; prescribed sale/production reports,"Fertiliser authorisation / dealer memorandum; Seed dealer licence application; Fertiliser / seed stock and sale registers; Quality / germination / batch test reports
Full catalogue: 5 entries in Forms and Artifacts.",Batch/T/periodic/E/L,Department of Agriculture / state licensing authorities,State agriculture / single-window portal,P/S/H,Sector,Jurisdiction-specific QA required,"Preparation, calculation and validation can be automated. Submission needs authorised access and approval; payment, DSC/OTP, professional certification, physical compliance and regulator acceptance are separate gates.","LAW,NSWS",https://indiacode.gov.in/
F60,"F Digital, customers and conduct",Personal data protection,DPDP Act 2023; DPDP Rules 2025; separate commencement notifications,Data fiduciaries/processors and other roles where relevant provisions are in force,effective provision; processing scope; data/principal; child; exemption; significant fiduciary; role,Stage readiness vs operative duties; notices/consent and rights; safeguards/breach workflow; additional duties if designated,"Data-processing inventory; not itself a universally prescribed statutory return.; Notice / consent / permitted-use evidence; Rights / grievance / deletion record
Full catalogue: 6 entries in Forms and Artifacts.",C/T/E; phased commencement,Data Protection Board / MeitY as applicable,Notified Board / organisation channels; no blanket live filing API,P/H,Core,Selected transition/forms checked; applicability QA required,"Automate drafting, checks and evidence tracking only. Human legal/technical decisions, physical controls, testing, certification and authority action remain outside autonomous completion.",DPDP,https://www.meity.gov.in/static/uploads/2025/11/53450e6e5dc0bfa85ebd78686cadad39.pdf
F61,"F Digital, customers and conduct","IT security, SPDI and CERT-In",IT Act 2000; applicable SPDI Rules; CERT-In section 70B directions; transition with DPDP,Covered entities handling relevant information or falling under CERT-In directions,entity class; information; incident category; detection time; infrastructure; log retention; operative transition,Maintain applicable privacy/security controls; point of contact; time synchronisation/logs; report specified incidents,"CERT-In incident report; trigger classification required.; CERT-In point-of-contact details; ICT security logs
Full catalogue: 6 entries in Forms and Artifacts.",C/E,CERT-In / MeitY / competent authorities,CERT-In prescribed reporting channels; internal security systems,P/S/H,Core,Family seed; atomic legal QA required,"Preparation, calculation and validation can be automated. Submission needs authorised access and approval; payment, DSC/OTP, professional certification, physical compliance and regulator acceptance are separate gates.","CERT,MEITY",https://www.cert-in.org.in/PDF/CERT-In_Directions_70B_28.04.2022.pdf
F62,"F Digital, customers and conduct",Intermediary due diligence,IT Act; Information Technology (Intermediary Guidelines and Digital Media Ethics Code) Rules as amended,"Intermediaries and specified subclasses, not every business website",intermediary role; user scale; service type; significant status; orders/complaints,Publish rules/policies; grievance and lawful-order handling; additional reporting/officers for relevant subclasses,"Terms / user rules / privacy disclosures; Grievance intake and disposal register; Lawful-order / takedown response evidence; Prescribed intermediary compliance report
Full catalogue: 4 entries in Forms and Artifacts.","C/E/M, class-specific",MeitY / designated authorities,Intermediary grievance system / prescribed government route,P/H,Sector,Family seed; atomic legal QA required,"Automate drafting, checks and evidence tracking only. Human legal/technical decisions, physical controls, testing, certification and authority action remain outside autonomous completion.",MEITY,https://www.meity.gov.in/
F63,"F Digital, customers and conduct","Consumer protection, e-commerce and direct selling",Consumer Protection Act 2019; applicable E-Commerce and Direct Selling Rules,"Sellers, e-commerce entities, direct-selling entities and other covered businesses",role; product/service; marketplace vs inventory; grievance; return/refund; disclosure,Consumer disclosures and fair-practice controls; grievance handling; seller/product/transaction records; notices and recalls,"Consumer / e-commerce mandatory disclosures; Consumer grievance / refund / resolution register; Seller / direct-seller due-diligence evidence; Product safety / recall / authority-response record
Full catalogue: 4 entries in Forms and Artifacts.",C/T/E,Department of Consumer Affairs / CCPA / consumer authorities,Organisation channels; NCH / prescribed authority route as relevant,P/H,Conditional,Family seed; atomic legal QA required,"Automate drafting, checks and evidence tracking only. Human legal/technical decisions, physical controls, testing, certification and authority action remain outside autonomous completion.","CONSUMER,ECOM",https://consumeraffairs.gov.in/pages/consumer-protection-acts
F64,"F Digital, customers and conduct",Commercial communications / DLT,TRAI TCCCPR 2018 as amended; access-provider implementation,Entities sending covered commercial SMS / voice communications,sender role; message category; recipient consent; header/template; telemarketer chain,Register principal entity and templates/headers; validate consent/preferences; maintain traceability and complaint handling,"Principal-entity registration; Header / content-template registration; Consent / preference evidence; Telemarketer chain / campaign compliance log
Full catalogue: 5 entries in Forms and Artifacts.",T/C/E,TRAI / telecom access providers,Access-provider DLT portals,P/S/H,Conditional,Family seed; atomic legal QA required,"Preparation, calculation and validation can be automated. Submission needs authorised access and approval; payment, DSC/OTP, professional certification, physical compliance and regulator acceptance are separate gates.",TRAI,https://trai.gov.in/node/3199
F65,"F Digital, customers and conduct",Competition and combinations,Competition Act 2002 as amended; combination regulations and notifications,Enterprises generally for conduct; transactions meeting notification tests,transaction; control; asset/turnover/value tests; exemptions; competitive relationships,Conduct controls; transaction-screening; pre-closing notification/standstill when required; fulfil approved commitments,"Competition risk / conduct review record; Combination notice Form I / II; Transaction threshold / exemption memorandum; Information request / commitment compliance response
Full catalogue: 4 entries in Forms and Artifacts.",E/ordered cycle; no general annual return,Competition Commission of India,CCI e-filing / prescribed route,P/H,Conditional,Family seed; atomic legal QA required,"Automate drafting, checks and evidence tracking only. Human legal/technical decisions, physical controls, testing, certification and authority action remain outside autonomous completion.",CCI,https://www.cci.gov.in/
F66,G Specialist regulated sectors,RBI banking and NBFC prudential reporting,Banking / RBI Acts; entity-class Master Directions and returns,Licensed banks/NBFCs and other RBI-regulated classes as applicable,licence; NBFC layer; deposit status; size; product; customer; return code,"Capital, liquidity, asset quality, governance, outsourcing and periodic supervisory reports by class","Entity-specific RBI supervisory return catalogue; Capital / liquidity / asset-quality working papers; RBI governance / event reporting; Regulatory licence / approval applications
Full catalogue: 4 entries in Forms and Artifacts.","D/M/Q/A/E, class-specific",RBI,RBI CIMS / prescribed supervisory route,P/S/H,Sector,Family seed; atomic legal QA required,"Preparation, calculation and validation can be automated. Submission needs authorised access and approval; payment, DSC/OTP, professional certification, physical compliance and regulator acceptance are separate gates.",RBI,https://www.rbi.org.in/Scripts/NotificationUser.aspx
F67,G Specialist regulated sectors,"AML, KYC and FIU reporting",PMLA 2002; Maintenance of Records Rules; sector KYC directions,Reporting entities and separately regulated KYC actors; not all companies,reporting-entity class; beneficial owner; transaction category; suspicion; customer risk,CDD/beneficial ownership; monitoring; prescribed transaction reports; records; officer appointments,"CTR; STR; Other prescribed FIU transaction reports; Customer / beneficial-owner KYC records
Full catalogue: 6 entries in Forms and Artifacts.",M/E/C/periodic,FIU-IND; relevant sector regulator; CERSAI for CKYCR,FINnet 2.0; CKYCR; sector systems,P/S/H,Sector,Family seed; atomic legal QA required,"Preparation, calculation and validation can be automated. Submission needs authorised access and approval; payment, DSC/OTP, professional certification, physical compliance and regulator acceptance are separate gates.","FIU,RBI",https://fiuindia.gov.in/files/AML_Legislation/notification.html
F68,G Specialist regulated sectors,Listed-entity obligations,SEBI LODR Regulations 2015 as amended; current master circulars,"Entities with specified listed securities, with class-specific duties",security; listing; size; materiality; related-party; governance; exemption,Financial/governance filings; material events; shareholding; annual report and conditional sustainability disclosures,"Integrated filing: financial / governance; Shareholding-pattern filing; Material-event disclosure; Annual report / corporate-governance disclosures
Full catalogue: 6 entries in Forms and Artifacts.",Q/A/E/prescribed cycle,SEBI / recognised stock exchanges,Exchange filing portals / prescribed systems,P/S/H,Sector,Selected transition/forms checked; applicability QA required,"Preparation, calculation and validation can be automated. Submission needs authorised access and approval; payment, DSC/OTP, professional certification, physical compliance and regulator acceptance are separate gates.",SEBI,https://www.sebi.gov.in/sebiweb/home/HomeAction.do?doListingAll=yes&search=Listing
F69,G Specialist regulated sectors,Insider trading controls,SEBI Prohibition of Insider Trading Regulations 2015 as amended,Listed/proposed-listed entities and other covered persons / intermediaries,UPSI; designated person; connected person; trading; disclosure trigger; regulated role,Maintain insider controls; structured digital database where required; trading window/pre-clearance; required disclosures,"Structured digital database (SDD); Designated-person / connected-person records; Trading-window / pre-clearance records; Insider transaction / code-violation disclosure
Full catalogue: 4 entries in Forms and Artifacts.",C/E,SEBI / stock exchanges; compliance officer,Internal restricted SDD; exchange disclosure route,P/H,Sector,Family seed; atomic legal QA required,"Automate drafting, checks and evidence tracking only. Human legal/technical decisions, physical controls, testing, certification and authority action remain outside autonomous completion.","PIT,SEBI",https://www.sebi.gov.in/legal/regulations/jan-2015/sebi-prohibition-of-insider-trading-regulations-2015-issued-on-15-jan-2015-_28884.html
F70,G Specialist regulated sectors,Securities acquisitions and capital issues,SEBI SAST Regulations; ICDR Regulations and related instruments,"Acquirers, persons acting in concert, issuers and intermediaries in covered transactions",holding/voting change; control; encumbrance; issue type; investor class; thresholds,Acquisition/encumbrance disclosures; open-offer workflow where triggered; issue disclosures and approvals,"SAST acquisition / disposal / encumbrance disclosure; Open-offer announcement / offer documents; Issue offer document / placement memorandum; Allotment / post-issue / proceeds reporting
Full catalogue: 4 entries in Forms and Artifacts.",E/transaction-prescribed,SEBI / stock exchanges / registered intermediaries,SEBI / exchange / merchant-banker route,P/H,Sector,Family seed; atomic legal QA required,"Automate drafting, checks and evidence tracking only. Human legal/technical decisions, physical controls, testing, certification and authority action remain outside autonomous completion.","SEBI,LAW",https://www.sebi.gov.in/sebiweb/home/HomeAction.do?doListingAll=yes&search=Listing
F71,G Specialist regulated sectors,Insurance regulatory compliance,"Insurance Acts; IRDAI regulations, master circulars and returns",Insurers and insurance intermediaries by licence class,licence; insurer/intermediary role; line of business; solvency; product; reporting schedule,Financial/solvency and governance reports; distribution/product/claims controls; complaints; licence conditions,"IRDAI financial / solvency return catalogue; Product / distribution / licence submissions; Claims / grievance prescribed reporting; Regulatory audit / actuarial certifications
Full catalogue: 4 entries in Forms and Artifacts.","M/Q/A/E, class-specific",IRDAI,IRDAI prescribed reporting / supervisory systems,P/H,Sector,Family seed; atomic legal QA required,"Automate drafting, checks and evidence tracking only. Human legal/technical decisions, physical controls, testing, certification and authority action remain outside autonomous completion.",IRDAI,https://irdai.gov.in/
F72,G Specialist regulated sectors,Real estate regulation,"RERA Act 2016; state rules, regulations and orders","Registrable real-estate projects, promoters and agents",state; project area/units; planning area; phase; exemption; project accounts,Project/agent registration; periodic project updates; separate-account and withdrawal controls; audit and completion disclosures,"RERA project / agent registration; Project progress / status update; Architect / engineer / CA certificates; Project account annual audit
Full catalogue: 6 entries in Forms and Artifacts.","Q/A/E/L, state-specific",State / UT Real Estate Regulatory Authority,Relevant state RERA portal,P/H,Sector,Jurisdiction-specific QA required,"Automate drafting, checks and evidence tracking only. Human legal/technical decisions, physical controls, testing, certification and authority action remain outside autonomous completion.","RERA,LAW",https://maharera.maharashtra.gov.in/
F73,G Specialist regulated sectors,Healthcare establishment licensing,Clinical Establishments Act 2010 where adopted; state hospital/nursing-home laws,Healthcare facilities in the applicable state legal regime,state adoption; facility type; beds; services; laboratory; professionals; licence,Register/renew; meet prescribed minimum standards; retain clinical/statutory records and report where required,"Clinical establishment / hospital registration; Clinical / service standards compliance record; Prescribed establishment return; Professional credentials / facility inspection evidence
Full catalogue: 4 entries in Forms and Artifacts.",C/periodic/E/L,State health department / district registering authority,Clinical Establishments / state health portal,P/H,Sector,Jurisdiction-specific QA required,"Automate drafting, checks and evidence tracking only. Human legal/technical decisions, physical controls, testing, certification and authority action remain outside autonomous completion.",CLINIC,https://clinicalestablishments.mohfw.gov.in/
F74,G Specialist regulated sectors,Foreign contribution,FCRA 2010; FCR Rules as amended,Persons/entities receiving or proposing to receive regulated foreign contribution,recipient eligibility; donor/source; purpose; registration/prior permission; bank account; utilisation,Authorisation before receipt; designated bank/account records; annual return; renewal and change intimations,"FC-3A; FC-3B; FC-3C; FC-4
Full catalogue: 6 entries in Forms and Artifacts.",A/E/L/C,MHA FCRA Wing; designated bank,FCRA Online,P/S/H,Sector,Family seed; atomic legal QA required,"Preparation, calculation and validation can be automated. Submission needs authorised access and approval; payment, DSC/OTP, professional certification, physical compliance and regulator acceptance are separate gates.",FCRA,https://fcraonline.nic.in/home/index.aspx
F75,G Specialist regulated sectors,Special economic zones,SEZ Act 2005; SEZ Rules 2006 and instructions,"SEZ units, developers and co-developers by approval",role; zone; LOA; authorised operations; imports; exports; NFE period,Maintain approval and bonded-operation records; annual performance/NFE reporting; authorised movements and extensions,"SEZ Letter of Approval / extension; Annual Performance Report; Net foreign exchange computation; Bond / legal undertaking and movement records
Full catalogue: 5 entries in Forms and Artifacts.",T/A/E/L,Development Commissioner / Board of Approval / Customs,SEZ Online / Development Commissioner / Customs channels,P/S/H,Sector,Family seed; atomic legal QA required,"Preparation, calculation and validation can be automated. Submission needs authorised access and approval; payment, DSC/OTP, professional certification, physical compliance and regulator acceptance are separate gates.",SEZ,https://sezindia.gov.in/
