Seed ID,Family ID,Obligation seed,Frequency,Applicability / event,Due-rule seed,Required inputs,Completion artifacts / evidence,Automation,Activation / QA gate,Source URLs
O001,F01,Prepare and file company annual financial statements,A,Applicable company and financial year,"AGM-linked statutory clock; class, extension and current rule must resolve",Audited accounts; board report; AGM; company class,Applicable AOC-4 variant + SRN + acceptance,P/S/H,Needs provision/period approval,https://www.mca.gov.in/
O002,F01,Prepare and file company annual return,A,Company class and financial year,AGM-linked statutory clock; do not use a single fixed calendar date,Share capital; members; directors; meetings; financial year,MGT-7 or MGT-7A; certification if applicable,P/S/H,Needs class/certification approval,https://www.mca.gov.in/
O003,F01,File director KYC under new cycle,3-year/E,Covered DIN and prior KYC status,"For previously compliant directors, next stated filing by 30 June 2028; model status-specific exceptions",DIN; prior KYC; contact/address changes,KYC intimation + acknowledged status,P/S/H,Selected amendment checked; confirm individual status,https://www.mca.gov.in/
O004,F01,Submit specified-company MSME payment report,H,Company covered by current specified-company order,Half-year/reporting-event rule; verify current deadline and amendments,Supplier status; accepted invoices; outstanding amount; reason,MSME-1 + acknowledgement,P/S/H,Link F04 data; no duplicate filing,https://www.mca.gov.in/
O005,F02,Submit LLP accounts and solvency statement,A,LLP and applicable financial year,Rule-defined year-end clock; validate extensions,Accounts; partner approval; contribution; audit condition,LLP Form 8 + acknowledgement,P/S/H,Needs current rule and schema QA,https://www.mca.gov.in/
O006,F02,Submit LLP annual return,A,LLP and applicable financial year,Rule-defined financial-year-end clock; validate extensions,Partners; contribution; ownership; changes,LLP Form 11 + acknowledgement,P/S/H,Needs current rule and schema QA,https://www.mca.gov.in/
O007,F04,Detect late payment to eligible MSE supplier,C/M,Eligible micro/small supplier invoice accepted or deemed accepted,"Compute from legal acceptance/credit rule, not invoice date alone",Udyam/status; delivery; acceptance; dispute; payment terms,Ageing exception; interest computation; payment evidence,P/S/H,Legal limit and exceptions require approval,https://ramp.msme.gov.in/ramp/RAMP-initiative/msme-samadhaan/msme-samadhaan
O008,F05,Report outward supplies,M/Q,GSTIN and selected taxpayer/QRMP class,Notification-backed taxpayer-period rule + extensions,Invoices; credit/debit notes; exports; reconciliations,GSTR-1 + ARN/status,P/I*/S/H,Selected class and current schema required,https://tutorial.gst.gov.in/userguide/returns/index.htm
O009,F05,Declare liability and discharge GST,M/Q,GSTIN with filing obligation,Taxpayer-class / state-group rule + extensions,Output tax; credit; cash ledger; adjustments,GSTR-3B; payment; filed status,P/I*/S/H,Separate nil obligation from non-applicability,https://tutorial.gst.gov.in/userguide/returns/index.htm
O010,F05,Reconcile input tax credit,M,GSTIN with relevant purchases/ITC,Before applicable return approval; this control is not itself a filed return,Purchase ledger; GSTR-2B; eligibility and reversals,Reconciliation and exception decision,P/I*/S/H,GSTR-2B is generated; human eligibility exceptions,https://tutorial.gst.gov.in/userguide/returns/index.htm
O011,F05,Generate applicable e-invoice IRN,T,Covered person and covered invoice/document,Transaction-specific legal/portal reporting window,Invoice; GSTIN; item and tax data; schema version,IRN; signed data/QR; immutable invoice link,P/I*/S/H,Approved API access only; exclusions checked,https://tutorial.gst.gov.in/userguide/returns/index.htm
O012,F05,Generate applicable e-waybill,T,Movement meeting rule and exemption tests,Before movement where required; validate permitted updates/validity,Consignor/consignee; value; mode; distance; vehicle,E-waybill + movement evidence,P/I*/S/H,Not every invoice requires an e-waybill,https://tutorial.gst.gov.in/userguide/returns/index.htm
O013,F06,File new-regime salary TDS statement,Q,Form 138 applies to relevant tax year and deductor,Base Q1/Q2/Q3/Q4 dates: 31 July / 31 October / 31 January / 31 May; override valid extensions,TAN; payroll; deductions; challans; current RPU/FVU,Form 138; verification; acceptance/rejection status,P/S/H,Official manual checked; year and correction type gate,https://www.incometaxindia.gov.in/income-tax-act-20251_old
O014,F06,Prepare annual income-tax return,A,Taxpayer and financial/tax year,Class-specific statutory due rule + valid extensions,Accounts; tax adjustments; schedules; audit; prior filings,Applicable period-specific ITR + verification,P/S/H,"Select regime by period, not upload date",https://www.incometaxindia.gov.in/income-tax-act-20251_old
O015,F06,Prepare transaction-linked TDS statement,T/E,Transaction qualifying under Form 141 schedule,Schedule-specific deduction/payment/reporting clock,Buyer/payer; payee; transaction; amount; tax; schedule,Form 141 and challan/status,P/S/H,Validate schedule and operative regime,https://www.incometaxindia.gov.in/income-tax-act-20251_old
O016,F08,Confirm or update IEC,A,Active IEC subject to annual confirmation,Base annual April-June window; check later amendments/extensions,IEC; addresses; directors; bank; current particulars,Updated/confirmed IEC status,P/S/H,Base DGFT notification; current window verification gate,https://content.dgft.gov.in/Website/dgftprod/74893b60-2434-4b7c-b90d-ee9fe0eb7320/Notification%2058%20Date%2012-02-2021%20English.pdf
O017,F09,Submit foreign liabilities and assets return,A,Entity with applicable foreign investment/assets reporting scope,RBI FLA rule and annual directions; not blanket all companies,Foreign liabilities/assets; valuation; accounts; entity code,FLA acknowledgement,P/S/H,Current RBI schedule needs atomic QA,https://www.rbi.org.in/Scripts/BS_ViewMasDirections.aspx?id=10202
O018,F11,Remit professional tax,M/Q/A,"State, registration and covered payroll class",Resolve state-specific period and deadline,State payroll; slabs; exemptions; registration,PT challan + reconciliation,P/S/H,State rule/version mandatory,https://indiacode.gov.in/
O019,F13,Validate minimum wages and overtime,Payroll,Employee within relevant provision/notification,Every applicable payroll/payment period,State/appropriate government; skill/zone; wage components; attendance,Exception-approved wage computation,P/S/H,"Wage rate is a versioned notification, not one national value",https://www.labour.gov.in/static/uploads/2026/05/6eb0c35ba63b776487a025e5123b6b12.pdf
O020,F13,Issue wage slip,Payroll,Employee covered by applicable wage-slip rule,Applicable payroll/payment timing rule,Approved payroll; attendance; deductions,Wages Form V or legally applicable equivalent + delivery evidence,P/S/H,Selected central form checked; state applicability pending,https://www.labour.gov.in/static/uploads/2026/05/6eb0c35ba63b776487a025e5123b6b12.pdf
O021,F13,Maintain attendance-cum-muster,D,Covered employees and applicable record rule,At attendance event / prescribed interval,Attendance; employee; shift; establishment,Wages Form IX or applicable shared record,P/S/H,Record maintenance is not annual filing,https://www.labour.gov.in/static/uploads/2026/05/6eb0c35ba63b776487a025e5123b6b12.pdf
O022,F14,Prepare EPFO ECR and contribution,M,Covered establishment and members,Applicable scheme monthly deadline + circular extensions,Wage base; UAN/member status; payroll; contributions,ECR; challan; payment; reconciliation,P/S/H,Scheme/portal and Code transition must be reconciled,https://www.labour.gov.in/static/uploads/2026/05/49aa9b62c2125499c37399b90e969d67.pdf
O023,F14,Prepare ESIC contributions,M,Covered establishment and insured persons,Applicable scheme deadline + valid extensions,Insured-person details; wage base; payroll; coverage,ESIC contribution submission + paid challan,P/S/H,Do not derive ESI coverage from EPF flag,https://www.labour.gov.in/static/uploads/2026/05/49aa9b62c2125499c37399b90e969d67.pdf
O024,F14,Maintain women employees register,C/E,Applicable Social Security central rule and establishment,Update as required by record rule,Employee and benefit-related fields; access control,Social Security Form XXII,P/S/H,Selected central form checked; protect sensitive fields,https://www.labour.gov.in/static/uploads/2026/05/49aa9b62c2125499c37399b90e969d67.pdf
O025,F14,Prepare integrated annual social-security return,A,Applicable central Social Security annual-return rule,"Resolve exact rule date, government and portal implementation",Shared registers; benefit/contribution/establishment data,Social Security Form XXIII + status,P/S/H,Do not confuse OSH Form XXIII,https://www.labour.gov.in/static/uploads/2026/05/49aa9b62c2125499c37399b90e969d67.pdf
O026,F15,Prepare annual OSH return,A,Covered establishment under applicable central rule,Applicable rule date and operative portal schema,Workforce; hours; safety; welfare; events,OSH Form XVII + acknowledgement,P/S/H,Selected central form checked; state rule gate,https://www.labour.gov.in/static/uploads/2026/05/ee246f790cad0b8e99c3828f34fa09a6.pdf
O027,F15,Prepare contractor half-yearly return,H,Covered contractor under applicable rule,Applicable half-year close + prescribed period,Contracts; workers; principal employer; work/benefit data,OSH Form XVIII + acknowledgement,P/S/H,Do not impose on all establishments as contractor,https://www.labour.gov.in/static/uploads/2026/05/ee246f790cad0b8e99c3828f34fa09a6.pdf
O028,F15,Report accident / dangerous occurrence,E,Qualifying occurrence and responsible duty holder,Incident-type statutory clock; escalate immediately for legal classification,Incident timing; affected persons; site; medical/factual evidence,OSH Form XI / applicable report + receipt,P/S/H,Human incident judgement; no false no-incident declaration,https://www.labour.gov.in/static/uploads/2026/05/ee246f790cad0b8e99c3828f34fa09a6.pdf
O029,F17,Maintain establishment registration and change notices,E/L,State S&E scope and establishment facts,State-specific commencement/change/renewal rule,Address; activity; workforce; establishment class,Registration/intimation/updated record,P/S/H,Some states use intimation/perpetual validity; no blanket annual renewal,https://mahakamgar.maharashtra.gov.in/Site/Upload/PDF/Regulation_of_Employment_Conditions_of_Service_Rules_2018.pdf
O030,F18,Calculate and remit labour welfare contribution,State period,"State, employer and employee-class coverage",State monthly/half-yearly/annual rule,Payroll; employee exclusions; employer/employee rate,LWF statement + paid challan,P/S/H,No national uniform contribution date,https://indiacode.gov.in/
O031,F20,Prepare Internal Committee annual report,A,Constituted IC and applicable reporting year,Act/rules plus district-specific submission instructions,Case counts; disposal; training; prescribed aggregate fields,IC annual report + employer/District Officer receipt,P/H,No disclosure of unnecessary personal complaint information,https://wcd.gov.in/documents/uploaded/1710503093.pdf
O032,F25,Renew or amend local trade licence,L/E,Applicable local licence and premises,Actual licence validity or event clock,Licence; premises; activity; changed particulars,Renewed licence / amendment acknowledgement,P/S/H,Local bylaw and permit condition authority,https://www.nsws.gov.in/
O033,F26,Maintain fire-safety evidence,Periodic,Premises and applicable fire conditions,"Equipment, NOC or local certificate cycle",Equipment inventory; contractor tests; drills; defects,Signed test/maintenance records; remedial closure,P/H,Physical checks cannot be inferred from an uploaded certificate alone,https://www.nsws.gov.in/
O034,F35,Monitor and report effluent compliance,Consent cycle,Applicable water consent and conditions,Condition-specific sampling and reporting cadence,Samples; accredited results; flow; standards; condition version,Test results + submission + corrective-action record,P/S/H,Laboratory sampling and truthful measurement remain human/physical,https://cpcb.gov.in/
O035,F37,Submit environmental statement,A,Unit within Form V scope,Base annual 30 September rule; verify applicable amendments/extensions,Water/raw materials; pollutants; waste; resource data,Form V and filing receipt,P/S/H,Source provision and current state route to be approved,https://moef.gov.in/uploads/2017/06/2The%20Environment%20%28Protection%29%20Rules%2C%201986.pdf
O036,F39,Submit hazardous-waste annual return,A,Occupier/operator with reporting duty,Base 30 June rule for preceding financial year; verify amendments/extensions,Form 3 records; manifests; quantities; disposal evidence,Form 4 + acknowledgement,P/S/H,"Waste code, actor and current rule gate",https://cpcb.gov.in/rules/
O037,F40,Reconcile plastic EPR obligations,A/periodic,Applicable producer/importer/brand owner class,Rule/portal period; current targets and extensions,Packaging ledger; sales/imports; category; valid certificates,Target-versus-evidence reconciliation and prescribed return,P/S/H,Validate certificate provenance; no assurance from purchase alone,https://cpcb.gov.in/rules-4/
O038,F44,Prepare biomedical-waste annual report,A,Relevant occupier/operator under current rules,Current rule including April 2026 amendment; do not hardcode unchecked legacy date,Waste generation; treatment; training; incidents; handover,Current annual-report schema + receipt,P/S/H,2026 amendment comparison required before activation,https://cpcb.gov.in/rules-3/
O039,F53,Prepare food-business annual return,A,Covered licensed manufacturer/repacker/relabeller/importer,Base D-1 filing by 31 May; current extensions and coverage must resolve,Food production/import/handling data; licence; category,D-1 on FoSCoS + acknowledgement,P/S/H,D-2 not assumed current without source validation,https://www.fssai.gov.in/upload/advisories/2024/04/661e73c35373eRevised%20annual%20return.pdf
O040,F55,Track compulsory product certification,E/L,Product/model and operative QCO,QCO effective date; certification/retention/surveillance calendar,Product spec; standard; model; factory; licence; tests,Valid certification and test trail,P/S/H,Different model/factory cannot inherit certificate automatically,https://www.bis.gov.in/product-certification/products-under-compulsory-certification/
O041,F60,Stage DPDP readiness and activated duties,C/E,Specific provision operative and facts within scope,"Rule-specific commencement, then duty/event clock",Processing facts; notice/consent; role; designation; commencement,"Readiness evidence or operative-duty instance, explicitly separated",P/H,Future readiness must not appear as current statutory non-compliance,https://www.meity.gov.in/static/uploads/2025/11/53450e6e5dc0bfa85ebd78686cadad39.pdf
O042,F61,Report specified cyber incident to CERT-In,E,Covered entity and listed incident noticed/brought to notice,Six hours for covered incidents under direction; capture trigger timestamp,Incident class; discovered time; systems; facts available; follow-up plan,Initial report + acknowledgement + subsequent updates,P/S/H,Human verification/escalation; no wait for complete forensics,https://www.cert-in.org.in/PDF/CERT-In_Directions_70B_28.04.2022.pdf
O043,F68,Submit listed-entity financial/governance filing,Q/periodic,Listing/security/class under current SEBI/exchange requirements,Current integrated-filing schedule and category exceptions,Approved financials; governance; audit/limited review; exchange schema,Exchange submission/status + approved supporting documents,P/S/H,Do not activate obsolete standalone schemas without current mapping,https://www.sebi.gov.in/sebiweb/home/HomeAction.do?doListingAll=yes&search=Listing
O044,F69,Record sharing of UPSI in SDD,E,Entity and information-sharing event covered by PIT rule,Contemporaneous event-based recording under current rule,Nature of UPSI; sharing identities; identifiers; timestamps,Restricted tamper-evident SDD entry,P/H,Do not put sensitive SDD contents in unrestricted general evidence storage,https://www.sebi.gov.in/legal/regulations/jan-2015/sebi-prohibition-of-insider-trading-regulations-2015-issued-on-15-jan-2015-_28884.html
O045,F74,Submit FCRA annual return,A,Recipient / registration or permission with applicable duty,Current FCRA annual rule and any valid extension,Foreign receipts; utilisation; balances; bank; audited accounts,FC-4 + acknowledgement,P/S/H,Nil reporting and exceptions must be separately tested,https://fcraonline.nic.in/home/index.aspx
