Source ID,Official source / document,Plain-text URL,Research date,What was checked / remaining limitation
CORP,"ICAI: director KYC amendment, effective 31 March 2026",https://icai.org/post/23656,2026-09-30 00:00:00,Selected KYC transition verified. Not evidence that every Companies Act form in the catalogue has been checked.
LAW,India Code: official legislation repository,https://indiacode.gov.in/,2026-09-30 00:00:00,"Discovery source only. Exact Act, rule, provision and amendment chain must be attached before production."
MCA,Ministry of Corporate Affairs portal,https://www.mca.gov.in/,2026-09-30 00:00:00,Operational portal reference. Individual V3 form schema and thresholds require verification.
MSME,Ministry of MSME: Samadhaan / delayed payments,https://ramp.msme.gov.in/ramp/RAMP-initiative/msme-samadhaan/msme-samadhaan,2026-09-30 00:00:00,Framework and dispute route located; statutory payment and reporting subrules need atomic validation.
GST,GST portal: returns user-guide index,https://tutorial.gst.gov.in/userguide/returns/index.htm,2026-09-30 00:00:00,"Official return-family reference. Taxpayer class, exemptions and period-specific schemas must be selected."
GSTAPI,"GST: e-invoice/e-way bill API advisory, June 2026",https://tutorial.gst.gov.in/downloads/news/advisory_einvoice_api_ewb_by_irn_approved.pdf,2026-09-30 00:00:00,"Documented integration exists for specified services, subject to credentials, onboarding and current schema."
TAX,Income Tax Department: Income-tax Act 2025 and rules hub,https://www.incometaxindia.gov.in/income-tax-act-20251_old,2026-09-30 00:00:00,New Act / 2026 rules framework and form crosswalk utilities.
TAXTRANS,Income Tax Department: interplay and transition FAQs,https://www.incometaxindia.gov.in/documents/20117/43120/Updated-FQAs-on-Interplay&Transitions.pdf/dda21cfd-28be-d931-ad5c-6459ecbd2ea7?download=true&t=1775128133037&version=2.0,2026-09-30 00:00:00,Old/new regime coexistence checked. Do not use proposed dates in this FAQ as final enacted deadlines.
T138,Income Tax Department: Form 138 manual,https://www.incometax.gov.in/iec/foportal/newformpage/forms/form138-um,2026-09-30 00:00:00,Form 138 replaces 24Q for relevant new-regime periods; quarterly recurrence and workflow checked.
T141,Income Tax Department: Form 141 manual,https://www.incometax.gov.in/iec/foportal/help/all-topics/e-filing-services/form-141-challan-cum-statement-deduction-tax-us-3931-UM,2026-09-30 00:00:00,Form 141 consolidated transaction-linked challan-cum-statement; schedule and tax-year selection required.
CUSTOMS,ICEGATE,https://www.icegate.gov.in/,2026-09-30 00:00:00,Operational portal reference. Customs form-level and commodity-specific validation pending.
DGFT,DGFT: IEC annual update notification,https://content.dgft.gov.in/Website/dgftprod/74893b60-2434-4b7c-b90d-ee9fe0eb7320/Notification%2058%20Date%2012-02-2021%20English.pdf,2026-09-30 00:00:00,Base IEC annual confirmation rule. Check subsequent notifications and extensions for each year.
FEMA,"RBI: Master Direction, Reporting under FEMA, updated 23 September 2026",https://www.rbi.org.in/Scripts/BS_ViewMasDirections.aspx?id=10202,2026-09-30 00:00:00,Current master-direction reference located. Individual schedules and AD-bank channels need atomic validation.
NSWS,National Single Window System,https://www.nsws.gov.in/,2026-09-30 00:00:00,"Discovery of central/state approvals. Not a substitute for a state Act, bylaw, order or permit condition."
WAGE,Code on Wages (Central) Rules 2026,https://www.labour.gov.in/static/uploads/2026/05/6eb0c35ba63b776487a025e5123b6b12.pdf,2026-09-30 00:00:00,"Selected central forms I, IV, V and IX checked; appropriate government and state rules must be resolved."
SS,Social Security (Central) Rules 2026,https://www.labour.gov.in/static/uploads/2026/05/49aa9b62c2125499c37399b90e969d67.pdf,2026-09-30 00:00:00,Selected cross-referenced wage registers and forms XXII / XXIII checked; schemes and chapter applicability remain separate.
OSH,"Occupational Safety, Health and Working Conditions (Central) Rules 2026",https://www.labour.gov.in/static/uploads/2026/05/ee246f790cad0b8e99c3828f34fa09a6.pdf,2026-09-30 00:00:00,Central annexed form index checked; not automatically applicable to every state establishment.
IR,Industrial Relations (Central) Rules 2026,https://www.labour.gov.in/static/uploads/2026/05/f05a2c220dcdec0ea9c55e84d9ff791f.pdf,2026-09-30 00:00:00,"Official rule document located. Exact forms, thresholds and state variants pending atomic QA."
EPF,EPFO: employer information booklet,https://www.epfindia.gov.in/site_docs/PDFs/MiscPDFs/Employer_Information_Booklet.pdf,2026-09-30 00:00:00,"ECR workflow reference; reconcile with current schemes, circulars and transitional rules."
ESI,ESIC contribution-period circular,https://www.esic.gov.in/attachments/circularfile/1bec56cc7d380aed62fcd1970f0acb00.pdf,2026-09-30 00:00:00,Legacy operational contribution reference; check current scheme/circular and legal transition before activation.
SHOPS,Maharashtra Shops and Establishments Rules 2018,https://mahakamgar.maharashtra.gov.in/Site/Upload/PDF/Regulation_of_Employment_Conditions_of_Service_Rules_2018.pdf,2026-09-30 00:00:00,Illustrative state source only; later amendments and every other state require separate approval.
POSH,Ministry of Women and Child Development: POSH handbook,https://wcd.gov.in/documents/uploaded/1710503093.pdf,2026-09-30 00:00:00,Core employer / Internal Committee framework. District reporting formats and current directions need local verification.
APP,"Apprenticeship Rules 1992, official education authority copy",https://boatwr.education.gov.in/wp-content/uploads/2023/08/Apprenticeship-rules-1992-1.pdf,2026-09-30 00:00:00,"Base rule reference; current amendments, coverage and stipend notifications must be checked."
CHILD,PENCIL: child and adolescent labour legislation,https://pencil.gov.in/Users/acts,2026-09-30 00:00:00,"Official legislation index; age, activity and hazardous-work applicability need legal review."
PWD,Department of Empowerment of Persons with Disabilities: Acts,https://depwd.gov.in/en/acts/,2026-09-30 00:00:00,Act and rule references. Private-employer obligations must not be confused with government reservation rules.
TRANS,"Transgender Persons (Protection of Rights) Rules 2020, official court copy",https://thc.nic.in/Central%20Governmental%20Rules/Transgender%20Persons%20%28Protection%20of%20Rights%29%20Rules%2C%202020.pdf,2026-09-30 00:00:00,Employer policy and complaint mechanism framework; identity-certificate applications are not employer returns.
CEA,Central Electricity Authority,https://cea.nic.in/,2026-09-30 00:00:00,"Safety-regulation discovery source; applicable equipment, inspector and state rules require verification."
BEE,Bureau of Energy Efficiency,https://beeindia.gov.in/,2026-09-30 00:00:00,Regulator/portal reference only; designated-consumer and product/building rules require separate validation.
BOILER,PIB / DPIIT: Boilers Act 2025 implementation,https://www.pib.gov.in/PressReleasePage.aspx?PRID=2230140,2026-09-30 00:00:00,Boilers Act 2025 operative from 1 May 2025; subordinate technical and state rules need asset-level mapping.
PESO,Petroleum and Explosives Safety Organisation,https://www.peso.gov.in/web/en,2026-09-30 00:00:00,"Primary regulator index; petroleum, cylinder and pressure-vessel licence forms need category-specific mapping."
MOTOR,Parivahan / Ministry of Road Transport and Highways,https://parivahan.gov.in/parivahan/,2026-09-30 00:00:00,Operational portal reference; vehicle class and state permit conditions require verification.
PSARA,MHA: Private Security Agencies Licensing Portal,https://psara.gov.in/,2026-09-30 00:00:00,Act/model rules/notifications index; controlling-authority and state licence conditions vary.
CPCB,Central Pollution Control Board: official regulatory index,https://cpcb.gov.in/,2026-09-30 00:00:00,"Discovery source for Air, Water, EPA and noise rules. State consents and exact rule provisions still required."
EPA,"Environment (Protection) Rules 1986, official ministry copy",https://moef.gov.in/uploads/2017/06/2The%20Environment%20%28Protection%29%20Rules%2C%201986.pdf,2026-09-30 00:00:00,Base Form V reference; current amendments and covered-unit applicability must be checked.
PARI,PARIVESH environmental / forest / wildlife clearance system,https://parivesh.nic.in/,2026-09-30 00:00:00,Project permission portal reference. Exact clearance conditions and reporting frequencies are project-specific.
HW,CPCB: Hazardous and Other Wastes rules,https://cpcb.gov.in/rules/,2026-09-30 00:00:00,"Rule/amendment index, including used-oil and tyre branches. Not all current subrule schemas individually checked."
PLASTIC,CPCB: Plastic Waste rules,https://cpcb.gov.in/rules-4/,2026-09-30 00:00:00,"Primary rule-family index; current EPR portal orders, amendments and producer classes need validation."
EWASTE,CPCB: E-Waste rules,https://cpcb.gov.in/rules-6/,2026-09-30 00:00:00,"2022 rule family and amendments; use current portal schemas, not automatically the repealed 2016 forms."
BATTERY,CPCB: Battery Waste rules,https://cpcb.gov.in/rules-5/,2026-09-30 00:00:00,2022 rules and 2025 amendment listed; producer/recycler/refurbisher roles must be separated.
SWM,Government: Solid Waste Management Rules 2026,https://www.pib.gov.in/PressReleasePage.aspx?PRID=2219676&lang=1&reg=3,2026-09-30 00:00:00,"2026 rules replace 2016 framework, effective 1 April 2026; category-specific new forms need legal QA."
SWMP,CPCB solid-waste portal,https://swm.cpcb.gov.in/,2026-09-30 00:00:00,Operational channel for 2026 framework. Portal availability does not prove an unrestricted API.
BMW,CPCB: Biomedical Waste rules and amendments,https://cpcb.gov.in/rules-3/,2026-09-30 00:00:00,2016 rules plus amendment dated 17 April 2026 listed. Legacy form numbering must be reconciled to amendment.
CDW,CPCB: Construction and Demolition Waste rules,https://cpcb.gov.in/rules-7/,2026-09-30 00:00:00,2025 rules listed alongside legacy 2016 rules; new-role applicability and templates require validation.
EPR,CPCB: official EPR portal directory,https://cpcb.gov.in/all-epr-portals-of-cpcb/,2026-09-30 00:00:00,"Separate streams include plastic, batteries, e-waste, used oil, tyres and end-of-life vehicles; do not merge their duties."
GROUND,Central Ground Water Authority NOC portal,https://cgwa-noc.gov.in/,2026-09-30 00:00:00,"Operational portal reference; central/state jurisdiction, area category and NOC conditions need site-specific review."
BIO,National Biodiversity Authority,https://www.nbaindia.nic.in/,2026-09-30 00:00:00,Current ABS / amended-law portal reference; old form numbering should not be carried forward without validation.
FSSAI,FSSAI: revised annual return instructions,https://www.fssai.gov.in/upload/advisories/2024/04/661e73c35373eRevised%20annual%20return.pdf,2026-09-30 00:00:00,D-1 annual-return framework for covered food businesses; licence thresholds and later amendments need separate checks.
FOSCOS,FoSCoS annual return portal,https://foscos.fssai.gov.in/annualreturn/,2026-09-30 00:00:00,Operational filing route; do not activate legacy D-2 without checking current requirements.
LM,Department of Consumer Affairs: Legal Metrology,https://consumeraffairs.gov.in/pages/legal-metrology-act,2026-09-30 00:00:00,"Primary law-family reference; state licences, package-category exemptions and central registrations differ."
BIS,BIS: products under compulsory certification,https://www.bis.gov.in/product-certification/products-under-compulsory-certification/,2026-09-30 00:00:00,QCO/product-specific applicability reference; certification scheme and model scope determine artifacts.
DRUG,CDSCO: Acts and Rules,https://cdsco.gov.in/opencms/opencms/en/Acts-Rules/,2026-09-30 00:00:00,"Drugs, Cosmetics Rules 2020 and Medical Devices Rules 2017 source index; individual licence classes require specialist QA."
AGRI,"Directorate of Plant Protection, Quarantine and Storage",https://ppqs.gov.in/,2026-09-30 00:00:00,"Regulator reference for insecticides; current forms, state licences and product registrations not individually validated."
DPDP,Digital Personal Data Protection Rules 2025,https://www.meity.gov.in/static/uploads/2025/11/53450e6e5dc0bfa85ebd78686cadad39.pdf,2026-09-30 00:00:00,Phased commencement verified. Distinguish currently operative provisions from future-effective substantive duties.
CERT,"CERT-In directions under section 70B, 28 April 2022",https://www.cert-in.org.in/PDF/CERT-In_Directions_70B_28.04.2022.pdf,2026-09-30 00:00:00,Specified incident reporting and logging obligations; entity scope and incident classification matter.
MEITY,Ministry of Electronics and Information Technology,https://www.meity.gov.in/,2026-09-30 00:00:00,Primary discovery source for IT Act / intermediary-rule current versions; individual current amendments require validation.
CONSUMER,Department of Consumer Affairs: consumer protection Acts,https://consumeraffairs.gov.in/pages/consumer-protection-acts,2026-09-30 00:00:00,Primary legislation index; e-commerce/direct-selling duties require entity-role and amendment checks.
ECOM,"Consumer Protection (E-Commerce) Rules 2020, official court copy",https://thc.nic.in/Central%20Governmental%20Rules/Consumer%20Protection%20%28E-Commerce%29%20Rules%2C%202020.pdf,2026-09-30 00:00:00,"Base rule reference, not a fully consolidated September 2026 instrument."
TRAI,"TRAI: consolidated TCCCPR 2018, 21 May 2026",https://trai.gov.in/node/3199,2026-09-30 00:00:00,Commercial-communications rule source; subsequent amendments and access-provider implementation must be checked.
CCI,Competition Commission of India,https://www.cci.gov.in/,2026-09-30 00:00:00,"Primary discovery source. Current combination thresholds, exemptions and transaction forms require specialist validation."
RBI,Reserve Bank of India: notifications / directions,https://www.rbi.org.in/Scripts/NotificationUser.aspx,2026-09-30 00:00:00,"Discovery source only. Bank/NBFC class, layer and return-code catalogue must be expanded before production."
FIU,FIU-IND: PMLA / AML notifications,https://fiuindia.gov.in/files/AML_Legislation/notification.html,2026-09-30 00:00:00,"Reporting-entity framework; FINnet schemas, transaction classes and exact clocks need specialist validation."
SEBI,SEBI: listing regulations and master-circular index,https://www.sebi.gov.in/sebiweb/home/HomeAction.do?doListingAll=yes&search=Listing,2026-09-30 00:00:00,2026 LODR consolidated instruments indexed; exact integrated-filing schemas and category exemptions require validation.
PIT,SEBI: Prohibition of Insider Trading Regulations,https://www.sebi.gov.in/legal/regulations/jan-2015/sebi-prohibition-of-insider-trading-regulations-2015-issued-on-15-jan-2015-_28884.html,2026-09-30 00:00:00,"Base source; use current consolidated amendments for final obligations, including covered products/entities."
IRDAI,Insurance Regulatory and Development Authority of India,https://irdai.gov.in/,2026-09-30 00:00:00,Regulator reference only; insurer/intermediary-specific current master circular and returns not individually mapped.
RERA,Maharashtra Real Estate Regulatory Authority,https://maharera.maharashtra.gov.in/,2026-09-30 00:00:00,Illustrative state regulator/portal reference. Do not treat Maharashtra forms as nationally uniform.
CLINIC,MoHFW: Clinical Establishments,https://clinicalestablishments.mohfw.gov.in/,2026-09-30 00:00:00,Central framework and adoption information; state nursing-home/hospital laws may apply instead or additionally.
FCRA,MHA: FCRA online services,https://fcraonline.nic.in/home/index.aspx,2026-09-30 00:00:00,"Operational reference. Registration, prior-permission, renewal, change and annual-return schemas need current validation."
SEZ,Department of Commerce: SEZ India,https://sezindia.gov.in/,2026-09-30 00:00:00,Primary framework/portal reference; unit/developer permissions and reporting must be separately resolved.
