Pilot state,Overlay workstream,Relevant families,Facts and rules to resolve,Validation status,Required primary evidence,Selection note,Discovery source URL
Haryana,Employment and payroll,"F11,F13-F19",Appropriate government; state labour-Code rules; wage zones/skills/rates; S&E coverage/forms; PT existence/slabs; LWF existence/period; holiday notification,Not validated: do not activate duties from this overlay row,State Gazette + department notification + local bylaw/permit + portal schema,"Select states from actual customer footprint; this pilot list is a product recommendation, not market-share data",https://www.nsws.gov.in/
Haryana,Premises and assets,F25-F32,Municipality; trade/health licence; fire category; building/occupancy; electrical inspector; boiler / PESO state interfaces; actual certificate validity,Not validated: do not activate duties from this overlay row,State Gazette + department notification + local bylaw/permit + portal schema,"Select states from actual customer footprint; this pilot list is a product recommendation, not market-share data",https://www.nsws.gov.in/
Haryana,Environment and products,"F35-F50,F54",SPCB industry category/exemptions; combined-consent route; consent conditions; groundwater jurisdiction; waste/local forms; metrology licence/verification,Not validated: do not activate duties from this overlay row,State Gazette + department notification + local bylaw/permit + portal schema,"Select states from actual customer footprint; this pilot list is a product recommendation, not market-share data",https://www.nsws.gov.in/
Delhi,Employment and payroll,"F11,F13-F19",Appropriate government; state labour-Code rules; wage zones/skills/rates; S&E coverage/forms; PT existence/slabs; LWF existence/period; holiday notification,Not validated: do not activate duties from this overlay row,State Gazette + department notification + local bylaw/permit + portal schema,"Select states from actual customer footprint; this pilot list is a product recommendation, not market-share data",https://www.nsws.gov.in/
Delhi,Premises and assets,F25-F32,Municipality; trade/health licence; fire category; building/occupancy; electrical inspector; boiler / PESO state interfaces; actual certificate validity,Not validated: do not activate duties from this overlay row,State Gazette + department notification + local bylaw/permit + portal schema,"Select states from actual customer footprint; this pilot list is a product recommendation, not market-share data",https://www.nsws.gov.in/
Delhi,Environment and products,"F35-F50,F54",SPCB industry category/exemptions; combined-consent route; consent conditions; groundwater jurisdiction; waste/local forms; metrology licence/verification,Not validated: do not activate duties from this overlay row,State Gazette + department notification + local bylaw/permit + portal schema,"Select states from actual customer footprint; this pilot list is a product recommendation, not market-share data",https://www.nsws.gov.in/
Maharashtra,Employment and payroll,"F11,F13-F19",Appropriate government; state labour-Code rules; wage zones/skills/rates; S&E coverage/forms; PT existence/slabs; LWF existence/period; holiday notification,Not validated: do not activate duties from this overlay row,State Gazette + department notification + local bylaw/permit + portal schema,"Select states from actual customer footprint; this pilot list is a product recommendation, not market-share data",https://www.nsws.gov.in/
Maharashtra,Premises and assets,F25-F32,Municipality; trade/health licence; fire category; building/occupancy; electrical inspector; boiler / PESO state interfaces; actual certificate validity,Not validated: do not activate duties from this overlay row,State Gazette + department notification + local bylaw/permit + portal schema,"Select states from actual customer footprint; this pilot list is a product recommendation, not market-share data",https://www.nsws.gov.in/
Maharashtra,Environment and products,"F35-F50,F54",SPCB industry category/exemptions; combined-consent route; consent conditions; groundwater jurisdiction; waste/local forms; metrology licence/verification,Not validated: do not activate duties from this overlay row,State Gazette + department notification + local bylaw/permit + portal schema,"Select states from actual customer footprint; this pilot list is a product recommendation, not market-share data",https://www.nsws.gov.in/
Karnataka,Employment and payroll,"F11,F13-F19",Appropriate government; state labour-Code rules; wage zones/skills/rates; S&E coverage/forms; PT existence/slabs; LWF existence/period; holiday notification,Not validated: do not activate duties from this overlay row,State Gazette + department notification + local bylaw/permit + portal schema,"Select states from actual customer footprint; this pilot list is a product recommendation, not market-share data",https://www.nsws.gov.in/
Karnataka,Premises and assets,F25-F32,Municipality; trade/health licence; fire category; building/occupancy; electrical inspector; boiler / PESO state interfaces; actual certificate validity,Not validated: do not activate duties from this overlay row,State Gazette + department notification + local bylaw/permit + portal schema,"Select states from actual customer footprint; this pilot list is a product recommendation, not market-share data",https://www.nsws.gov.in/
Karnataka,Environment and products,"F35-F50,F54",SPCB industry category/exemptions; combined-consent route; consent conditions; groundwater jurisdiction; waste/local forms; metrology licence/verification,Not validated: do not activate duties from this overlay row,State Gazette + department notification + local bylaw/permit + portal schema,"Select states from actual customer footprint; this pilot list is a product recommendation, not market-share data",https://www.nsws.gov.in/
Tamil Nadu,Employment and payroll,"F11,F13-F19",Appropriate government; state labour-Code rules; wage zones/skills/rates; S&E coverage/forms; PT existence/slabs; LWF existence/period; holiday notification,Not validated: do not activate duties from this overlay row,State Gazette + department notification + local bylaw/permit + portal schema,"Select states from actual customer footprint; this pilot list is a product recommendation, not market-share data",https://www.nsws.gov.in/
Tamil Nadu,Premises and assets,F25-F32,Municipality; trade/health licence; fire category; building/occupancy; electrical inspector; boiler / PESO state interfaces; actual certificate validity,Not validated: do not activate duties from this overlay row,State Gazette + department notification + local bylaw/permit + portal schema,"Select states from actual customer footprint; this pilot list is a product recommendation, not market-share data",https://www.nsws.gov.in/
Tamil Nadu,Environment and products,"F35-F50,F54",SPCB industry category/exemptions; combined-consent route; consent conditions; groundwater jurisdiction; waste/local forms; metrology licence/verification,Not validated: do not activate duties from this overlay row,State Gazette + department notification + local bylaw/permit + portal schema,"Select states from actual customer footprint; this pilot list is a product recommendation, not market-share data",https://www.nsws.gov.in/
Gujarat,Employment and payroll,"F11,F13-F19",Appropriate government; state labour-Code rules; wage zones/skills/rates; S&E coverage/forms; PT existence/slabs; LWF existence/period; holiday notification,Not validated: do not activate duties from this overlay row,State Gazette + department notification + local bylaw/permit + portal schema,"Select states from actual customer footprint; this pilot list is a product recommendation, not market-share data",https://www.nsws.gov.in/
Gujarat,Premises and assets,F25-F32,Municipality; trade/health licence; fire category; building/occupancy; electrical inspector; boiler / PESO state interfaces; actual certificate validity,Not validated: do not activate duties from this overlay row,State Gazette + department notification + local bylaw/permit + portal schema,"Select states from actual customer footprint; this pilot list is a product recommendation, not market-share data",https://www.nsws.gov.in/
Gujarat,Environment and products,"F35-F50,F54",SPCB industry category/exemptions; combined-consent route; consent conditions; groundwater jurisdiction; waste/local forms; metrology licence/verification,Not validated: do not activate duties from this overlay row,State Gazette + department notification + local bylaw/permit + portal schema,"Select states from actual customer footprint; this pilot list is a product recommendation, not market-share data",https://www.nsws.gov.in/
Uttar Pradesh,Employment and payroll,"F11,F13-F19",Appropriate government; state labour-Code rules; wage zones/skills/rates; S&E coverage/forms; PT existence/slabs; LWF existence/period; holiday notification,Not validated: do not activate duties from this overlay row,State Gazette + department notification + local bylaw/permit + portal schema,"Select states from actual customer footprint; this pilot list is a product recommendation, not market-share data",https://www.nsws.gov.in/
Uttar Pradesh,Premises and assets,F25-F32,Municipality; trade/health licence; fire category; building/occupancy; electrical inspector; boiler / PESO state interfaces; actual certificate validity,Not validated: do not activate duties from this overlay row,State Gazette + department notification + local bylaw/permit + portal schema,"Select states from actual customer footprint; this pilot list is a product recommendation, not market-share data",https://www.nsws.gov.in/
Uttar Pradesh,Environment and products,"F35-F50,F54",SPCB industry category/exemptions; combined-consent route; consent conditions; groundwater jurisdiction; waste/local forms; metrology licence/verification,Not validated: do not activate duties from this overlay row,State Gazette + department notification + local bylaw/permit + portal schema,"Select states from actual customer footprint; this pilot list is a product recommendation, not market-share data",https://www.nsws.gov.in/
Telangana,Employment and payroll,"F11,F13-F19",Appropriate government; state labour-Code rules; wage zones/skills/rates; S&E coverage/forms; PT existence/slabs; LWF existence/period; holiday notification,Not validated: do not activate duties from this overlay row,State Gazette + department notification + local bylaw/permit + portal schema,"Select states from actual customer footprint; this pilot list is a product recommendation, not market-share data",https://www.nsws.gov.in/
Telangana,Premises and assets,F25-F32,Municipality; trade/health licence; fire category; building/occupancy; electrical inspector; boiler / PESO state interfaces; actual certificate validity,Not validated: do not activate duties from this overlay row,State Gazette + department notification + local bylaw/permit + portal schema,"Select states from actual customer footprint; this pilot list is a product recommendation, not market-share data",https://www.nsws.gov.in/
Telangana,Environment and products,"F35-F50,F54",SPCB industry category/exemptions; combined-consent route; consent conditions; groundwater jurisdiction; waste/local forms; metrology licence/verification,Not validated: do not activate duties from this overlay row,State Gazette + department notification + local bylaw/permit + portal schema,"Select states from actual customer footprint; this pilot list is a product recommendation, not market-share data",https://www.nsws.gov.in/
