"id","canonical_sector","fin_tags","hq_state","ownership","is_company","note"
"C00029","Defence & Aerospace","","Goa","Central PSU","Y",""
"C00041","Oil & Gas","","Assam","Central PSU","Y",""
"C00042","Telecom","","Delhi","Central PSU","Y",""
"C00044","Telecom","","Delhi","Central PSU","Y",""
"C00049","Chemicals & Fertilisers","","Maharashtra","Central PSU","Y",""
"C00050","Pharma","","Maharashtra","Central PSU","Y",""
"C00051","Pharma","","Uttar Pradesh","Central PSU","Y",""
"C00055","Power","","Uttar Pradesh","Central PSU","Y",""
"C00056","Power","","Uttarakhand","Central PSU","Y",""
"C00057","Power","","Meghalaya","Central PSU","Y",""
"C00058","Power","","Maharashtra","Central PSU","Y",""
"C00059","Power","","Tamil Nadu","Central PSU","Y",""
"C00061","Coal & Mining","","Madhya Pradesh","Central PSU","Y",""
"C00062","Coal & Mining","","Odisha","Central PSU","Y",""
"C00063","Coal & Mining","","Chhattisgarh","Central PSU","Y",""
"C00064","Coal & Mining","","Maharashtra","Central PSU","Y",""
"C00065","Coal & Mining","","Jharkhand","Central PSU","Y",""
"C00066","Coal & Mining","","West Bengal","Central PSU","Y",""
"C00068","Coal & Mining","","Telangana","Central PSU","Y",""
"C00069","Paper, Packaging & Printing","","Kerala","Central PSU","Y",""
"C00070","Paper, Packaging & Printing","","West Bengal","Central PSU","Y",""
"C00071","Capital Goods & Engineering","","West Bengal","Central PSU","Y",""
"C00073","Capital Goods & Engineering","","West Bengal","Central PSU","Y",""
"C00074","Capital Goods & Engineering","","West Bengal","Central PSU","Y",""
"C00075","Capital Goods & Engineering","","West Bengal","Central PSU","Y",""
"C00076","Construction & Infrastructure","","West Bengal","Central PSU","Y",""
"C00077","Automobile","","Uttar Pradesh","Central PSU","Y",""
"C00078","Electronics & Semiconductors","","Uttar Pradesh","Central PSU","Y",""
"C00079","Capital Goods & Engineering","","Rajasthan","Central PSU","Y",""
"C00080","Construction & Infrastructure","","Delhi","Central PSU","Y",""
"C00081","Construction & Infrastructure","","West Bengal","Central PSU","Y",""
"C00082","Electronics & Semiconductors","","Rajasthan","Central PSU","Y",""
"C00083","Consulting & Professional Services","","Uttar Pradesh","Central PSU","Y",""
"C00084","Consulting & Professional Services","","Haryana","Central PSU","Y",""
"C00085","Consulting & Professional Services","","Jharkhand","Central PSU","Y",""
"C00086","Consulting & Professional Services","","Uttar Pradesh","Central PSU","Y",""
"C00087","Import/Export Trading & SEZ/EOU","","Delhi","Central PSU","Y",""
"C00089","Import/Export Trading & SEZ/EOU","","Delhi","Central PSU","Y",""
"C00090","Textiles & Apparel","","Uttar Pradesh","Central PSU","Y",""
"C00091","Textiles & Apparel","","Delhi","Central PSU","Y",""
"C00092","Textiles & Apparel","","Maharashtra","Central PSU","Y",""
"C00093","Textiles & Apparel","","West Bengal","Central PSU","Y",""
"C00094","Shipping/Ports","","West Bengal","Central PSU","Y",""
"C00095","Aviation","","Delhi","Central PSU","Y",""
"C00096","Aviation","","Haryana","Central PSU","Y",""
"C00097","Aviation","","Delhi","Central PSU","Y",""
"C00102","Chemicals & Fertilisers","","Assam","Central PSU","Y",""
"C00104","Chemicals & Fertilisers","","Delhi","Central PSU","Y",""
"C00105","Chemicals & Fertilisers","","Delhi","Central PSU","Y",""
"C00106","Chemicals & Fertilisers","","Delhi","Central PSU","Y",""
"C00107","Pharma","","Haryana","Central PSU","Y",""
"C00108","Pharma","","Karnataka","Central PSU","Y",""
"C00109","Pharma","","Rajasthan","Central PSU","Y",""
"C00110","Healthcare","","Kerala","Central PSU","Y",""
"C00111","Healthcare","","Uttar Pradesh","Central PSU","Y",""
"C00112","Capital Goods & Engineering","","Uttar Pradesh","Central PSU","Y",""
"C00113","Automobile","","West Bengal","Central PSU","Y",""
"C00114","Agriculture","","Delhi","Central PSU","Y",""
"C00115","Agriculture","","Delhi","Central PSU","Y",""
"C00118","Construction & Infrastructure","","Delhi","Central PSU","Y",""
"C00119","Railways","","Maharashtra","Central PSU","Y",""
"C00120","Railways","","Delhi","Central PSU","Y",""
"C00122","Logistics & Warehousing","","Delhi","Central PSU","Y",""
"C00123","Railways","","Maharashtra","Central PSU","Y",""
"C00124","Telecom","","Delhi","Central PSU","Y",""
"C00125","Media & Entertainment","","Uttar Pradesh","Central PSU","Y",""
"C00126","Media & Entertainment","","Maharashtra","Central PSU","Y",""
"C00127","Space & Satellite","","Karnataka","Central PSU","Y",""
"C00128","Space & Satellite","","Karnataka","Central PSU","Y",""
"C00129","Coal & Mining","","Jharkhand","Central PSU","Y",""
"C00130","Coal & Mining","","Maharashtra","Central PSU","Y",""
"C00131","Electronics & Semiconductors","","Telangana","Central PSU","Y",""
"C00132","Capital Goods & Engineering","","Jharkhand","Central PSU","Y",""
"C00134","Metals & Steel","","Andhra Pradesh","Central PSU","Y",""
"C00135","Metals & Steel","","Chhattisgarh","Central PSU","Y",""
"C00137","Construction & Infrastructure","","Delhi","Central PSU","Y",""
"C00138","Oil & Gas","","Delhi","Central PSU","Y",""
"C00139","Oil & Gas","","Maharashtra","Central PSU","Y",""
"C00140","Construction & Infrastructure","","Delhi","Central PSU","Y",""
"C00141","Retail","","Delhi","Central PSU","Y",""
"C00142","Cement & Building Materials","","Delhi","Central PSU","Y",""
"C00143","Defence & Aerospace","","Andhra Pradesh","Central PSU","Y",""
"C00144","Capital Goods & Engineering","","West Bengal","Central PSU","Y",""
"C00145","Shipping/Ports","","Tamil Nadu","Central PSU","Y",""
"C00146","Government/PSU Holding & Public Administration","","Delhi","Central PSU","Y","SIDBI-like support body; no RBI reg"
"C00147","Defence & Aerospace","","Maharashtra","Central PSU","Y",""
"C00148","Defence & Aerospace","","Tamil Nadu","Central PSU","Y",""
"C00149","Defence & Aerospace","","Uttar Pradesh","Central PSU","Y",""
"C00150","Defence & Aerospace","","Uttar Pradesh","Central PSU","Y",""
"C00151","Defence & Aerospace","","Maharashtra","Central PSU","Y",""
"C00152","Defence & Aerospace","","Uttarakhand","Central PSU","Y",""
"C00153","Defence & Aerospace","","Uttar Pradesh","Central PSU","Y",""
"C00155","Agriculture","","Delhi","Central PSU","Y",""
"C00156","Roads & Highways","","Delhi","Central PSU","N",""
"C00157","Government/PSU Holding & Public Administration","PENSION","Delhi","Central PSU","N","Statutory org, not company"
"C00158","Government/PSU Holding & Public Administration","","Delhi","Central PSU","N","Social insurance org, not company"
"C00159","Aviation","","Delhi","Central PSU","N",""
"C00160","Logistics & Warehousing","","Delhi","Central PSU","Y",""
"C00161","Power","","West Bengal","Central PSU","Y",""
"C00162","Securities/Capital Markets","SEC_AMC","Maharashtra","Central PSU","Y","UTI heritage entity"
"C00163","Banking","","Maharashtra","Central PSU","N","Regulator"
"C00164","Banking","","Maharashtra","Central PSU","Y","AIFI, no tag"
"C00165","Banking","","Uttar Pradesh","Central PSU","Y","AIFI, no tag"
"C00166","Banking","","Delhi","Central PSU","Y","Regulator subsidiary of RBI"
"C00167","Banking","","Maharashtra","Central PSU","Y","AIFI, no tag"
"C00169","Insurance","","Maharashtra","Central PSU","Y","Deposit insurer"
"C00170","Agriculture","","West Bengal","Central PSU","N",""
"C00203","Banking","BANK_COMM","Uttarakhand","Central PSU","Y",""
"C00211","Banking","BANK_SFB","Uttar Pradesh","Private (Indian)","Y",""
"C00212","Banking","BANK_SFB","Assam","Private (Indian)","Y",""
"C00213","Banking","BANK_SFB","Maharashtra","Private (Indian)","Y",""
"C00215","Banking","BANK_PAY","Uttar Pradesh","Private (Indian)","Y",""
"C00216","Banking","BANK_PAY","Delhi","Private (Indian)","Y",""
"C00217","Banking","BANK_PAY","Delhi","Central PSU","Y",""
"C00219","Banking","BANK_PAY","Maharashtra","Private (Indian)","Y",""
"C00220","Banking","BANK_PAY","Maharashtra","Private (Indian)","Y",""
"C00221","Banking - Regional Rural Banks","BANK_RRB","Andhra Pradesh","Central PSU","Y",""
"C00222","Banking - Regional Rural Banks","BANK_RRB","Kerala","Central PSU","Y",""
"C00223","Banking - Regional Rural Banks","BANK_RRB","Uttar Pradesh","Central PSU","Y",""
"C00224","Banking - Regional Rural Banks","BANK_RRB","Uttar Pradesh","Central PSU","Y",""
"C00225","Banking - Regional Rural Banks","BANK_RRB","Karnataka","Central PSU","Y",""
"C00226","Banking - Regional Rural Banks","BANK_RRB","Telangana","Central PSU","Y",""
"C00227","Banking - Regional Rural Banks","BANK_RRB","Tamil Nadu","Central PSU","Y",""
"C00228","Banking - Regional Rural Banks","BANK_RRB","Bihar","Central PSU","Y",""
"C00229","Banking - Regional Rural Banks","BANK_RRB","Madhya Pradesh","Central PSU","Y",""
"C00230","Banking - Regional Rural Banks","BANK_RRB","Rajasthan","Central PSU","Y",""
"C00231","Banking - Regional Rural Banks","BANK_RRB","Maharashtra","Central PSU","Y",""
"C00232","Banking - Regional Rural Banks","BANK_RRB","Gujarat","Central PSU","Y",""
"C00233","Banking - Regional Rural Banks","BANK_RRB","Assam","Central PSU","Y",""
"C00234","Banking - Regional Rural Banks","BANK_RRB","Odisha","Central PSU","Y",""
"C00235","Banking - Regional Rural Banks","BANK_RRB","Punjab","Central PSU","Y",""
"C00236","Banking - Regional Rural Banks","BANK_RRB","Himachal Pradesh","Central PSU","Y",""
"C00237","Banking - Regional Rural Banks","BANK_RRB","Jharkhand","Central PSU","Y",""
"C00238","Banking - Regional Rural Banks","BANK_RRB","Chhattisgarh","Central PSU","Y",""
"C00239","Banking - Regional Rural Banks","BANK_RRB","Uttarakhand","Central PSU","Y",""
"C00240","Banking - Regional Rural Banks","BANK_RRB","Haryana","Central PSU","Y",""
"C00241","Banking - Regional Rural Banks","BANK_RRB","West Bengal","Central PSU","Y",""
"C00242","Banking - Regional Rural Banks","BANK_RRB","Tripura","Central PSU","Y",""
"C00243","Banking - Regional Rural Banks","BANK_RRB","Meghalaya","Central PSU","Y",""
"C00244","Banking - Regional Rural Banks","BANK_RRB","Manipur","Central PSU","Y",""
"C00245","Banking - Regional Rural Banks","BANK_RRB","Nagaland","Central PSU","Y",""
"C00246","Banking - Regional Rural Banks","BANK_RRB","Arunachal Pradesh","Central PSU","Y",""
"C00247","Banking - Regional Rural Banks","BANK_RRB","Mizoram","Central PSU","Y",""
"C00248","Banking - Regional Rural Banks","BANK_RRB","Puducherry","Central PSU","Y",""
"C00249","Banking - Regional Rural Banks","BANK_RRB","Jammu and Kashmir","Central PSU","Y",""
"C00250","Banking - Regional Rural Banks","BANK_RRB","Jammu and Kashmir","Central PSU","Y","RRB; ownership corrected"
"C00251","Banking - Regional Rural Banks","BANK_RRB","Gujarat","Central PSU","Y",""
"C00255","Insurance","INS_LIFE","Delhi","Private (Indian)","Y",""
"C00256","Insurance","INS_LIFE","Maharashtra","Private (Indian)","Y",""
"C00257","Insurance","INS_LIFE","Maharashtra","Private (Indian)","Y",""
"C00258","Insurance","INS_LIFE","Maharashtra","Joint Venture","Y",""
"C00259","Insurance","INS_LIFE","Maharashtra","Private (Indian)","Y",""
"C00260","Insurance","INS_LIFE","Maharashtra","Private (Indian)","Y",""
"C00262","Insurance","INS_LIFE","Haryana","Joint Venture","Y",""
"C00263","Insurance","INS_LIFE","Maharashtra","Private (Indian)","Y",""
"C00264","Insurance","INS_LIFE","Maharashtra","Private (Indian)","Y",""
"C00265","Insurance","INS_LIFE","Maharashtra","Private (Indian)","Y",""
"C00266","Insurance","INS_LIFE","Telangana","Private (Indian)","Y",""
"C00267","Insurance","INS_LIFE","Haryana","Joint Venture","Y",""
"C00268","Insurance","INS_LIFE","Uttar Pradesh","Private (Indian)","Y",""
"C00269","Insurance","INS_LIFE","Maharashtra","Private (Indian)","Y",""
"C00270","Insurance","INS_LIFE","Maharashtra","Private (Indian)","Y",""
"C00271","Insurance","INS_LIFE","Maharashtra","Private (Indian)","Y",""
"C00272","Insurance","INS_LIFE","Maharashtra","Private (Indian)","Y",""
"C00273","Insurance","INS_LIFE","Karnataka","Private (Indian)","Y",""
"C00275","Insurance","INS_GEN","Tamil Nadu","Central PSU","Y",""
"C00276","Insurance","INS_GEN","West Bengal","Central PSU","Y",""
"C00277","Insurance","INS_GEN","Delhi","Central PSU","Y",""
"C00278","Insurance","INS_GEN","Delhi","Central PSU","Y",""
"C00279","Insurance","INS_GEN","Maharashtra","Central PSU","Y",""
"C00281","Insurance","INS_GEN","Maharashtra","Private (Indian)","Y",""
"C00282","Insurance","INS_GEN","Maharashtra","Private (Indian)","Y",""
"C00283","Insurance","INS_GEN","Maharashtra","Joint Venture","Y",""
"C00284","Insurance","INS_GEN","Maharashtra","Private (Indian)","Y",""
"C00285","Insurance","INS_GEN","Haryana","Joint Venture","Y",""
"C00286","Insurance","INS_GEN","Maharashtra","Private (Indian)","Y",""
"C00287","Insurance","INS_GEN","Tamil Nadu","Private (Indian)","Y",""
"C00288","Insurance","INS_GEN","Tamil Nadu","Joint Venture","Y",""
"C00289","Insurance","INS_GEN","Maharashtra","Joint Venture","Y",""
"C00290","Insurance","INS_GEN","Maharashtra","Joint Venture","Y",""
"C00291","Insurance","INS_GEN","Rajasthan","Private (Indian)","Y",""
"C00292","Insurance","INS_GEN","Maharashtra","MNC Subsidiary","Y",""
"C00293","Insurance","INS_GEN","Maharashtra","Private (Indian)","Y",""
"C00294","Insurance","INS_GEN","Maharashtra","Private (Indian)","Y",""
"C00295","Insurance","INS_GEN","West Bengal","Private (Indian)","Y",""
"C00296","Insurance","INS_GEN","Maharashtra","Joint Venture","Y",""
"C00297","Insurance","INS_GEN","Maharashtra","Private (Indian)","Y",""
"C00299","Insurance","INS_GEN","Maharashtra","Private (Indian)","Y",""
"C00302","Insurance","INS_GEN","Haryana","Private (Indian)","Y",""
"C00303","Insurance","INS_GEN","Maharashtra","Private (Indian)","Y",""
"C00304","Insurance","INS_GEN","Maharashtra","Joint Venture","Y",""
"C00305","Insurance","INS_GEN","Maharashtra","Private (Indian)","Y",""
"C00306","Insurance","INS_GEN","Karnataka","Private (Indian)","Y",""
"C00307","Insurance","INS_REINS","Maharashtra","MNC Subsidiary","Y",""
"C00308","Insurance","INS_REINS","Maharashtra","MNC Subsidiary","Y",""
"C00309","Insurance","INS_REINS","Maharashtra","MNC Subsidiary","Y",""
"C00310","Insurance","INS_REINS","Maharashtra","MNC Subsidiary","Y",""
"C00311","Insurance","INS_REINS","Maharashtra","MNC Subsidiary","Y","Lloyd's syndicate market branch"
"C00319","NBFC","HFC","Maharashtra","Private (Indian)","Y",""
"C00321","NBFC","NBFC","Kerala","Private (Indian)","Y",""
"C00324","NBFC","HFC","Maharashtra","Private (Indian)","Y",""
"C00326","NBFC","NBFC,MFI","Tamil Nadu","Private (Indian)","Y",""
"C00328","NBFC","HFC","Maharashtra","Private (Indian)","Y",""
"C00332","NBFC","NBFC","Maharashtra","Private (Indian)","Y",""
"C00333","NBFC","HFC","Maharashtra","Private (Indian)","Y",""
"C00346","NBFC","HFC","Maharashtra","Private (Indian)","Y",""
"C00348","NBFC","HFC","Tamil Nadu","Private (Indian)","Y",""
"C00354","NBFC","NBFC","Karnataka","Private (Indian)","Y",""
"C00355","NBFC","NBFC,MFI","West Bengal","Private (Indian)","Y",""
"C00356","NBFC","NBFC,MFI","Odisha","Private (Indian)","Y",""
"C00357","NBFC","NBFC,MFI","Punjab","Private (Indian)","Y",""
"C00358","NBFC","NBFC,MFI","Maharashtra","Private (Indian)","Y",""
"C00360","NBFC","HFC","Maharashtra","Private (Indian)","Y",""
"C00361","NBFC","NBFC,MFI","Tamil Nadu","Private (Indian)","Y",""
"C00363","NBFC","NBFC","Karnataka","Private (Indian)","Y",""
"C00376","NBFC","NBFC","Maharashtra","Private (Indian)","Y",""
"C00377","NBFC","HFC","Maharashtra","Private (Indian)","Y",""
"C00378","NBFC","NBFC","Maharashtra","Private (Indian)","Y",""
"C00387","Payments & Fintech","DIGITAL_LENDING","Haryana","Private (Indian)","Y","Fintech holding; lending via subsidiaries"
"C00388","NBFC","NBFC","Tamil Nadu","Private (Indian)","Y",""
"C00389","NBFC","NBFC","Rajasthan","Private (Indian)","Y",""
"C00390","NBFC","NBFC","Delhi","Private (Indian)","Y",""
"C00391","NBFC","NBFC","Tamil Nadu","Private (Indian)","Y",""
"C00392","NBFC","HFC","Tamil Nadu","Private (Indian)","Y",""
"C00393","NBFC","NBFC","Tamil Nadu","Private (Indian)","Y",""
"C00394","NBFC","NBFC","Maharashtra","MNC Subsidiary","Y",""
"C00395","NBFC","NBFC","Karnataka","MNC Subsidiary","Y",""
"C00396","NBFC","NBFC","Maharashtra","MNC Subsidiary","Y",""
"C00397","NBFC","NBFC","Maharashtra","Private (Indian)","Y",""
"C00398","NBFC","NBFC","Maharashtra","Private (Indian)","Y",""
"C00399","NBFC","NBFC","Maharashtra","Private (Indian)","Y",""
"C00400","NBFC","HFC","Maharashtra","Private (Indian)","Y",""
"C00401","NBFC","NBFC","Maharashtra","Private (Indian)","Y",""
"C00402","NBFC","NBFC","Delhi","Private (Indian)","Y",""
"C00403","NBFC","NBFC","Maharashtra","Private (Indian)","Y",""
"C00404","NBFC","NBFC","Maharashtra","Private (Indian)","Y",""
"C00405","NBFC","NBFC","Maharashtra","Private (Indian)","Y",""
"C00406","NBFC","NBFC","Maharashtra","Private (Indian)","Y",""
"C00407","NBFC","NBFC","Tamil Nadu","Private (Indian)","Y",""
"C00408","NBFC","NBFC","Tamil Nadu","Private (Indian)","Y",""
"C00409","NBFC","NBFC","Karnataka","Private (Indian)","Y",""
"C00411","NBFC","NBFC","Maharashtra","Private (Indian)","Y",""
"C00412","NBFC","NBFC","Haryana","Private (Indian)","Y",""
"C00413","NBFC","NBFC","Maharashtra","Private (Indian)","Y",""
"C00414","NBFC","NBFC","Maharashtra","Private (Indian)","Y",""
"C00415","NBFC","HFC","Delhi","Private (Indian)","Y",""
"C00416","NBFC","HFC","Maharashtra","Private (Indian)","Y",""
"C00417","NBFC","HFC","Maharashtra","Private (Indian)","Y",""
"C00418","NBFC","HFC","Haryana","Private (Indian)","Y",""
"C00419","NBFC","NBFC","Kerala","Private (Indian)","Y",""
"C00420","NBFC","NBFC","Kerala","Private (Indian)","Y",""
"C00421","NBFC","NBFC","Kerala","Private (Indian)","Y",""
"C00422","NBFC","NBFC","West Bengal","Private (Indian)","Y",""
"C00423","NBFC","NBFC","Maharashtra","Private (Indian)","Y",""
"C00424","NBFC","NBFC,DIGITAL_LENDING","Karnataka","Private (Indian)","Y",""
"C00425","NBFC","NBFC,DIGITAL_LENDING","Karnataka","Private (Indian)","Y",""
"C00426","NBFC","NBFC,DIGITAL_LENDING","Haryana","Private (Indian)","Y",""
"C00428","NBFC","NBFC,DIGITAL_LENDING","Karnataka","Private (Indian)","Y",""
"C00429","NBFC","NBFC,DIGITAL_LENDING","Maharashtra","Private (Indian)","Y",""
"C00430","NBFC","NBFC,DIGITAL_LENDING","Karnataka","Private (Indian)","Y",""
"C00431","NBFC","NBFC,DIGITAL_LENDING","Maharashtra","Private (Indian)","Y",""
"C00432","NBFC","NBFC,DIGITAL_LENDING","Haryana","Private (Indian)","Y",""
"C00433","NBFC","NBFC,DIGITAL_LENDING","Karnataka","Private (Indian)","Y","Possible duplicate of 430 (Money View)"
"C00434","NBFC","NBFC,MFI","Tamil Nadu","Private (Indian)","Y",""
"C00435","NBFC","NBFC","Tamil Nadu","Private (Indian)","Y","NBFC-CIC holding"
"C00436","NBFC","NBFC,DIGITAL_LENDING","Delhi","Private (Indian)","Y",""
"C00437","NBFC","NBFC,DIGITAL_LENDING","Maharashtra","Private (Indian)","Y",""
"C00438","NBFC","NBFC,DIGITAL_LENDING","Haryana","Private (Indian)","Y",""
"C00439","Securities/Capital Markets","SEC_BROKER","Maharashtra","Private (Indian)","Y",""
"C00440","NBFC","NBFC","Delhi","Central PSU","Y",""
"C00444","NBFC","NBFC","West Bengal","Private (Indian)","Y",""
"C00445","NBFC","NBFC","Maharashtra","Private (Indian)","Y",""
"C00446","NBFC","NBFC","Maharashtra","Private (Indian)","Y",""
"C00447","NBFC","HFC","Maharashtra","Private (Indian)","Y",""
"C00449","Asset Reconstruction & Financial Services","ARC","Maharashtra","Private (Indian)","Y",""
"C00450","Asset Reconstruction & Financial Services","ARC","Maharashtra","Private (Indian)","Y",""
"C00451","Asset Reconstruction & Financial Services","ARC","Maharashtra","Private (Indian)","Y",""
"C00452","Asset Reconstruction & Financial Services","ARC","Maharashtra","Private (Indian)","Y",""
"C00453","Asset Reconstruction & Financial Services","ARC","Maharashtra","Private (Indian)","Y",""
"C00454","Asset Reconstruction & Financial Services","ARC","Maharashtra","Private (Indian)","Y",""
"C00455","Asset Reconstruction & Financial Services","ARC","Maharashtra","Central PSU","Y",""
"C00456","Asset Reconstruction & Financial Services","","Maharashtra","Central PSU","Y","Resolution co, not ARC"
"C00457","Asset Reconstruction & Financial Services","ARC","Maharashtra","Private (Indian)","Y",""
"C00458","Asset Reconstruction & Financial Services","ARC","Haryana","Private (Indian)","Y",""
"C00459","Asset Reconstruction & Financial Services","ARC","Maharashtra","Private (Indian)","Y",""
"C00460","Asset Reconstruction & Financial Services","","Maharashtra","MNC Subsidiary","Y","Credit information company"
"C00461","Asset Reconstruction & Financial Services","","Maharashtra","MNC Subsidiary","Y","Credit information company"
"C00462","Asset Reconstruction & Financial Services","","Maharashtra","MNC Subsidiary","Y","Credit information company"
"C00463","Asset Reconstruction & Financial Services","","Maharashtra","MNC Subsidiary","Y","Credit information company"
"C00470","Securities/Capital Markets","SEC_AMC","Maharashtra","Private (Indian)","Y",""
"C00471","Securities/Capital Markets","SEC_AMC","Maharashtra","Private (Indian)","Y",""
"C00472","Securities/Capital Markets","SEC_AMC","Maharashtra","MNC Subsidiary","Y",""
"C00473","Securities/Capital Markets","SEC_AMC","Maharashtra","Joint Venture","Y",""
"C00474","Securities/Capital Markets","SEC_AMC","Maharashtra","MNC Subsidiary","Y",""
"C00475","Securities/Capital Markets","SEC_AMC","Maharashtra","Private (Indian)","Y",""
"C00476","Securities/Capital Markets","SEC_AMC","Maharashtra","MNC Subsidiary","Y",""
"C00477","Securities/Capital Markets","SEC_AMC","Maharashtra","Private (Indian)","Y",""
"C00478","Securities/Capital Markets","SEC_AMC","Maharashtra","MNC Subsidiary","Y",""
"C00480","Securities/Capital Markets","SEC_AMC","Tamil Nadu","Private (Indian)","Y",""
"C00481","Securities/Capital Markets","SEC_AMC","Maharashtra","Joint Venture","Y",""
"C00482","Securities/Capital Markets","SEC_AMC","Maharashtra","Private (Indian)","Y",""
"C00483","Securities/Capital Markets","SEC_AMC","Maharashtra","MNC Subsidiary","Y",""
"C00484","Securities/Capital Markets","SEC_AMC","Maharashtra","Private (Indian)","Y",""
"C00485","Securities/Capital Markets","SEC_AMC","Maharashtra","Private (Indian)","Y",""
"C00486","Securities/Capital Markets","SEC_AMC","Maharashtra","Private (Indian)","Y",""
"C00487","Securities/Capital Markets","SEC_AMC","Maharashtra","Private (Indian)","Y",""
"C00488","Securities/Capital Markets","SEC_AMC","Maharashtra","Private (Indian)","Y",""
"C00489","Securities/Capital Markets","SEC_AMC","Maharashtra","Central PSU","Y",""
"C00490","Securities/Capital Markets","SEC_AMC","Maharashtra","Central PSU","Y",""
"C00491","Securities/Capital Markets","SEC_AMC","Maharashtra","Joint Venture","Y",""
"C00492","Securities/Capital Markets","SEC_AMC","Maharashtra","Private (Indian)","Y",""
"C00493","Securities/Capital Markets","SEC_AMC","Maharashtra","Private (Indian)","Y",""
"C00494","Securities/Capital Markets","SEC_AMC","Maharashtra","Private (Indian)","Y",""
"C00495","Securities/Capital Markets","SEC_AMC","Maharashtra","Private (Indian)","Y",""
"C00496","Securities/Capital Markets","SEC_AMC","Karnataka","Private (Indian)","Y",""
"C00497","Securities/Capital Markets","SEC_AMC","Maharashtra","Joint Venture","Y",""
"C00498","Securities/Capital Markets","SEC_AMC","Maharashtra","Private (Indian)","Y",""
"C00499","Securities/Capital Markets","SEC_AMC","Maharashtra","Private (Indian)","Y",""
"C00500","Securities/Capital Markets","SEC_AMC","Maharashtra","Private (Indian)","Y",""
"C00501","Securities/Capital Markets","SEC_AMC","Gujarat","Private (Indian)","Y",""
"C00502","Securities/Capital Markets","SEC_AMC","Maharashtra","Private (Indian)","Y",""
"C00503","Securities/Capital Markets","SEC_AMC","Maharashtra","Private (Indian)","Y",""
"C00504","Securities/Capital Markets","SEC_AMC","Maharashtra","Private (Indian)","Y",""
"C00505","Securities/Capital Markets","SEC_AMC","Maharashtra","Private (Indian)","Y",""
"C00506","Securities/Capital Markets","SEC_AMC","Maharashtra","Private (Indian)","Y",""
"C00507","Securities/Capital Markets","SEC_AMC","Maharashtra","Private (Indian)","Y",""
"C00508","Securities/Capital Markets","SEC_AMC","Maharashtra","Private (Indian)","Y",""
"C00511","Securities/Capital Markets","SEC_MII","Maharashtra","Private (Indian)","Y",""
"C00514","Securities/Capital Markets","SEC_MII","Maharashtra","Private (Indian)","Y",""
"C00515","Securities/Capital Markets","SEC_MII,IFSC","Gujarat","Private (Indian)","Y",""
"C00516","Securities/Capital Markets","SEC_MII,IFSC","Gujarat","Private (Indian)","Y",""
"C00517","Securities/Capital Markets","SEC_MII","Maharashtra","Private (Indian)","Y",""
"C00518","Securities/Capital Markets","SEC_MII","Maharashtra","Private (Indian)","Y",""
"C00519","Securities/Capital Markets","SEC_MII","Maharashtra","Private (Indian)","Y",""
"C00520","Securities/Capital Markets","SEC_MII","Maharashtra","Private (Indian)","Y",""
"C00521","Securities/Capital Markets","SEC_MII","Maharashtra","Private (Indian)","Y",""
"C00523","Securities/Capital Markets","SEC_MII","Maharashtra","Private (Indian)","Y",""
"C00525","Power","","Maharashtra","Private (Indian)","Y","Power exchange; CERC regulated"
"C00527","Payments & Fintech","","Maharashtra","Private (Indian)","Y","Payment system operator"
"C00528","Securities/Capital Markets","SEC_DP","Maharashtra","Central PSU","Y",""
"C00529","Securities/Capital Markets","SEC_BROKER,SEC_DP","Karnataka","Private (Indian)","Y",""
"C00530","Securities/Capital Markets","SEC_BROKER,SEC_DP","Karnataka","Private (Indian)","Y",""
"C00531","Securities/Capital Markets","SEC_BROKER,SEC_DP","Maharashtra","Private (Indian)","Y",""
"C00532","Securities/Capital Markets","SEC_BROKER,SEC_DP","Maharashtra","Private (Indian)","Y","Merged into ICICI Bank 2024"
"C00533","Securities/Capital Markets","SEC_BROKER,SEC_DP","Maharashtra","Private (Indian)","Y",""
"C00534","Securities/Capital Markets","SEC_BROKER,SEC_DP","Maharashtra","Private (Indian)","Y",""
