"id","name","entity_type","ownership","state_region","hq","sector_raw","sub_sector_raw","listing"
"C02067","Haryana Agro Industries Corporation Limited","Government Company (PSU)","State PSU","Haryana","Chandigarh","Agriculture & Food","Agro inputs","Unlisted"
"C02068","Haryana Forest Development Corporation Limited","Government Company (PSU)","State PSU","Haryana","Chandigarh","Agriculture & Food","Forestry","Unlisted"
"C02069","Haryana State Minor Irrigation and Tubewell Corporation","Government Company (PSU)","State PSU","Haryana","Chandigarh","Infrastructure","Irrigation","Unlisted"
"C02070","Haryana Backward Classes and Economically Weaker Sections Kalyan Nigam","Government Company (PSU)","State PSU","Haryana","Chandigarh","Financial Services","Development finance","Unlisted"
"C02071","Haryana Police Housing Corporation","Government Company (PSU)","State PSU","Haryana","Panchkula","Infrastructure","Housing","Unlisted"
"C02072","Haryana Seeds Development Corporation Limited","Government Company (PSU)","State PSU","Haryana","Panchkula","Agriculture & Food","Seeds","Unlisted"
"C02073","Haryana State Electronics Development Corporation Limited (HARTRON)","Government Company (PSU)","State PSU","Haryana","Panchkula","Technology","IT / Electronics","Unlisted"
"C02074","Haryana Urban Development Authority (HSVP)","Statutory Corporation","State PSU","Haryana","Panchkula","Infrastructure","Urban development","Unlisted"
"C02075","Haryana Rail Infrastructure Development Corporation","Government Company (PSU)","Joint Venture","Haryana","Panchkula","Transport","Rail infrastructure","Unlisted"
"C02076","Haryana Sheep and Wool Development Board","Other","State PSU","Haryana","Hisar","Agriculture & Food","Wool","Unlisted"
"C02077","Hero Cycles Limited","Public Limited","Private (Indian)","Haryana","Ludhiana","Automotive","Bicycles","Unlisted"
"C02079","Punjab State Power Corporation Limited","Government Company (PSU)","State PSU","Punjab","Patiala","Power","Generation & Distribution","Unlisted"
"C02080","Punjab State Transmission Corporation Limited","Government Company (PSU)","State PSU","Punjab","Patiala","Power","Transmission","Unlisted"
"C02081","Punjab Roadways (PUNBUS)","Other","State PSU","Punjab","Chandigarh","Transport","Bus transport","Unlisted"
"C02082","Punjab Roadways Transport Corporation (PRTC)","Government Company (PSU)","State PSU","Punjab","Patiala","Transport","Bus transport","Unlisted"
"C02083","Punjab State Industrial Development Corporation Limited","Government Company (PSU)","State PSU","Punjab","Chandigarh","Industrial Development","Industrial development","Unlisted"
"C02084","Punjab Small Industries and Export Corporation Limited","Government Company (PSU)","State PSU","Punjab","Chandigarh","Industrial Development","MSME support","Unlisted"
"C02085","Punjab Financial Corporation","Statutory Corporation","State PSU","Punjab","Chandigarh","Financial Services","State finance corporation","Unlisted"
"C02086","Punjab State Warehousing Corporation","Statutory Corporation","State PSU","Punjab","Chandigarh","Agriculture & Food","Warehousing","Unlisted"
"C02087","Punjab State Grains Procurement Corporation Limited (PUNGRAIN)","Government Company (PSU)","State PSU","Punjab","Chandigarh","Agriculture & Food","Food grain procurement","Unlisted"
"C02088","Punjab State Civil Supplies Corporation Limited (PUNSUP)","Government Company (PSU)","State PSU","Punjab","Chandigarh","Agriculture & Food","Civil supplies","Unlisted"
"C02089","Punjab State Cooperative Supply and Marketing Federation (MARKFED)","Cooperative Society","Cooperative","Punjab","Chandigarh","Agriculture & Food","Coop federation","Unlisted"
"C02090","Punjab State Cooperative Bank Limited","Cooperative Society","Cooperative","Punjab","Chandigarh","Financial Services","Cooperative bank","Unlisted"
"C02091","Punjab State Federation of Cooperative Sugar Mills (SUGARFED)","Cooperative Society","Cooperative","Punjab","Chandigarh","Agriculture & Food","Sugar coop federation","Unlisted"
"C02092","Punjab Agro Industries Corporation Limited","Government Company (PSU)","State PSU","Punjab","Chandigarh","Agriculture & Food","Agro inputs","Unlisted"
"C02093","Punjab State Container and Warehousing Corporation","Government Company (PSU)","State PSU","Punjab","Chandigarh","Agriculture & Food","Warehousing","Unlisted"
"C02094","Punjab Tourism Development Corporation","Government Company (PSU)","State PSU","Punjab","Chandigarh","Tourism & Hospitality","Tourism","Unlisted"
"C02095","Punjab State Electronics Development and Production Corporation (PSEDC)","Government Company (PSU)","State PSU","Punjab","Chandigarh","Technology","Electronics","Unlisted"
"C02096","Punjab Infrastructure Development Board","Statutory Corporation","State PSU","Punjab","Chandigarh","Infrastructure","Infrastructure financing","Unlisted"
"C02097","Punjab Urban Planning and Development Authority (PUDA)","Statutory Corporation","State PSU","Punjab","Mohali","Infrastructure","Urban development","Unlisted"
"C02098","Punjab Water Supply and Sewerage Board","Statutory Corporation","State PSU","Punjab","Chandigarh","Infrastructure","Water","Unlisted"
"C02099","Punjab Scheduled Castes Land Development and Finance Corporation","Government Company (PSU)","State PSU","Punjab","Chandigarh","Financial Services","Development finance","Unlisted"
"C02100","Punjab Backward Classes Land Development and Finance Corporation","Government Company (PSU)","State PSU","Punjab","Chandigarh","Financial Services","Development finance","Unlisted"
"C02101","Punjab State Bus Stand Management Company","Government Company (PSU)","State PSU","Punjab","Chandigarh","Transport","Bus terminals","Unlisted"
"C02102","Punjab Mandi Board","Statutory Corporation","State PSU","Punjab","Mohali","Agriculture & Food","Agri marketing","Unlisted"
"C02103","Punjab Communications Limited","Government Company (PSU)","State PSU","Punjab","Mohali","Technology","Telecom equipment","Unlisted"
"C02104","Avon Cycles Limited","Public Limited","Private (Indian)","Punjab","Ludhiana","Automotive","Bicycles","Unlisted"
"C02106","Himachal Pradesh State Electricity Board Limited","Government Company (PSU)","State PSU","Himachal Pradesh","Shimla","Power","Distribution & Transmission","Unlisted"
"C02107","HPPCL (Himachal Pradesh Power Corporation Limited)","Government Company (PSU)","State PSU","Himachal Pradesh","Shimla","Power","Hydro generation","Unlisted"
"C02108","Himachal Pradesh Power Transmission Corporation Limited","Government Company (PSU)","State PSU","Himachal Pradesh","Shimla","Power","Transmission","Unlisted"
"C02109","Himachal Road Transport Corporation","Statutory Corporation","State PSU","Himachal Pradesh","Shimla","Transport","Bus transport","Unlisted"
"C02110","Himachal Pradesh State Industrial Development Corporation Limited","Government Company (PSU)","State PSU","Himachal Pradesh","Shimla","Industrial Development","Industrial development","Unlisted"
"C02111","Himachal Pradesh Financial Corporation","Statutory Corporation","State PSU","Himachal Pradesh","Shimla","Financial Services","State finance corporation","Unlisted"
"C02112","Himachal Pradesh Tourism Development Corporation","Government Company (PSU)","State PSU","Himachal Pradesh","Shimla","Tourism & Hospitality","Tourism","Unlisted"
"C02113","Himachal Pradesh State Civil Supplies Corporation Limited","Government Company (PSU)","State PSU","Himachal Pradesh","Shimla","Agriculture & Food","Civil supplies","Unlisted"
"C02114","Himachal Pradesh Horticultural Produce Marketing and Processing Corporation (HPMC)","Government Company (PSU)","State PSU","Himachal Pradesh","Shimla","Agriculture & Food","Horticulture","Unlisted"
"C02115","Himachal Pradesh State Forest Development Corporation","Government Company (PSU)","State PSU","Himachal Pradesh","Shimla","Agriculture & Food","Forestry","Unlisted"
"C02116","Himachal Pradesh State Handicrafts and Handloom Corporation","Government Company (PSU)","State PSU","Himachal Pradesh","Shimla","Textiles & Handloom","Handloom","Unlisted"
"C02117","Himachal Pradesh State Cooperative Bank Limited","Cooperative Society","Cooperative","Himachal Pradesh","Shimla","Financial Services","Cooperative bank","Unlisted"
"C02118","Himachal Pradesh State Cooperative Milk Producers Federation (Milkfed)","Cooperative Society","Cooperative","Himachal Pradesh","Shimla","Agriculture & Food","Dairy federation","Unlisted"
"C02119","HIMFED (Himachal Pradesh State Cooperative Marketing and Consumers Federation)","Cooperative Society","Cooperative","Himachal Pradesh","Shimla","Agriculture & Food","Coop federation","Unlisted"
"C02120","Himachal Pradesh Housing and Urban Development Authority (HIMUDA)","Statutory Corporation","State PSU","Himachal Pradesh","Shimla","Infrastructure","Housing","Unlisted"
"C02121","Himachal Pradesh Scheduled Castes and Tribes Development Corporation","Government Company (PSU)","State PSU","Himachal Pradesh","Shimla","Financial Services","Development finance","Unlisted"
"C02122","Himachal Pradesh Backward Classes Finance and Development Corporation","Government Company (PSU)","State PSU","Himachal Pradesh","Shimla","Financial Services","Development finance","Unlisted"
"C02123","Himachal Pradesh Agro Industries Corporation Limited","Government Company (PSU)","State PSU","Himachal Pradesh","Shimla","Agriculture & Food","Agro inputs","Unlisted"
"C02124","Himachal Pradesh Mineral and Industrial Development Corporation","Government Company (PSU)","State PSU","Himachal Pradesh","Shimla","Mining","Mining","Unlisted"
"C02125","Himachal Pradesh Ex-Servicemen Corporation","Government Company (PSU)","State PSU","Himachal Pradesh","Shimla","Infrastructure","Manpower services","Unlisted"
"C02126","Himachal Pradesh State Electronics Development Corporation (HPSEDC)","Government Company (PSU)","State PSU","Himachal Pradesh","Shimla","Technology","Electronics","Unlisted"
"C02127","Himachal Pradesh Warehousing Corporation (HP State Warehousing)","Statutory Corporation","State PSU","Himachal Pradesh","Shimla","Agriculture & Food","Warehousing","Unlisted"
"C02128","Himachal Pradesh Bus Stand Management and Development Authority","Other","State PSU","Himachal Pradesh","Shimla","Transport","Bus terminals","Unlisted"
"C02130","Malana Power Company Limited","Public Limited","Private (Indian)","Himachal Pradesh","Kullu","Power","Hydro","Unlisted"
"C02131","Uttarakhand Jal Vidyut Nigam Limited","Government Company (PSU)","State PSU","Uttarakhand","Dehradun","Power","Hydro generation","Unlisted"
"C02132","Power Transmission Corporation of Uttarakhand Limited","Government Company (PSU)","State PSU","Uttarakhand","Dehradun","Power","Transmission","Unlisted"
"C02133","Uttarakhand Power Corporation Limited","Government Company (PSU)","State PSU","Uttarakhand","Dehradun","Power","Distribution","Unlisted"
"C02134","Uttarakhand Parivahan Nigam","Statutory Corporation","State PSU","Uttarakhand","Dehradun","Transport","Bus transport","Unlisted"
"C02135","State Infrastructure and Industrial Development Corporation of Uttarakhand Limited (SIIDCUL)","Government Company (PSU)","State PSU","Uttarakhand","Dehradun","Industrial Development","Industrial infrastructure","Unlisted"
"C02136","Uttarakhand Financial Corporation","Statutory Corporation","State PSU","Uttarakhand","Dehradun","Financial Services","State finance corporation","Unlisted"
"C02137","Garhwal Mandal Vikas Nigam","Government Company (PSU)","State PSU","Uttarakhand","Dehradun","Tourism & Hospitality","Tourism","Unlisted"
"C02138","Kumaon Mandal Vikas Nigam","Government Company (PSU)","State PSU","Uttarakhand","Nainital","Tourism & Hospitality","Tourism","Unlisted"
"C02139","Uttarakhand Forest Development Corporation","Government Company (PSU)","State PSU","Uttarakhand","Dehradun","Agriculture & Food","Forestry","Unlisted"
"C02140","Uttarakhand Bhesaj Vikas Sangh","Other","State PSU","Uttarakhand","Dehradun","Agriculture & Food","Herbal","Unlisted"
"C02141","Uttarakhand State Cooperative Bank Limited","Cooperative Society","Cooperative","Uttarakhand","Dehradun","Financial Services","Cooperative bank","Unlisted"
"C02142","Uttarakhand Cooperative Dairy Federation (Aanchal)","Cooperative Society","Cooperative","Uttarakhand","Dehradun","Agriculture & Food","Dairy federation","Unlisted"
"C02143","Uttarakhand Seeds and Tarai Development Corporation","Government Company (PSU)","State PSU","Uttarakhand","Rudrapur","Agriculture & Food","Seeds","Unlisted"
"C02144","Uttarakhand Food and Essential Commodities Corporation","Government Company (PSU)","State PSU","Uttarakhand","Dehradun","Agriculture & Food","Civil supplies","Unlisted"
"C02145","Uttarakhand Handloom and Handicraft Development Council","Other","State PSU","Uttarakhand","Dehradun","Textiles & Handloom","Handloom","Unlisted"
"C02146","Uttarakhand Metro Rail Corporation Limited","Government Company (PSU)","State PSU","Uttarakhand","Dehradun","Transport","Metro rail","Unlisted"
"C02147","Uttarakhand Pey Jal Sansadhan Vikas Evam Nirman Nigam","Government Company (PSU)","State PSU","Uttarakhand","Dehradun","Infrastructure","Drinking water","Unlisted"
"C02148","Uttarakhand Environment Protection and Pollution Control Board","Statutory Corporation","State PSU","Uttarakhand","Dehradun","Infrastructure","Regulator","Unlisted"
"C02149","Tehri Hydro Development Corporation India Limited (THDC)","Government Company (PSU)","Joint Venture","Uttarakhand","Rishikesh","Power","Hydro generation","Listed-NSE+BSE"
"C02150","Patanjali Ayurved Limited","Private Limited","Private (Indian)","Uttarakhand","Haridwar","Consumer","FMCG / Ayurveda","Unlisted"
"C02151","Jammu and Kashmir State Power Development Corporation","Government Company (PSU)","State PSU","Jammu and Kashmir","Srinagar/Jammu","Power","Generation","Unlisted"
"C02152","Jammu and Kashmir Power Transmission Corporation Limited","Government Company (PSU)","State PSU","Jammu and Kashmir","Jammu","Power","Transmission","Unlisted"
"C02153","Jammu Power Distribution Corporation Limited","Government Company (PSU)","State PSU","Jammu and Kashmir","Jammu","Power","Distribution","Unlisted"
"C02154","Kashmir Power Distribution Corporation Limited","Government Company (PSU)","State PSU","Jammu and Kashmir","Srinagar","Power","Distribution","Unlisted"
"C02155","Jammu and Kashmir State Road Transport Corporation","Statutory Corporation","State PSU","Jammu and Kashmir","Srinagar/Jammu","Transport","Bus transport","Unlisted"
"C02156","Jammu and Kashmir State Industrial Development Corporation Limited","Government Company (PSU)","State PSU","Jammu and Kashmir","Jammu","Industrial Development","Industrial development","Unlisted"
"C02157","Jammu and Kashmir Small Scale Industries Development Corporation","Government Company (PSU)","State PSU","Jammu and Kashmir","Srinagar","Industrial Development","MSME","Unlisted"
"C02158","Jammu and Kashmir Handicrafts (Sales and Export) Corporation","Government Company (PSU)","State PSU","Jammu and Kashmir","Srinagar","Textiles & Handloom","Handicrafts","Unlisted"
"C02159","Jammu and Kashmir Handloom Development Corporation","Government Company (PSU)","State PSU","Jammu and Kashmir","Srinagar","Textiles & Handloom","Handloom","Unlisted"
"C02160","Jammu and Kashmir Horticultural Produce Marketing and Processing Corporation","Government Company (PSU)","State PSU","Jammu and Kashmir","Srinagar","Agriculture & Food","Horticulture","Unlisted"
"C02161","Jammu and Kashmir State Forest Corporation","Government Company (PSU)","State PSU","Jammu and Kashmir","Jammu","Agriculture & Food","Forestry","Unlisted"
"C02162","Jammu and Kashmir Cements Limited","Government Company (PSU)","State PSU","Jammu and Kashmir","Srinagar","Cement","Cement","Unlisted"
"C02163","Jammu and Kashmir Agro Industries Development Corporation","Government Company (PSU)","State PSU","Jammu and Kashmir","Srinagar","Agriculture & Food","Agro","Unlisted"
"C02164","Jammu and Kashmir Projects Construction Corporation","Government Company (PSU)","State PSU","Jammu and Kashmir","Srinagar","Infrastructure","Construction","Unlisted"
"C02165","Jammu and Kashmir Tourism Development Corporation","Government Company (PSU)","State PSU","Jammu and Kashmir","Srinagar","Tourism & Hospitality","Tourism","Unlisted"
"C02166","Jammu and Kashmir Minerals Limited","Government Company (PSU)","State PSU","Jammu and Kashmir","Srinagar","Mining","Mining","Unlisted"
"C02167","Jammu and Kashmir State Cooperative Bank Limited","Cooperative Society","Cooperative","Jammu and Kashmir","Srinagar","Financial Services","Cooperative bank","Unlisted"
"C02168","Jammu and Kashmir Cooperative Supply and Marketing Federation","Cooperative Society","Cooperative","Jammu and Kashmir","Srinagar","Agriculture & Food","Coop federation","Unlisted"
"C02169","Jammu and Kashmir Development Finance Corporation","Government Company (PSU)","State PSU","Jammu and Kashmir","Srinagar","Financial Services","State finance corporation","Unlisted"
"C02170","Jammu and Kashmir Medical Supplies Corporation Limited","Government Company (PSU)","State PSU","Jammu and Kashmir","Jammu","Healthcare","Medical supplies","Unlisted"
"C02171","Jammu and Kashmir Housing Board","Statutory Corporation","State PSU","Jammu and Kashmir","Srinagar","Infrastructure","Housing","Unlisted"
"C02172","Jammu and Kashmir Livestock Development Board","Other","State PSU","Jammu and Kashmir","Jammu","Agriculture & Food","Livestock","Unlisted"
"C02173","Jammu and Kashmir Economic Reconstruction Agency","Other","State PSU","Jammu and Kashmir","Srinagar","Infrastructure","Development","Unlisted"
"C02174","Ladakh Power Development Department","Other","State PSU","Ladakh","Leh","Power","Power","Unlisted"
"C02175","Ladakh Renewable Energy Development Agency","Other","State PSU","Ladakh","Leh","Power","Renewable","Unlisted"
"C02176","Ladakh Autonomous Hill Development Council Leh","Other","State PSU","Ladakh","Leh","Infrastructure","Local body","Unlisted"
"C02177","Ladakh Autonomous Hill Development Council Kargil","Other","State PSU","Ladakh","Kargil","Infrastructure","Local body","Unlisted"
"C02178","Ladakh Infrastructure Development Corporation","Government Company (PSU)","State PSU","Ladakh","Leh","Infrastructure","Infrastructure","Unlisted"
"C02179","Ladakh State Road Transport (J&K SRTC Ladakh Division)","Other","State PSU","Ladakh","Leh","Transport","Bus transport","Unlisted"
"C02180","Ladakh Industrial Trade Development Corporation","Government Company (PSU)","State PSU","Ladakh","Leh","Industrial Development","Industrial","Unlisted"
"C02181","Chandigarh Transport Undertaking","Other","State PSU","Chandigarh","Chandigarh","Transport","Bus transport","Unlisted"
"C02182","Chandigarh Industrial and Tourism Development Corporation (CITCO)","Government Company (PSU)","State PSU","Chandigarh","Chandigarh","Tourism & Hospitality","Tourism & industry","Unlisted"
"C02183","Chandigarh Housing Board","Statutory Corporation","State PSU","Chandigarh","Chandigarh","Infrastructure","Housing","Unlisted"
"C02184","Chandigarh Smart City Limited","Government Company (PSU)","State PSU","Chandigarh","Chandigarh","Infrastructure","Smart city SPV","Unlisted"
"C02185","Chandigarh Scheduled Castes Financial Development Corporation","Government Company (PSU)","State PSU","Chandigarh","Chandigarh","Financial Services","Development finance","Unlisted"
"C02186","Chandigarh Administration Electricity Department","Other","State PSU","Chandigarh","Chandigarh","Power","Power","Unlisted"
"C02187","Chandigarh Power Distribution Limited","Private Limited","Private (Indian)","Chandigarh","Chandigarh","Power","Distribution","Unlisted"
"C02188","Chandigarh Cooperative Bank (Chandigarh State Cooperative Bank Limited)","Cooperative Society","Cooperative","Chandigarh","Chandigarh","Financial Services","Cooperative bank","Unlisted"
"C02189","Chandigarh Milk Union (Verka Chandigarh)","Cooperative Society","Cooperative","Chandigarh","Chandigarh","Agriculture & Food","Dairy","Unlisted"
"C02190","Rajasthan Rajya Vidyut Utpadan Nigam Limited","Government Company (PSU)","State PSU","Rajasthan","Jaipur","Power","Generation","Unlisted"
"C02191","Rajasthan Rajya Vidyut Prasaran Nigam Limited","Government Company (PSU)","State PSU","Rajasthan","Jaipur","Power","Transmission","Unlisted"
"C02192","Jaipur Vidyut Vitran Nigam Limited","Government Company (PSU)","State PSU","Rajasthan","Jaipur","Power","Distribution","Unlisted"
"C02193","Ajmer Vidyut Vitran Nigam Limited","Government Company (PSU)","State PSU","Rajasthan","Ajmer","Power","Distribution","Unlisted"
"C02194","Jodhpur Vidyut Vitran Nigam Limited","Government Company (PSU)","State PSU","Rajasthan","Jodhpur","Power","Distribution","Unlisted"
"C02195","Rajasthan Renewable Energy Corporation Limited","Government Company (PSU)","State PSU","Rajasthan","Jaipur","Power","Renewable","Unlisted"
"C02196","Rajasthan State Road Transport Corporation","Statutory Corporation","State PSU","Rajasthan","Jaipur","Transport","Bus transport","Unlisted"
"C02197","Rajasthan State Industrial Development and Investment Corporation Limited (RIICO)","Government Company (PSU)","State PSU","Rajasthan","Jaipur","Industrial Development","Industrial development","Unlisted"
"C02198","Rajasthan Financial Corporation","Statutory Corporation","State PSU","Rajasthan","Jaipur","Financial Services","State finance corporation","Unlisted"
"C02199","Rajasthan State Mines and Minerals Limited","Government Company (PSU)","State PSU","Rajasthan","Udaipur","Mining","Mining","Unlisted"
"C02200","Rajasthan Tourism Development Corporation","Government Company (PSU)","State PSU","Rajasthan","Jaipur","Tourism & Hospitality","Tourism","Unlisted"
"C02201","Rajasthan State Warehousing Corporation","Statutory Corporation","State PSU","Rajasthan","Jaipur","Agriculture & Food","Warehousing","Unlisted"
"C02202","Rajasthan State Ganganagar Sugar Mills Limited","Government Company (PSU)","State PSU","Rajasthan","Sri Ganganagar","Agriculture & Food","Sugar","Unlisted"
"C02203","Rajasthan Small Industries Corporation Limited","Government Company (PSU)","State PSU","Rajasthan","Jaipur","Industrial Development","MSME","Unlisted"
"C02204","Rajasthan State Seeds Corporation Limited","Government Company (PSU)","State PSU","Rajasthan","Jaipur","Agriculture & Food","Seeds","Unlisted"
"C02205","Rajasthan State Agro Industries Corporation Limited","Government Company (PSU)","State PSU","Rajasthan","Jaipur","Agriculture & Food","Agro inputs","Unlisted"
"C02206","Rajasthan State Handloom Development Corporation (Rajasthali)","Government Company (PSU)","State PSU","Rajasthan","Jaipur","Textiles & Handloom","Handloom","Unlisted"
"C02207","Rajasthan State Cooperative Marketing Federation (RAJFED)","Cooperative Society","Cooperative","Rajasthan","Jaipur","Agriculture & Food","Coop federation","Unlisted"
"C02208","Rajasthan State Cooperative Bank Limited","Cooperative Society","Cooperative","Rajasthan","Jaipur","Financial Services","Cooperative bank","Unlisted"
"C02209","Rajasthan Consumer Cooperative Federation (Confed)","Cooperative Society","Cooperative","Rajasthan","Jaipur","Agriculture & Food","Consumer coop","Unlisted"
"C02210","Rajasthan State Bridge and Road Development Corporation","Government Company (PSU)","State PSU","Rajasthan","Jaipur","Infrastructure","Roads","Unlisted"
"C02211","Rajasthan Metro Rail Corporation","Government Company (PSU)","Joint Venture","Rajasthan","Jaipur","Transport","Metro rail","Unlisted"
"C02212","Rajasthan State Petroleum Corporation Limited","Government Company (PSU)","State PSU","Rajasthan","Jaipur","Power","Petroleum","Unlisted"
"C02213","Rajasthan Avas Vikas and Infrastructure Limited (RAVIL)","Government Company (PSU)","State PSU","Rajasthan","Jaipur","Infrastructure","Housing","Unlisted"
"C02214","Rajasthan Housing Board","Statutory Corporation","State PSU","Rajasthan","Jaipur","Infrastructure","Housing","Unlisted"
"C02215","Rajasthan Urban Infrastructure Development Project","Other","State PSU","Rajasthan","Jaipur","Infrastructure","Urban","Unlisted"
"C02216","Rajasthan Medical Services Corporation Limited","Government Company (PSU)","State PSU","Rajasthan","Jaipur","Healthcare","Medical procurement","Unlisted"
"C02217","Rajasthan Skill and Livelihood Development Corporation","Government Company (PSU)","State PSU","Rajasthan","Jaipur","Infrastructure","Skill development","Unlisted"
"C02218","Rajasthan Scheduled Caste Scheduled Tribe Finance and Development Cooperative Corporation","Government Company (PSU)","State PSU","Rajasthan","Jaipur","Financial Services","Development finance","Unlisted"
"C02219","Rajasthan Land Development Corporation","Government Company (PSU)","State PSU","Rajasthan","Jaipur","Agriculture & Food","Land development","Unlisted"
"C02220","Rajasthan Civil Supplies Corporation Limited","Government Company (PSU)","State PSU","Rajasthan","Jaipur","Agriculture & Food","Civil supplies","Unlisted"
"C02221","Rajasthan Rajya Sahakari Spinning and Ginning Mills Federation (Spinfed)","Cooperative Society","Cooperative","Rajasthan","Jaipur","Textiles & Handloom","Spinning","Unlisted"
"C02222","Rajasthan Tribal Area Development Cooperative Federation","Cooperative Society","Cooperative","Rajasthan","Udaipur","Agriculture & Food","Coop federation","Unlisted"
"C02223","Rajasthan Investment Promotion Bureau (RIPS)","Other","State PSU","Rajasthan","Jaipur","Industrial Development","Investment promotion","Unlisted"
"C02224","Rajasthan Livelihood Mission (Rajeevika)","Trust/Society","Trust/Society","Rajasthan","Jaipur","Infrastructure","Livelihood","Unlisted"
"C02226","Rajasthan Patrika (Rajasthan Patrika Pvt Ltd)","Private Limited","Private (Indian)","Rajasthan","Jaipur","Media","Newspaper","Unlisted"
"C02227","Wonder Cement Limited","Public Limited","Private (Indian)","Rajasthan","Udaipur","Cement","Cement","Unlisted"
"C02228","Jaipur Rugs Company Private Limited","Private Limited","Private (Indian)","Rajasthan","Jaipur","Textiles","Carpets","Unlisted"
"C02229","Uttar Pradesh Power Corporation Limited","Government Company (PSU)","State PSU","Uttar Pradesh","Lucknow","Power","Transmission & distribution holding","Unlisted"
"C02230","Uttar Pradesh Rajya Vidyut Utpadan Nigam Limited","Government Company (PSU)","State PSU","Uttar Pradesh","Lucknow","Power","Generation","Unlisted"
"C02231","Uttar Pradesh Power Transmission Corporation Limited","Government Company (PSU)","State PSU","Uttar Pradesh","Lucknow","Power","Transmission","Unlisted"
"C02232","Purvanchal Vidyut Vitran Nigam Limited","Government Company (PSU)","State PSU","Uttar Pradesh","Varanasi","Power","Distribution","Unlisted"
"C02233","Madhyanchal Vidyut Vitran Nigam Limited","Government Company (PSU)","State PSU","Uttar Pradesh","Lucknow","Power","Distribution","Unlisted"
"C02234","Dakshinanchal Vidyut Vitran Nigam Limited","Government Company (PSU)","State PSU","Uttar Pradesh","Agra","Power","Distribution","Unlisted"
"C02235","Paschimanchal Vidyut Vitran Nigam Limited","Government Company (PSU)","State PSU","Uttar Pradesh","Meerut","Power","Distribution","Unlisted"
"C02236","Kanpur Electricity Supply Company Limited","Government Company (PSU)","State PSU","Uttar Pradesh","Kanpur","Power","Distribution","Unlisted"
"C02237","UP Jal Vidyut Nigam Limited","Government Company (PSU)","State PSU","Uttar Pradesh","Lucknow","Power","Hydro generation","Unlisted"
"C02238","Uttar Pradesh New and Renewable Energy Development Agency","Other","State PSU","Uttar Pradesh","Lucknow","Power","Renewable","Unlisted"
"C02239","Uttar Pradesh State Road Transport Corporation","Statutory Corporation","State PSU","Uttar Pradesh","Lucknow","Transport","Bus transport","Unlisted"
"C02240","Uttar Pradesh State Industrial Development Authority (UPSIDA)","Statutory Corporation","State PSU","Uttar Pradesh","Kanpur","Industrial Development","Industrial development","Unlisted"
"C02241","Uttar Pradesh State Industrial Development Corporation Limited (UPSIDC)","Government Company (PSU)","State PSU","Uttar Pradesh","Kanpur","Industrial Development","Industrial development","Unlisted"
"C02242","Uttar Pradesh Financial Corporation","Statutory Corporation","State PSU","Uttar Pradesh","Kanpur","Financial Services","State finance corporation","Unlisted"
"C02243","Pradeshiya Industrial and Investment Corporation of UP (PICUP)","Government Company (PSU)","State PSU","Uttar Pradesh","Lucknow","Financial Services","Investment / finance","Unlisted"
"C02244","UP State Warehousing Corporation","Statutory Corporation","State PSU","Uttar Pradesh","Lucknow","Agriculture & Food","Warehousing","Unlisted"
"C02245","UP State Tourism Development Corporation","Government Company (PSU)","State PSU","Uttar Pradesh","Lucknow","Tourism & Hospitality","Tourism","Unlisted"
"C02246","UP Handloom Corporation Limited","Government Company (PSU)","State PSU","Uttar Pradesh","Kanpur","Textiles & Handloom","Handloom","Unlisted"
"C02247","UP Export Corporation Limited","Government Company (PSU)","State PSU","Uttar Pradesh","Lucknow","Industrial Development","Export promotion","Unlisted"
"C02248","UP State Sugar Corporation Limited","Government Company (PSU)","State PSU","Uttar Pradesh","Lucknow","Agriculture & Food","Sugar","Unlisted"
"C02249","UP State Spinning Company Limited","Government Company (PSU)","State PSU","Uttar Pradesh","Kanpur","Textiles & Handloom","Spinning","Unlisted"
"C02250","UP State Bridge Corporation Limited","Government Company (PSU)","State PSU","Uttar Pradesh","Lucknow","Infrastructure","Bridges","Unlisted"
"C02251","UP Rajkiya Nirman Nigam Limited","Government Company (PSU)","State PSU","Uttar Pradesh","Lucknow","Infrastructure","Construction","Unlisted"
"C02252","UP Cooperative Federation (PCF)","Cooperative Society","Cooperative","Uttar Pradesh","Lucknow","Agriculture & Food","Coop federation","Unlisted"
"C02253","UP Cooperative Dairy Federation (Parag)","Cooperative Society","Cooperative","Uttar Pradesh","Lucknow","Agriculture & Food","Dairy federation","Unlisted"
"C02254","UP Cooperative Bank Limited","Cooperative Society","Cooperative","Uttar Pradesh","Lucknow","Financial Services","Cooperative bank","Unlisted"
"C02255","UP Cooperative Sugar Factories Federation","Cooperative Society","Cooperative","Uttar Pradesh","Lucknow","Agriculture & Food","Sugar coop federation","Unlisted"
"C02256","UP Cooperative Spinning Mills Federation","Cooperative Society","Cooperative","Uttar Pradesh","Kanpur","Textiles & Handloom","Spinning","Unlisted"
"C02257","UP Cooperative Village Development Bank","Cooperative Society","Cooperative","Uttar Pradesh","Lucknow","Financial Services","Cooperative bank","Unlisted"
"C02258","UP Metro Rail Corporation Limited","Government Company (PSU)","Joint Venture","Uttar Pradesh","Lucknow","Transport","Metro rail","Unlisted"
"C02259","UP Expressways Industrial Development Authority (UPEIDA)","Statutory Corporation","State PSU","Uttar Pradesh","Lucknow","Infrastructure","Expressways","Unlisted"
"C02260","Noida Metro Rail Corporation Limited","Government Company (PSU)","Joint Venture","Uttar Pradesh","Noida","Transport","Metro rail","Unlisted"
"C02261","New Okhla Industrial Development Authority (NOIDA)","Statutory Corporation","State PSU","Uttar Pradesh","Noida","Infrastructure","Urban development","Unlisted"
"C02262","Greater Noida Industrial Development Authority","Statutory Corporation","State PSU","Uttar Pradesh","Greater Noida","Infrastructure","Urban development","Unlisted"
"C02263","Yamuna Expressway Industrial Development Authority","Statutory Corporation","State PSU","Uttar Pradesh","Greater Noida","Infrastructure","Urban development","Unlisted"
"C02264","Lucknow Development Authority","Statutory Corporation","State PSU","Uttar Pradesh","Lucknow","Infrastructure","Urban development","Unlisted"
"C02265","UP Avas Vikas Parishad","Statutory Corporation","State PSU","Uttar Pradesh","Lucknow","Infrastructure","Housing","Unlisted"
"C02266","UP Jal Nigam","Statutory Corporation","State PSU","Uttar Pradesh","Lucknow","Infrastructure","Water","Unlisted"
"C02267","UP Medical Supplies Corporation Limited","Government Company (PSU)","State PSU","Uttar Pradesh","Lucknow","Healthcare","Medical procurement","Unlisted"
"C02268","UP Police Awas Nigam","Government Company (PSU)","State PSU","Uttar Pradesh","Lucknow","Infrastructure","Housing","Unlisted"
"C02269","UP Electronics Corporation Limited (UPLC)","Government Company (PSU)","State PSU","Uttar Pradesh","Lucknow","Technology","Electronics","Unlisted"
"C02270","UP Small Industries Corporation Limited","Government Company (PSU)","State PSU","Uttar Pradesh","Kanpur","Industrial Development","MSME","Unlisted"
"C02271","UP Forest Corporation","Statutory Corporation","State PSU","Uttar Pradesh","Lucknow","Agriculture & Food","Forestry","Unlisted"
"C02272","UP Beej Vikas Nigam","Government Company (PSU)","State PSU","Uttar Pradesh","Lucknow","Agriculture & Food","Seeds","Unlisted"
"C02273","UP Agro Industrial Corporation Limited","Government Company (PSU)","State PSU","Uttar Pradesh","Lucknow","Agriculture & Food","Agro","Unlisted"
"C02274","UP Bhumi Sudhar Nigam","Government Company (PSU)","State PSU","Uttar Pradesh","Lucknow","Agriculture & Food","Land reclamation","Unlisted"
"C02275","UP Scheduled Castes Finance and Development Corporation","Government Company (PSU)","State PSU","Uttar Pradesh","Lucknow","Financial Services","Development finance","Unlisted"
"C02276","UP Minorities Finance and Development Corporation","Government Company (PSU)","State PSU","Uttar Pradesh","Lucknow","Financial Services","Development finance","Unlisted"
"C02277","UP Backward Classes Finance and Development Corporation","Government Company (PSU)","State PSU","Uttar Pradesh","Lucknow","Financial Services","Development finance","Unlisted"
"C02278","Jaypee Infratech Limited","Public Limited","Private (Indian)","Uttar Pradesh","Noida","Real Estate","Infrastructure / real estate","Delisted/Unknown"
"C02279","Gujarat State Road Transport Corporation","Statutory Corporation","State PSU","Gujarat","Ahmedabad","Transport","Bus transport","Unlisted"
"C02280","Gujarat Urja Vikas Nigam Limited","Government Company (PSU)","State PSU","Gujarat","Vadodara","Power","Bulk power purchase","Unlisted"
"C02281","Gujarat State Electricity Corporation Limited","Government Company (PSU)","State PSU","Gujarat","Vadodara","Power","Generation","Unlisted"
"C02282","Gujarat Energy Transmission Corporation Limited","Government Company (PSU)","State PSU","Gujarat","Vadodara","Power","Transmission","Unlisted"
"C02283","Uttar Gujarat Vij Company Limited","Government Company (PSU)","State PSU","Gujarat","Mehsana","Power","Distribution","Unlisted"
"C02284","Dakshin Gujarat Vij Company Limited","Government Company (PSU)","State PSU","Gujarat","Surat","Power","Distribution","Unlisted"
"C02285","Madhya Gujarat Vij Company Limited","Government Company (PSU)","State PSU","Gujarat","Vadodara","Power","Distribution","Unlisted"
"C02286","Paschim Gujarat Vij Company Limited","Government Company (PSU)","State PSU","Gujarat","Rajkot","Power","Distribution","Unlisted"
"C02287","Gujarat Industrial Development Corporation","Statutory Corporation","State PSU","Gujarat","Gandhinagar","Industrial Development","Industrial development","Unlisted"
"C02288","Gujarat State Financial Services Limited","Government Company (PSU)","State PSU","Gujarat","Gandhinagar","Financial Services","Financial services","Unlisted"
"C02289","Gujarat State Investments Limited","Government Company (PSU)","State PSU","Gujarat","Gandhinagar","Financial Services","Investments","Unlisted"
"C02290","Gujarat State Petroleum Corporation Limited","Government Company (PSU)","State PSU","Gujarat","Gandhinagar","Power","Oil & gas","Unlisted"
"C02291","Gujarat Maritime Board","Statutory Corporation","State PSU","Gujarat","Gandhinagar","Transport","Ports","Unlisted"
"C02292","Gujarat Tourism Corporation Limited","Government Company (PSU)","State PSU","Gujarat","Gandhinagar","Tourism & Hospitality","Tourism","Unlisted"
"C02293","Gujarat State Civil Supplies Corporation Limited","Government Company (PSU)","State PSU","Gujarat","Gandhinagar","Agriculture & Food","Civil supplies","Unlisted"
"C02294","Gujarat State Warehousing Corporation","Statutory Corporation","State PSU","Gujarat","Ahmedabad","Agriculture & Food","Warehousing","Unlisted"
"C02295","Gujarat State Handloom and Handicrafts Development Corporation (Gurjari)","Government Company (PSU)","State PSU","Gujarat","Gandhinagar","Textiles & Handloom","Handloom","Unlisted"
"C02296","Gujarat Small Industries Corporation Limited","Government Company (PSU)","State PSU","Gujarat","Ahmedabad","Industrial Development","MSME","Unlisted"
"C02297","Gujarat State Financial Corporation","Statutory Corporation","State PSU","Gujarat","Ahmedabad","Financial Services","State finance corporation","Unlisted"
"C02298","Gujarat Agro Industries Corporation Limited","Government Company (PSU)","State PSU","Gujarat","Gandhinagar","Agriculture & Food","Agro inputs","Unlisted"
"C02299","Gujarat State Land Development Corporation","Government Company (PSU)","State PSU","Gujarat","Gandhinagar","Agriculture & Food","Land development","Unlisted"
"C02300","Gujarat Metro Rail Corporation Limited","Government Company (PSU)","Joint Venture","Gujarat","Gandhinagar","Transport","Metro rail","Unlisted"
"C02301","Gujarat International Finance Tec-City Company Limited","Government Company (PSU)","Joint Venture","Gujarat","Gandhinagar","Financial Services","Financial city","Unlisted"
"C02302","Gujarat Water Supply and Sewerage Board","Statutory Corporation","State PSU","Gujarat","Gandhinagar","Infrastructure","Water","Unlisted"
"C02303","Gujarat Housing Board","Statutory Corporation","State PSU","Gujarat","Gandhinagar","Infrastructure","Housing","Unlisted"
"C02304","Gujarat Livelihood Promotion Company","Government Company (PSU)","State PSU","Gujarat","Gandhinagar","Infrastructure","Livelihood","Unlisted"
"C02305","Sardar Sarovar Narmada Nigam Limited","Government Company (PSU)","State PSU","Gujarat","Gandhinagar","Infrastructure","Irrigation & hydro","Unlisted"
"C02306","Gujarat State Cooperative Bank Limited","Cooperative Society","Cooperative","Gujarat","Ahmedabad","Financial Services","Cooperative bank","Unlisted"
"C02307","Gujarat State Co-operative Cotton Federation","Cooperative Society","Cooperative","Gujarat","Ahmedabad","Textiles & Handloom","Cotton coop federation","Unlisted"
"C02308","Gujarat State Cooperative Marketing Federation (GUJCOMASOL)","Cooperative Society","Cooperative","Gujarat","Gandhinagar","Agriculture & Food","Coop federation","Unlisted"
"C02309","Gujarat Sugar Cooperative Federation","Cooperative Society","Cooperative","Gujarat","Ahmedabad","Agriculture & Food","Sugar","Unlisted"
"C02311","Nirma Limited","Public Limited","Private (Indian)","Gujarat","Ahmedabad","Consumer","FMCG","Unlisted"
"C02312","Cadila Pharmaceuticals Limited","Public Limited","Private (Indian)","Gujarat","Ahmedabad","Pharmaceuticals","Pharma","Unlisted"
"C02315","Intas Pharmaceuticals Limited","Private Limited","Private (Indian)","Gujarat","Ahmedabad","Pharmaceuticals","Pharma","Unlisted"
"C02316","Maharashtra State Road Transport Corporation","Statutory Corporation","State PSU","Maharashtra","Mumbai","Transport","Bus transport","Unlisted"
"C02317","Maharashtra State Electricity Distribution Company Limited","Government Company (PSU)","State PSU","Maharashtra","Mumbai","Power","Distribution","Unlisted"
"C02318","Maharashtra State Power Generation Company Limited","Government Company (PSU)","State PSU","Maharashtra","Mumbai","Power","Generation","Unlisted"
"C02319","Maharashtra State Electricity Transmission Company Limited","Government Company (PSU)","State PSU","Maharashtra","Mumbai","Power","Transmission","Unlisted"
"C02320","Maharashtra Industrial Development Corporation","Statutory Corporation","State PSU","Maharashtra","Mumbai","Industrial Development","Industrial development","Unlisted"
"C02321","City and Industrial Development Corporation of Maharashtra (CIDCO)","Government Company (PSU)","State PSU","Maharashtra","Navi Mumbai","Infrastructure","Urban development","Unlisted"
"C02322","State Industrial and Investment Corporation of Maharashtra (SICOM)","Government Company (PSU)","State PSU","Maharashtra","Mumbai","Financial Services","State finance corporation","Unlisted"
"C02323","Maharashtra State Financial Corporation","Statutory Corporation","State PSU","Maharashtra","Mumbai","Financial Services","State finance corporation","Unlisted"
"C02324","Maharashtra Tourism Development Corporation","Government Company (PSU)","State PSU","Maharashtra","Mumbai","Tourism & Hospitality","Tourism","Unlisted"
"C02325","Maharashtra State Warehousing Corporation","Statutory Corporation","State PSU","Maharashtra","Pune","Agriculture & Food","Warehousing","Unlisted"
"C02326","Maharashtra State Handloom Corporation","Government Company (PSU)","State PSU","Maharashtra","Nagpur","Textiles & Handloom","Handloom","Unlisted"
"C02327","Maharashtra State Cooperative Bank Limited","Cooperative Society","Cooperative","Maharashtra","Mumbai","Financial Services","Cooperative bank","Unlisted"
"C02328","Maharashtra State Cooperative Cotton Growers Marketing Federation","Cooperative Society","Cooperative","Maharashtra","Mumbai","Textiles & Handloom","Cotton","Unlisted"
"C02329","Maharashtra State Cooperative Marketing Federation","Cooperative Society","Cooperative","Maharashtra","Mumbai","Agriculture & Food","Coop federation","Unlisted"
"C02330","Maharashtra Rajya Sahakari Dudh Mahasangh (Mahanand)","Cooperative Society","Cooperative","Maharashtra","Mumbai","Agriculture & Food","Dairy federation","Unlisted"
"C02331","Maharashtra State Cooperative Sugar Factories Federation","Cooperative Society","Cooperative","Maharashtra","Mumbai","Agriculture & Food","Sugar","Unlisted"
"C02332","Maharashtra Metro Rail Corporation Limited (Maha-Metro)","Government Company (PSU)","Joint Venture","Maharashtra","Nagpur","Transport","Metro rail","Unlisted"
"C02333","Mumbai Metro Rail Corporation Limited","Government Company (PSU)","Joint Venture","Maharashtra","Mumbai","Transport","Metro rail","Unlisted"
"C02334","Mumbai Metropolitan Region Development Authority","Statutory Corporation","State PSU","Maharashtra","Mumbai","Infrastructure","Urban development","Unlisted"
"C02335","Maharashtra Airport Development Company Limited","Government Company (PSU)","State PSU","Maharashtra","Mumbai","Transport","Airports","Unlisted"
"C02336","Maharashtra State Road Development Corporation Limited","Government Company (PSU)","State PSU","Maharashtra","Mumbai","Infrastructure","Roads","Unlisted"
"C02337","Maharashtra Housing and Area Development Authority (MHADA)","Statutory Corporation","State PSU","Maharashtra","Mumbai","Infrastructure","Housing","Unlisted"
"C02338","Slum Rehabilitation Authority Maharashtra","Statutory Corporation","State PSU","Maharashtra","Mumbai","Infrastructure","Housing","Unlisted"
"C02339","Maharashtra Agro Industries Development Corporation","Government Company (PSU)","State PSU","Maharashtra","Mumbai","Agriculture & Food","Agro","Unlisted"
"C02340","Maharashtra State Seeds Corporation Limited (Mahabeej)","Government Company (PSU)","State PSU","Maharashtra","Akola","Agriculture & Food","Seeds","Unlisted"
"C02341","Maharashtra Small Scale Industries Development Corporation","Government Company (PSU)","State PSU","Maharashtra","Mumbai","Industrial Development","MSME","Unlisted"
"C02342","Maharashtra Krishi Udyog Vikas Mahamandal","Government Company (PSU)","State PSU","Maharashtra","Mumbai","Agriculture & Food","Agri-industry","Unlisted"
"C02343","Forest Development Corporation of Maharashtra","Government Company (PSU)","State PSU","Maharashtra","Nagpur","Agriculture & Food","Forestry","Unlisted"
"C02344","Maharashtra Electronics Corporation Limited (MELTRON)","Government Company (PSU)","State PSU","Maharashtra","Mumbai","Technology","Electronics","Unlisted"
"C02345","Maharashtra State Mining Corporation Limited","Government Company (PSU)","State PSU","Maharashtra","Nagpur","Mining","Mining","Unlisted"
"C02346","Maharashtra Police Housing and Welfare Corporation","Government Company (PSU)","State PSU","Maharashtra","Mumbai","Infrastructure","Housing","Unlisted"
"C02347","Maharashtra Medical Goods Procurement Authority","Other","State PSU","Maharashtra","Mumbai","Healthcare","Procurement","Unlisted"
"C02348","Maharashtra Maritime Board","Statutory Corporation","State PSU","Maharashtra","Mumbai","Transport","Ports","Unlisted"
"C02349","Brihanmumbai Electric Supply and Transport Undertaking (BEST)","Other","State PSU","Maharashtra","Mumbai","Power","Power & bus","Unlisted"
"C02350","Annasaheb Patil Arthik Magas Vikas Mahamandal","Government Company (PSU)","State PSU","Maharashtra","Mumbai","Financial Services","Development finance","Unlisted"
"C02351","Mahatma Phule Backward Class Development Corporation","Government Company (PSU)","State PSU","Maharashtra","Mumbai","Financial Services","Development finance","Unlisted"
"C02352","Maharashtra State Infrastructure Development Corporation","Government Company (PSU)","State PSU","Maharashtra","Mumbai","Infrastructure","Infrastructure","Unlisted"
"C02353","Serum Institute of India Private Limited","Private Limited","Private (Indian)","Maharashtra","Pune","Pharmaceuticals","Vaccines","Unlisted"
"C02354","Goa Electricity Department","Other","State PSU","Goa","Panaji","Power","Power utility","Unlisted"
"C02355","Kadamba Transport Corporation Limited","Government Company (PSU)","State PSU","Goa","Panaji","Transport","Bus transport","Unlisted"
"C02356","Goa Industrial Development Corporation","Statutory Corporation","State PSU","Goa","Panaji","Industrial Development","Industrial development","Unlisted"
"C02357","Goa State Infrastructure Development Corporation","Government Company (PSU)","State PSU","Goa","Panaji","Infrastructure","Infrastructure","Unlisted"
"C02358","Goa Tourism Development Corporation","Government Company (PSU)","State PSU","Goa","Panaji","Tourism & Hospitality","Tourism","Unlisted"
"C02359","Goa State Cooperative Bank Limited","Cooperative Society","Cooperative","Goa","Panaji","Financial Services","Cooperative bank","Unlisted"
"C02360","Goa Dairy (Goa State Cooperative Milk Producers Union)","Cooperative Society","Cooperative","Goa","Ponda","Agriculture & Food","Dairy","Unlisted"
"C02361","Goa Handicrafts, Rural and Small Scale Industries Development Corporation","Government Company (PSU)","State PSU","Goa","Panaji","Industrial Development","Handicrafts / MSME","Unlisted"
"C02362","Goa State Scheduled Tribes Finance and Development Corporation","Government Company (PSU)","State PSU","Goa","Panaji","Financial Services","Development finance","Unlisted"
"C02363","Goa Antibiotics and Pharmaceuticals Limited","Government Company (PSU)","State PSU","Goa","Ponda","Pharmaceuticals","Antibiotics","Unlisted"
"C02364","Goa Forest Development Corporation","Government Company (PSU)","State PSU","Goa","Panaji","Agriculture & Food","Forestry","Unlisted"
"C02365","Goa State Horticultural Corporation Limited","Government Company (PSU)","State PSU","Goa","Panaji","Agriculture & Food","Horticulture","Unlisted"
"C02366","Goa Housing Board","Statutory Corporation","State PSU","Goa","Panaji","Infrastructure","Housing","Unlisted"
"C02367","Goa Waste Management Corporation","Government Company (PSU)","State PSU","Goa","Panaji","Infrastructure","Waste","Unlisted"
"C02368","Goa State Civil Supplies Corporation Limited","Government Company (PSU)","State PSU","Goa","Panaji","Agriculture & Food","Civil supplies","Unlisted"
"C02371","Fomento Resources Private Limited","Private Limited","Private (Indian)","Goa","Goa","Mining","Mining","Unlisted"
"C02372","Chowgule and Company Private Limited","Private Limited","Private (Indian)","Goa","Goa","Logistics","Diversified","Unlisted"
"C02373","Dempo Industries Private Limited","Private Limited","Private (Indian)","Goa","Panaji","Diversified","Mining / shipping / media","Unlisted"
"C02374","Mormugao Port Authority","Statutory Corporation","Central PSU","Goa","Vasco da Gama","Logistics","Port","Unlisted"
"C02375","Madhya Pradesh Power Generating Company Limited","Government Company (PSU)","State PSU","Madhya Pradesh","Jabalpur","Power","Generation","Unlisted"
"C02376","Madhya Pradesh Power Transmission Company Limited","Government Company (PSU)","State PSU","Madhya Pradesh","Jabalpur","Power","Transmission","Unlisted"
"C02377","Madhya Pradesh Power Management Company Limited","Government Company (PSU)","State PSU","Madhya Pradesh","Jabalpur","Power","Power procurement","Unlisted"
"C02378","Madhya Pradesh Madhya Kshetra Vidyut Vitaran Company Limited","Government Company (PSU)","State PSU","Madhya Pradesh","Bhopal","Power","Distribution","Unlisted"
"C02379","Madhya Pradesh Paschim Kshetra Vidyut Vitaran Company Limited","Government Company (PSU)","State PSU","Madhya Pradesh","Indore","Power","Distribution","Unlisted"
"C02380","Madhya Pradesh Poorv Kshetra Vidyut Vitaran Company Limited","Government Company (PSU)","State PSU","Madhya Pradesh","Jabalpur","Power","Distribution","Unlisted"
"C02381","Madhya Pradesh State Road Transport Corporation","Statutory Corporation","State PSU","Madhya Pradesh","Bhopal","Transport","Bus transport","Unlisted"
"C02382","Madhya Pradesh Audyogik Kendra Vikas Nigam","Government Company (PSU)","State PSU","Madhya Pradesh","Bhopal","Industrial Development","Industrial development","Unlisted"
"C02383","Madhya Pradesh Financial Corporation (MP State Industrial Development Corp Ltd)","Statutory Corporation","State PSU","Madhya Pradesh","Bhopal","Financial Services","State finance corporation","Unlisted"
"C02384","Madhya Pradesh Tourism Development Corporation","Government Company (PSU)","State PSU","Madhya Pradesh","Bhopal","Tourism & Hospitality","Tourism","Unlisted"
"C02385","Madhya Pradesh State Civil Supplies Corporation Limited","Government Company (PSU)","State PSU","Madhya Pradesh","Bhopal","Agriculture & Food","Civil supplies","Unlisted"
"C02386","Madhya Pradesh State Warehousing and Logistics Corporation","Statutory Corporation","State PSU","Madhya Pradesh","Bhopal","Agriculture & Food","Warehousing","Unlisted"
"C02387","Madhya Pradesh State Agro Industries Development Corporation","Government Company (PSU)","State PSU","Madhya Pradesh","Bhopal","Agriculture & Food","Agro","Unlisted"
"C02388","Madhya Pradesh State Mining Corporation Limited","Government Company (PSU)","State PSU","Madhya Pradesh","Bhopal","Mining","Mining","Unlisted"
"C02389","Madhya Pradesh Laghu Udyog Nigam","Government Company (PSU)","State PSU","Madhya Pradesh","Bhopal","Industrial Development","MSME","Unlisted"
"C02390","Madhya Pradesh State Electronics Development Corporation Limited","Government Company (PSU)","State PSU","Madhya Pradesh","Bhopal","Technology","Electronics","Unlisted"
"C02391","Madhya Pradesh State Handloom and Handicrafts Development Corporation (Mrignayani)","Government Company (PSU)","State PSU","Madhya Pradesh","Bhopal","Textiles & Handloom","Handicrafts","Unlisted"
"C02392","Madhya Pradesh State Forest Development Corporation","Government Company (PSU)","State PSU","Madhya Pradesh","Bhopal","Agriculture & Food","Forestry","Unlisted"
"C02393","Madhya Pradesh Metro Rail Company Limited","Government Company (PSU)","Joint Venture","Madhya Pradesh","Bhopal","Transport","Metro rail","Unlisted"
"C02394","Madhya Pradesh Road Development Corporation Limited","Government Company (PSU)","State PSU","Madhya Pradesh","Bhopal","Infrastructure","Roads","Unlisted"
"C02395","Madhya Pradesh Housing and Infrastructure Development Board","Statutory Corporation","State PSU","Madhya Pradesh","Bhopal","Infrastructure","Housing","Unlisted"
"C02396","Madhya Pradesh State Cooperative Dairy Federation (Sanchi)","Cooperative Society","Cooperative","Madhya Pradesh","Bhopal","Agriculture & Food","Dairy federation","Unlisted"
"C02397","Madhya Pradesh Rajya Sahakari Bank Maryadit (Apex Bank)","Cooperative Society","Cooperative","Madhya Pradesh","Bhopal","Financial Services","Cooperative bank","Unlisted"
"C02398","MARKFED Madhya Pradesh State Cooperative Marketing Federation","Cooperative Society","Cooperative","Madhya Pradesh","Bhopal","Agriculture & Food","Coop federation","Unlisted"
"C02399","Madhya Pradesh Rajya Beej Evam Farm Vikas Nigam","Government Company (PSU)","State PSU","Madhya Pradesh","Bhopal","Agriculture & Food","Seeds","Unlisted"
"C02400","Madhya Pradesh Pichhda Varg Evam Alpsankhyak Vitta Vikas Nigam","Government Company (PSU)","State PSU","Madhya Pradesh","Bhopal","Financial Services","Development finance","Unlisted"
"C02401","Madhya Pradesh Trade and Investment Facilitation Corporation Limited (TRIFAC)","Government Company (PSU)","State PSU","Madhya Pradesh","Bhopal","Industrial Development","Investment promotion","Unlisted"
"C02402","Madhya Pradesh Medical Services (MP Public Health Services Corporation)","Government Company (PSU)","State PSU","Madhya Pradesh","Bhopal","Healthcare","Procurement","Unlisted"
"C02403","Madhya Pradesh Urban Development Company Limited","Government Company (PSU)","State PSU","Madhya Pradesh","Bhopal","Infrastructure","Urban","Unlisted"
"C02404","Bhopal Smart City Development Corporation Limited","Government Company (PSU)","State PSU","Madhya Pradesh","Bhopal","Infrastructure","Smart city SPV","Unlisted"
"C02405","Indore Smart City Development Limited","Government Company (PSU)","State PSU","Madhya Pradesh","Indore","Infrastructure","Smart city SPV","Unlisted"
"C02406","Atal Indore City Transport Services Limited","Government Company (PSU)","State PSU","Madhya Pradesh","Indore","Transport","Bus transport","Unlisted"
"C02407","Pithampur Auto Cluster Limited","Public Limited","Private (Indian)","Madhya Pradesh","Pithampur","Industrial","Industrial cluster","Unlisted"
"C02408","Chhattisgarh State Power Generation Company Limited","Government Company (PSU)","State PSU","Chhattisgarh","Raipur","Power","Generation","Unlisted"
"C02409","Chhattisgarh State Power Transmission Company Limited","Government Company (PSU)","State PSU","Chhattisgarh","Raipur","Power","Transmission","Unlisted"
"C02410","Chhattisgarh State Power Distribution Company Limited","Government Company (PSU)","State PSU","Chhattisgarh","Raipur","Power","Distribution","Unlisted"
"C02411","Chhattisgarh State Power Trading Company Limited","Government Company (PSU)","State PSU","Chhattisgarh","Raipur","Power","Trading","Unlisted"
"C02412","Chhattisgarh State Power Holding Company Limited","Government Company (PSU)","State PSU","Chhattisgarh","Raipur","Power","Holding","Unlisted"
"C02413","Chhattisgarh State Industrial Development Corporation Limited","Government Company (PSU)","State PSU","Chhattisgarh","Raipur","Industrial Development","Industrial development","Unlisted"
"C02414","Chhattisgarh Infrastructure Development Corporation Limited","Government Company (PSU)","State PSU","Chhattisgarh","Raipur","Infrastructure","Infrastructure","Unlisted"
"C02415","Chhattisgarh State Civil Supplies Corporation Limited (Nagrik Apurti Nigam)","Government Company (PSU)","State PSU","Chhattisgarh","Raipur","Agriculture & Food","Civil supplies","Unlisted"
"C02416","Chhattisgarh State Warehousing Corporation","Statutory Corporation","State PSU","Chhattisgarh","Raipur","Agriculture & Food","Warehousing","Unlisted"
"C02417","Chhattisgarh Tourism Board","Statutory Corporation","State PSU","Chhattisgarh","Raipur","Tourism & Hospitality","Tourism","Unlisted"
"C02418","Chhattisgarh Mineral Development Corporation Limited","Government Company (PSU)","State PSU","Chhattisgarh","Raipur","Mining","Mining","Unlisted"
"C02419","Chhattisgarh State Minor Forest Produce Cooperative Federation","Cooperative Society","Cooperative","Chhattisgarh","Raipur","Agriculture & Food","Forest produce","Unlisted"
"C02420","Chhattisgarh State Cooperative Bank (Apex Bank) Maryadit","Cooperative Society","Cooperative","Chhattisgarh","Raipur","Financial Services","Cooperative bank","Unlisted"
"C02421","Chhattisgarh Rajya Sahakari Vipnan Sangh (MARKFED)","Cooperative Society","Cooperative","Chhattisgarh","Raipur","Agriculture & Food","Coop federation","Unlisted"
