"id","name","entity_type","ownership","state_region","hq","sector_raw","sub_sector_raw","listing","ticker","isin","nse_series","cin","src","origin"
"C00521","National Highways Authority of India","Statutory Corporation","Central PSU","Pan-India","New Delhi","Infrastructure","Roads","Unlisted","","","","","central_psu_banks_ins.csv","agent"
"C00523","Employees' State Insurance Corporation","Statutory Corporation","Central PSU","Pan-India","New Delhi","Insurance","Social security","Unlisted","","","","","central_psu_banks_ins.csv","agent"
"C00528","Reserve Bank of India","Statutory Corporation","Central PSU","Pan-India","Mumbai","Banking","Central bank","Unlisted","","","","","central_psu_banks_ins.csv","agent"
"C00535","Tea Board","Statutory Corporation","Central PSU","Pan-India","Kolkata","Food & Agriculture","Commodity board","Unlisted","","","","","central_psu_banks_ins.csv","agent"
"C03842","Haryana Power Purchase Centre","Other","State PSU","Haryana","Panchkula","Power","Power trading","Unlisted","","","","","state_psu_north_west.csv","agent"
"C03852","Haryana Roadways","Other","State PSU","Haryana","Chandigarh","Transport","Bus transport","Unlisted","","","","","state_psu_north_west.csv","agent"
"C03862","Haryana Sheep and Wool Development Board","Other","State PSU","Haryana","Hisar","Agriculture & Food","Wool","Unlisted","","","","","state_psu_north_west.csv","agent"
"C03866","Punjab Roadways (PUNBUS)","Other","State PSU","Punjab","Chandigarh","Transport","Bus transport","Unlisted","","","","","state_psu_north_west.csv","agent"
"C03912","Himachal Pradesh Bus Stand Management and Development Authority","Other","State PSU","Himachal Pradesh","Shimla","Transport","Bus terminals","Unlisted","","","","","state_psu_north_west.csv","agent"
"C03924","Uttarakhand Bhesaj Vikas Sangh","Other","State PSU","Uttarakhand","Dehradun","Agriculture & Food","Herbal","Unlisted","","","","","state_psu_north_west.csv","agent"
"C03929","Uttarakhand Handloom and Handicraft Development Council","Other","State PSU","Uttarakhand","Dehradun","Textiles & Handloom","Handloom","Unlisted","","","","","state_psu_north_west.csv","agent"
"C03956","Jammu and Kashmir Livestock Development Board","Other","State PSU","Jammu and Kashmir","Jammu","Agriculture & Food","Livestock","Unlisted","","","","","state_psu_north_west.csv","agent"
"C03957","Jammu and Kashmir Economic Reconstruction Agency","Other","State PSU","Jammu and Kashmir","Srinagar","Infrastructure","Development","Unlisted","","","","","state_psu_north_west.csv","agent"
"C03958","Ladakh Power Development Department","Other","State PSU","Ladakh","Leh","Power","Power","Unlisted","","","","","state_psu_north_west.csv","agent"
"C03959","Ladakh Renewable Energy Development Agency","Other","State PSU","Ladakh","Leh","Power","Renewable","Unlisted","","","","","state_psu_north_west.csv","agent"
"C03960","Ladakh Autonomous Hill Development Council Leh","Other","State PSU","Ladakh","Leh","Infrastructure","Local body","Unlisted","","","","","state_psu_north_west.csv","agent"
"C03961","Ladakh Autonomous Hill Development Council Kargil","Other","State PSU","Ladakh","Kargil","Infrastructure","Local body","Unlisted","","","","","state_psu_north_west.csv","agent"
"C03963","Ladakh State Road Transport (J&K SRTC Ladakh Division)","Other","State PSU","Ladakh","Leh","Transport","Bus transport","Unlisted","","","","","state_psu_north_west.csv","agent"
"C03965","Chandigarh Transport Undertaking","Other","State PSU","Chandigarh","Chandigarh","Transport","Bus transport","Unlisted","","","","","state_psu_north_west.csv","agent"
"C03970","Chandigarh Administration Electricity Department","Other","State PSU","Chandigarh","Chandigarh","Power","Power","Unlisted","","","","","state_psu_north_west.csv","agent"
"C03999","Rajasthan Urban Infrastructure Development Project","Other","State PSU","Rajasthan","Jaipur","Infrastructure","Urban","Unlisted","","","","","state_psu_north_west.csv","agent"
"C04007","Rajasthan Investment Promotion Bureau (RIPS)","Other","State PSU","Rajasthan","Jaipur","Industrial Development","Investment promotion","Unlisted","","","","","state_psu_north_west.csv","agent"
"C04020","Uttar Pradesh New and Renewable Energy Development Agency","Other","State PSU","Uttar Pradesh","Lucknow","Power","Renewable","Unlisted","","","","","state_psu_north_west.csv","agent"
"C04126","Maharashtra Medical Goods Procurement Authority","Other","State PSU","Maharashtra","Mumbai","Healthcare","Procurement","Unlisted","","","","","state_psu_north_west.csv","agent"
"C04128","Brihanmumbai Electric Supply and Transport Undertaking (BEST)","Other","State PSU","Maharashtra","Mumbai","Power","Power & bus","Unlisted","","","","","state_psu_north_west.csv","agent"
"C04132","Goa Electricity Department","Other","State PSU","Goa","Panaji","Power","Power utility","Unlisted","","","","","state_psu_north_west.csv","agent"
"C04208","Chhattisgarh Renewable Energy Development Agency (CREDA)","Other","State PSU","Chhattisgarh","Raipur","Power","Renewable","Unlisted","","","","","state_psu_north_west.csv","agent"
"C04209","Chhattisgarh Biofuel Development Authority","Other","State PSU","Chhattisgarh","Raipur","Power","Biofuel","Unlisted","","","","","state_psu_north_west.csv","agent"
"C04219","Dadra and Nagar Haveli and Daman and Diu Administration Transport Undertaking","Other","State PSU","Dadra and Nagar Haveli and Daman and Diu","Daman","Transport","Bus transport","Unlisted","","","","","state_psu_north_west.csv","agent"
"C04340","Andhra Pradesh Electronics and IT Agency","Government Company (PSU)","State PSU","Andhra Pradesh","Vijayawada","Information Technology","IT promotion","Unlisted","","","","","state_psu_south_east_ne.csv","agent"
"C04348","Andhra Pradesh Capital Region Development Authority (APCRDA)","Statutory Corporation","State PSU","Andhra Pradesh","Amaravati","Infrastructure","Urban development","Unlisted","","","","","state_psu_south_east_ne.csv","agent"
"C04349","Andhra Pradesh Maritime Board","Statutory Corporation","State PSU","Andhra Pradesh","Kakinada","Infrastructure","Ports","Unlisted","","","","","state_psu_south_east_ne.csv","agent"
"C04369","Hyderabad Metropolitan Water Supply and Sewerage Board (HMWSSB)","Statutory Corporation","State PSU","Telangana","Hyderabad","Utilities","Water and sewerage","Unlisted","","","","","state_psu_south_east_ne.csv","agent"
"C04448","Bihar Industrial Area Development Authority (BIADA)","Statutory Corporation","State PSU","Bihar","Patna","Industrial Development","Industrial parks","Unlisted","","","","","state_psu_south_east_ne.csv","agent"
"C04460","Bihar State Housing Board","Statutory Corporation","State PSU","Bihar","Patna","Housing","Housing","Unlisted","","","","","state_psu_south_east_ne.csv","agent"
"C04470","Jharkhand State Housing Board","Statutory Corporation","State PSU","Jharkhand","Ranchi","Housing","Housing","Unlisted","","","","","state_psu_south_east_ne.csv","agent"
"C04473","Jharkhand State Khadi Gramodyog Board (Jharcraft)","Government Company (PSU)","State PSU","Jharkhand","Ranchi","Textiles & Handloom","Handloom and handicrafts","Unlisted","","","","","state_psu_south_east_ne.csv","agent"
"C04487","Assam State Housing Board","Statutory Corporation","State PSU","Assam","Guwahati","Housing","Housing","Unlisted","","","","","state_psu_south_east_ne.csv","agent"
