ticker,name
20MICRONS,20 Microns Limited
21STCENMGM,21st Century Management Services Limited
3BBLACKBIO,3B Blackbio Dx Limited
3IINFOLTD,3i Infotech Limited
3PLAND,3P Land Holdings Limited
63MOONS,63 moons technologies limited
A2ZINFRA,A2Z Infra Engineering Limited
AAATECH,AAA Technologies Limited
AAKASH,Aakash Exploration Services Limited
AAREYDRUGS,Aarey Drugs & Pharmaceuticals Limited
AARNAV,Aarnav Fashions Limited
AARON,Aaron Industries Limited
AARTECH,Aartech Solonics Limited
AARTIPHARM,Aarti Pharmalabs Limited
AARTISURF,Aarti Surfactants Limited
AARVI,Aarvi Encon Limited
AASTHA,Aastha Spintex Limited
ABAN,Aban Offshore Limited
ABANSENT,Abans Enterprises Limited
ABCOTS,A B Cotspin India Limited
ABDL,Allied Blenders and Distillers Limited
ABINFRA,A B Infrabuild Limited
ABLBL,Aditya Birla Lifestyle Brands Limited
ABMINTLLTD,ABM International Limited
ABMKNO,ABM Knowledgeware Limited
ACCURACY,Accuracy Shipping Limited
ACEINTEG,Ace Integrated Solutions Limited
ACGL,Automobile Corporation of Goa Limited
ACL,Andhra Cements Limited
ACMESOLAR,Acme Solar Holdings Limited
ACSTECH,ACS Technologies Limited
ACUTAAS,Acutaas Chemicals Limited
ADDIND,Addi Industries Limited
ADL,Archidply Decor Limited
ADROITIND,Adroit Industries (India) Limited
ADROITINFO,Adroit Infotech Limited
ADVANCE,Advance Agrolife Limited
ADVENTHTL,Advent Hotels International Limited
ADVENZYMES,Advanced Enzyme Technologies Limited
ADVIKCA,Advik Capital Limited
AEGISVOPAK,Aegis Vopak Terminals Limited
AEPL,Artemis Electricals and Projects Limited
AEROENTER,Aeroflex Enterprises Limited
AEROFLEX,Aeroflex Industries Limited
AERONEU,Aeroflex Neu Limited
AEROPLANE,Amir Chand Jagdish Kumar (Exports) Limited
AFIL,Akme Fintrade (India) Limited
AFSL,Abans Financial Services Limited
AGARIND,Agarwal Industrial Corporation Limited
AGASTYAEN,Agastya Energy and Infrastructure Limited
AGIIL,Agi Infra Limited
AGL,Allcargo Global Limited
AGRITECH,Agri-Tech (India) Limited
AGROPHOS,Agro Phos India Limited
AGSTRA,AGS Transact Technologies Limited
AHCL,Anlon Healthcare Limited
AHLADA,Ahlada Engineers Limited
AHLEAST,Asian Hotels (East) Limited
AHLWEST,Asian Hotels (West) Limited
AIIL,Authum Investment & Infrastructure Limited
AIRAN,Airan Limited
AIROLAM,Airo Lam limited
AJAXENGG,Ajax Engineering Limited
AJOONI,Ajooni Biotech Limited
AKASH,Akash Infra-Projects Limited
AKCAPIT,AK Capital Services Limited
AKG,Akg Exim Limited
AKI,AKI India Limited
AKSHOPTFBR,Aksh Optifibre Limited
AKUMS,Akums Drugs and Pharmaceuticals Limited
ALBERTDAVD,Albert David Limited
ALFREDHE,Alfred Herbert India Limited
ALGOQUANT,Algoquant Fintech Limited
ALIVUS,Alivus Life Sciences Limited
ALKALI,Alkali Metals Limited
ALLDIGI,Alldigi Tech Limited
ALLTIME,All Time Plastics Limited
ALMONDZ,Almondz Global Securities Limited
ALPA,Alpa Laboratories Limited
ALPINETEX,Alpine Texworld Limited
ALUFLUOR,Alufluoride Limited
AMAGI,Amagi Media Labs Limited
AMAL,Amal Limited
AMANTA,Amanta Healthcare Limited
AMARJOTHI,Amarjothi Spinning Mills Limited
AMBALALSA,Ambalal Sarabhai Enterprises Limited
AMBICAAGAR,Ambica Agarbathies & Aroma industries Limited
AMDIND,AMD Industries Limited
AMJLAND,Amj Land Holdings Limited
AMNPLST,Amines & Plasticizers Limited
ANIKINDS,Anik Industries Limited
ANKITMETAL,Ankit Metal & Power Limited
ANMOL,Anmol India Limited
ANNAPURNA,Annapurna Swadisht Limited
ANNU,Annu Projects Limited
ANSALBU,Ansal Buildwell Limited
ANTELOPUS,Antelopus Selan Energy Limited
ANTGRAPHIC,Antarctica Limited
ANUHPHR,Anuh Pharma Limited
ANUP,The Anup Engineering Limited
APCL,Anjani Portland Cement Limited
APCOTEXIND,Apcotex Industries Limited
APOLSINHOT,Apollo Sindoori Hotels Limited
APOORVA,Apoorva Leasing Finance and Investment Company Limited
AQYLON,Aqylon Nexus Limited
ARCHIDPLY,Archidply Industries Limited
ARCHIES,Archies Limited
ARCL,ARCL Organics Limited
ARDEE,Ardee Industries Limited
ARENTERP,Rajdarshan Industries Limited
ARFIN,Arfin India Limited
ARIES,Aries Agro Limited
ARIHANT,Arihant Foundations & Housing Limited
ARIS,Arisinfra Solutions Limited
ARKADE,Arkade Developers Limited
ARMEE,ArMee Infotech Limited
AROGRANITE,Aro Granite Industries Limited
ARTEMISMED,Artemis Medicare Services Limited
ARTNIRMAN,Art Nirman Limited
ARVEE,Arvee Laboratories (India) Limited
ARYAMAN,Aryaman Financial Services Limited
ASAHIINDIA,Asahi India Glass Limited
ASHIKAG,Ashika Global Securities Limited
ASIANENE,Asian Energy Services Limited
ASIANHOTNR,Asian Hotels (North) Limited
ASIANTNE,Asian Tea & Exports Limited
ASMS,Avio Smart Market Stack Limited
ASPINWALL,Aspinwall and Company Limited
ASSAMENT,Assam Entrade Limited
ASTAR,Asian Star Company Limited
ASTRON,Astron Paper & Board Mill Limited
ATALREAL,Atal Realtech Limited
ATAM,Atam Valves Limited
ATL,Allcargo Terminals Limited
ATLANTAA,ATLANTAA LIMITED
ATLANTAELE,Atlanta Electricals Limited
AUGMONT,Augmont Enterprises Limited
AURUM,Aurum PropTech Limited
AURUS,AURUS GEM CORPORATION LIMITED
AUSOMENT,Ausom Enterprise Limited
AUSTENG,Austin Engineering Company  Limited
AVALON,Avalon Technologies Limited
AVANCE,Avance Technologies Limited
AVANTEL,Avantel Limited
AVG,AVG Logistics Limited
AVL,Aditya Vision Limited
AVONMORE,Avonmore Capital & Management Services Limited
AVROIND,AVRO INDIA LIMITED
AWFIS,Awfis Space Solutions Limited
AWHCL,Antony Waste Handling Cell Limited
AXITA,Axita Cotton Limited
AXTEL,Axtel Industries Limited
AYMSYNTEX,AYM Syntex Limited
AZADIND,Azad India Mobility Limited
BAFNAPH,Bafna Pharmaceuticals Limited
BAGFILMS,B.A.G Films and Media Limited
BAIDFIN,Baid Finserv Limited
BAJAJCON,Bajaj Consumer Care Limited
BAJAJHCARE,Bajaj Healthcare Limited
BAJAJINDEF,Indef Manufacturing Limited
BAJEL,Bajel Projects Limited
BALAJEE,Shree Tirupati Balajee Agro Trading Company Limited
BALAXI,BALAXI PHARMACEUTICALS LIMITED
BALKRISHNA,Balkrishna Paper Mills Limited
BALPHARMA,Bal Pharma Limited
BALUFORGE,Balu Forge Industries Limited
BANARBEADS,Banaras Beads Limited
BANG,Bang Overseas Limited
BANKA,Banka BioLoo Limited
BANSALWIRE,Bansal Wire Industries Limited
BASF,BASF India Limited
BBOX,Black Box Limited
BBTC,The Bombay Burmah Trading Corporation Limited
BBTCL,B&B Triplewall Containers Limited
BCG,Brightcom Group Limited
BCLIND,Bcl Industries Limited
BCONCEPTS,Brand Concepts Limited
BCPL,BCPL Railway Infrastructure Limited
BEARDSELL,Beardsell Limited
BEDMUTHA,Bedmutha Industries Limited
BEEKAY,Beekay Steel Industries Limited
BELLACASA,Bella Casa Fashion & Retail Limited
BELRISE,Belrise Industries Limited
BENARAS,Benares Hotels Limited
BENGALASM,Bengal & Assam Company Limited
BESTAGRO,Best Agrolife Limited
BETA,Beta Drugs Limited
BFINVEST,BF Investment Limited
BGRENERGY,BGR Energy Systems Limited
BHANDARI,Bhandari Hosiery Exports Limited
BI,Bilcare Limited
BIGBLOC,Bigbloc Construction Limited
BILVYAPAR,BIL VYAPAR LIMITED
BIMETAL,Bimetal Bearings Limited
BIOFILCHEM,Biofil Chemicals & Pharmaceuticals Limited
BIRLACABLE,Birla Cable Limited
BIRLANU,BirlaNu Limited
BLACKROSE,Black Rose Inds. Limited
BLBLIMITED,BLB Limited
BLEL,Behari Lal Engineering Limited
BLISSGVS,Bliss GVS Pharma Limited
BLKASHYAP,B. L. Kashyap and Sons Limited
BLSE,BLS E-Services Limited
BLUECLOUDS,Blue Cloud Softech Solutions Limited
BLUECOAST,Blue Coast Hotels Limited
BLUEJET,Blue Jet Healthcare Limited
BLUESTONE,BlueStone Jewellery and Lifestyle Limited
BLUSPRING,Bluspring Enterprises Limited
BMWVENTLTD,BMW Ventures Limited
BNAGROCHEM,BN Agrochem Limited
BNALTD,B & A Limited
BOHRAIND,Bohra Industries Limited
BONLON,Bonlon Industries Limited
BORANA,Borana Weaves Limited
BOROSCI,Borosil Scientific Limited
BOSCH-HCIL,BOSCH HOME COMFORT INDIA LIMITED
BPLPHARMA,Bharat Parenterals Limited
BRAHMINFRA,Brahmaputra Infrastructure Limited
BRIGHOTEL,Brigade Hotel Ventures Limited
BRIGHTBR,Bright Brothers Limited
BRNL,Bharat Road Network Limited
BROOKS,Brooks Laboratories Limited
BTML,Bodhi Tree Multimedia Limited
BTTL,Bhilwara Technical Textiles Limited
BUILDPRO,Shankara Buildpro Limited
BURNPUR,Burnpur Cement Limited
BVCL,Barak Valley Cements Limited
BYKE,The Byke Hospitality Ltd
CALSOFT,California Software Company Limited
CAPILLARY,Capillary Technologies India Limited
CAPTRUST,Capital Trust Limited
CARRARO,Carraro India Limited
CARYSIL,CARYSIL LIMITED
CCAVENUE,AvenuesAI Limited
CCCL,Consolidated Construction Consortium Limited
CCHHL,Country Club Hospitality & Holidays Limited
CEINSYS,Ceinsys Tech Limited
CEMPRO,Cemindia Projects Limited
CENTEXT,Century Extrusions Limited
CENTEXT-RE,Century Extrusions Limited-RE
CEWATER,Concord Enviro Systems Limited
CFEL,Confidence Futuristic Energetech Limited
CGVAK,CG Vak Software & Exports Limited
CHEMBOND,Chembond Material Technologies Limited
CHEMBONDCH,Chembond Chemicals Limited
CHEMCRUX,Chemcrux Enterprises Limited
CHEMFAB,Chemfab Alkalis Limited
CIEINDIA,CIE Automotive India Limited
CIFL,Capital India Finance Limited
CINEVISTA,Cinevista Limited
CLEANMAX,Clean Max Enviro Energy Solutions Limited
CLSEL,Chaman Lal Setia Exports Limited
CMLL,Caliber Mining and Logistics Limited
CMPDI,Central Mine Planning & Design Institute Limited
CMRGREEN,CMR Green Technologies Limited
CMSINFO,CMS Info Systems Limited
CNL,Creative Newtech Limited
COASTCORP,Coastal Corporation Limited
COCKERILL,John Cockerill India Limited
COMFINTE,Comfort Intech Limited
COMPINFO,Compuage Infocom Limited
COMPUSOFT,Compucom Software Limited
COMSYN,Commercial Syn Bags Limited
CONFIPET,Confidence Petroleum India Limited
CONSOFINVT,Consolidated Finvest & Holdings Limited
CORALFINAC,Coral India Finance & Housing Limited
CORDELIA,Waterways Leisure Tourism Limited
CORDSCABLE,Cords Cable Industries Limited
CORONA,CORONA Remedies Limited
COUNCODOS,Country Condo's Limited
CPCAP,CP Capital Limited
CPEDU,Career Point Edutech Limited
CPL,Captain Polyplast Limited
CPPLUS,Aditya Infotech Limited
CRAVATEX,Cravatex Limited
CREATIVEYE,Creative Eye Limited
CREST,Crest Ventures Limited
CRESTO,CRESTO TECHNO LIMITED
CRIZAC,Crizac Limited
CROWN,Crown Lifters Limited
CRSL,Cressanda Railway Solutions Limited
CSLFINANCE,CSL Finance Limited
CSM,CSM Technologies Limited
CTE,Cambridge Technology Enterprises Limited
CUBEXTUB,Cubex Tubings Limited
CURAA,Cura Technologies Limited
CYBERMEDIA,Cyber Media (India) Limited
CYBERTECH,Cybertech Systems And Software Limited
DAICHI,Dai-Ichi Karkaria Limited
DAMODARIND,Damodar Industries Limited
DANGEE,Dangee Dums Limited
DATAMATICS,Datamatics Global Services Limited
DAVANGERE,Davangere Sugar Company Limited
DBEIL,Deepak Builders & Engineers India Limited
DBOL,Dhampur Bio Organics Limited
DBREALTY,Valor Estate Limited
DBSTOCKBRO,DB (International) Stock Brokers Limited
DCI,Dc Infotech And Communication Limited
DCM,DCM  Limited
DCMFINSERV,DCM Financial Services Limited
DCMNVL,DCM Nouvelle Limited
DCMSIL,DCM Shriram International Limited
DCXINDIA,DCX Systems Limited
DDEVPLSTIK,Ddev Plastiks Industries Limited
DECNGOLD,Deccan Gold Mines Limited
DEEDEV,DEE Development Engineers Limited
DEEP,Deep Polymers Limited
DEEPA,Deepa Jewellers Limited
DELPHIFX,DELPHI WORLD MONEY LIMITED
DELTAMAGNT,Delta Manufacturing Limited
DENORA,De Nora India Limited
DENTA,Denta Water and Infra Solutions Limited
DEVIT,Dev Information Technology Limited
DEVX,Dev Accelerator Limited
DGCONTENT,Digicontent Limited
DHABRIYA,Dhabriya Polywood Limited
DHARAN,DHARAN INFRA-EPC LIMITED
DHARMAJ,Dharmaj Crop Guard Limited
DHATRE,Dhatre Udyog Limited
DHOOTTRANS,Dhoot Transmission Limited
DHRUV,Dhruv Consultancy Services Limited
DHUNINV,Dhunseri Investments Limited
DICIND,DIC India Limited
DIFFNKG,Diffusion Engineers Limited
DIGIDRIVE,Digidrive Distributors Limited
DIGITIDE,Digitide Solutions Limited
DISAQ,Disa India Limited
DIVGIITTS,Divgi Torqtransfer Systems Limited
DJML,DJ Mediaprint & Logistics Limited
DLINKINDIA,D-Link (India) Limited
DMCC,DMCC SPECIALITY CHEMICALS LIMITED
DNAMEDIA,Diligent Media Corporation Limited
DOLATALGO,Dolat Algotech Limited
DOLLEX,Dollex Agrotech Limited
DOLPHIN,Dolphin Offshore Enterprises (India) Limited
DPABHUSHAN,D. P. Abhushan Limited
DPWIRES,D P Wires Limited
DRAGARWQ,Dr Agarwals Eye Hospital Limited
DRCSYSTEMS,DRC Systems India Limited
DSFCL,DCM Shriram Fine Chemicals Limited
DSKULKARNI,DS Kulkarni Developers Limited
DSSL,Dynacons Systems & Solutions Limited
DTIL,Dhunseri Tea & Industries Limited
DUCON,Ducon Infratechnologies Limited
DYCL,Dynamic Cables Limited
DYNPRO,Dynemic Products Limited
E2E,E2E Networks Limited
EASTWEST,East West Freight Carriers Limited
EBGNG,GNG Electronics Limited
EBIX,EBIX Limited
ECOSMOBLTY,Ecos (India) Mobility & Hospitality Limited
EFCIL,EFC (I) Limited
EIEL,Enviro Infra Engineers Limited
EIFFL,Euro India Fresh Foods Limited
EKC,Everest Kanto Cylinder Limited
EKI,EKI Energy Services Limited
ELANTAS,Elantas Beck India Limited
ELCIDIN,EL CID Investments Limited
ELECTHERM,Electrotherm (India) Limited
ELEVATE,Elevate Campuses Limited
ELIN,Elin Electronics Limited
ELITECON,Elitecon International Limited
ELLEN,Ellenbarrie Industrial Gases Limited
EMIL,Electronics Mart India Limited
EMMBI,Emmbi Industries Limited
EMMVEE,Emmvee Photovoltaic Power Limited
EMPIND,Empire Industries Limited
EMPOWER,Empower India Limited
EMSLIMITED,EMS Limited
EMUDHRA,eMudhra Limited
ENERGYDEV,Energy Development Company Limited
ENIL,Entertainment Network (India) Limited
ENKEIWHEL,Enkei Wheels (India) Limited
EPACK,EPACK Durable Limited
EPACKPEB,EPack Prefab Technologies Limited
EPIGRAL,Epigral Limited
EPL,EPL Limited
EQUIPPP,Equippp Social Impact Technologies Limited
ESSARSHPNG,Essar Shipping Limited
ESSENTIA,Integra Essentia Limited
ETHOSLTD,Ethos Limited
EUROBOND,Euro Panel Products Limited
EUROPRATIK,Euro Pratik Sales Limited
EUROTEXIND,Eurotex Industries and Exports Limited
EVERESTIND,Everest Industries Limited
EXCELSOFT,Excelsoft Technologies Limited
EXPLEOSOL,Expleo Solutions Limited
EXXARO,Exxaro Tiles Limited
FABTECH,Fabtech Technologies Limited
FAIRCHEMOR,Fairchem Organics Limited
FAZE3Q,Faze Three Limited
FCSSOFT,FCS Software Solutions Limited
FEDDERSHOL,Fedders Holding Limited
FEDFINA,Fedbank Financial Services Limited
FEL,Future Enterprises Limited
FERMENTA,Fermenta Biotech Limited
FIBERWEB,Fiberweb (India) Limited
FINKURVE,Finkurve Financial Services Limited
FISCHER,Fischer Medical Ventures Limited
FLAIR,Flair Writing Industries Limited
FLFL,Future Lifestyle Fashions Limited
FMGOETZE,Federal-Mogul Goetze (India) Limited.
FMNL,Future Market Networks Limited
FOCUS,Focus Lighting and Fixtures Limited
FOODSIN,Foods & Inns Limited
FREDUN,Fredun Pharmaceuticals Limited
GAJA,Gaja Alternative Asset Management Limited
GALAPREC,Gala Precision Engineering Limited
GALAXYSURF,Galaxy Surfactants Limited
GANDHAR,Gandhar Oil Refinery (India) Limited
GANDHITUBE,Gandhi Special Tubes Limited
GANECOS,Ganesha Ecosphere Limited
GANESHCP,Ganesh Consumer Products Limited
GANGAFORGE,Ganga Forging Limited
GANGESSECU,Ganges Securities Limited
GARUDA,Garuda Construction and Engineering Limited
GATECH,GACM Technologies Limited
GAUDIUMIVF,Gaudium IVF and Women Health Limited
GAYAHWS,Gayatri Highways Limited
GCSL,Gretex Corporate Services Limited
GEEKAYWIRE,Geekay Wires Limited
GEMAROMA,Gem Aromatics Limited
GENCON,Generic Engineering Construction and Projects Limited
GENESYS,Genesys International Corporation Limited
GENSOL,Gensol Engineering Limited
GENUSPAPER,Genus Paper & Boards Limited
GFLLIMITED,GFL Limited
GFSTEELS,Grand Foundry Limited
GICL,Globe International Carriers Limited
GKB,GKB Ophthalmics Limited
GKENERGY,GK Energy Limited
GKSL,Gujarat Kidney And Super Speciality Limited
GLASSWALL,Glass Wall Systems (India) Limited
GLFL,Gujarat Lease Financing Limited
GLOBAL,Global Education Limited
GLOBALE,Globale Tessile Limited
GLOBALVECT,Global Vectra Helicorp Limited
GLOBE,GLOBE ENTERPRISES (INDIA) LIMITED
GLOBECIVIL,Globe Civil Projects Limited
GLOBUSSPR,Globus Spirits Limited
GLOTTIS,Glottis Limited
GMRP&UI,GMR Power and Urban Infra Limited
GNRL,Gujarat Natural Resources Limited
GOCLCORP,GOCL Corporation Limited
GOCOLORS,Go Fashion (India) Limited
GOKUL,Gokul Refoils and Solvent Limited
GOLDENTOBC,Golden Tobacco Limited
GOLDTECH,AION-TECH SOLUTIONS LIMITED
GOODLUCK,Goodluck India Limited
GOYALALUM,Goyal Aluminiums Limited
GPTHEALTH,GPT Healthcare Limited
GPTINFRA,GPT Infraprojects Limited
GRADIENTE,Gradiente Infotainment Limited
GRANDOAK,Grand Oak Canyons Distillery Limited
GRAPHITE,Graphite India Limited
GRAUWEIL,Grauer & Weil India Limited
GRAVISSHO,Graviss Hospitality Limited
GREENLAM,Greenlam Industries Limited
GREENPOWER,Orient Green Power Company Limited
GRINFRA,G R Infraprojects Limited
GRMOVER,GRM Overseas Limited
GROBTEA,The Grob Tea Company Limited
GROWW,Billionbrains Garage Ventures Limited
GRPLTD,GRP Limited
GSLSU,Global Surfaces Limited
GSPCROP,GSP Crop Science Limited
GSPLTRANS,GSPL Transmission Limited
GSS,GSS Infotech Limited
GTECJAINX,G-TEC JAINX EDUCATION LIMITED
GTL,GTL Limited
GUJENERGY,GUJARAT ENERGY LIMITED
GUJRAFFIA,Gujarat Raffia Industries Limited
GULFPETRO,GP Petroleums Limited
GVPIL,GE Power India Limited
GYFTR,Gyftr Limited
HALDER,Halder Venture Limited
HALDYNGL,Haldyn Glass Limited
HALEOSLABS,HALEOS LABS LIMITED
HAMPTON,Hampton Sky Realty Limited
HAPPYFORGE,Happy Forgings Limited
HARDWYN,Hardwyn India Limited
HARSHA,Harsha Engineers International Limited
HAVISHA,Sri Havisha Hospitality and Infrastructure Limited
HAZOOR,Hazoor Multi Projects Limited
HBESD,HB Estate Developers Limited
HBPOR,HB Portfolio Limited
HBSL,HB Stockholdings Limited
HDIL,Housing Development and Infrastructure Limited
HEADSUP,Heads UP Ventures Limited
HEALTHX,Health X Platform Limited
HECPROJECT,HEC Infra Projects Limited
HEGAM,HEG Advanced Materials Limited
HEMIPROP,Hemisphere Properties India Limited
HERANBA,Heranba Industries Limited
HEXAGON,Hexagon Nutrition Limited
HEXATRADEX,Hexa Tradex Limited
HGM,HandsOn Global Management (HGM) Limited
HILINFRA,Highway Infrastructure Limited
HILTON,Hilton Metal Forging Limited
HINDADH,Hindustan Adhesives Limited
HINDALUMI,Hind Aluminium Industries Limited
HINDCOMPOS,Hindustan Composites Limited
HIRECT,Hirect Limited
HISARMETAL,Hisar Metal Industries Limited
HITECHCORP,Hitech Corporation Limited
HLEGLAS,HLE Glascoat Limited
HLVLTD,HLV LIMITED
HMAAGRO,HMA Agro Industries Limited
HORIZONIND,Horizon Industrial Parks Limited
HPIL,Hindprakash Industries Limited
HRYNSHP,Hariyana Ship Breakers Limited
HSCL,Himadri Speciality Chemical Limited
HTEL,Hy-Tech Engineers Limited
HYBRIDFIN,Hybrid Financial Services Limited
IBULLSLTD,Indiabulls Limited
ICDSLTD,ICDS Limited
ICEMAKE,Ice Make Refrigeration Limited
IFBAGRO,IFB Agro Industries Limited
IFGLEXPOR,IFGL Refractories Limited
IGCL,Indogulf Cropsciences Limited
IGIL,International Gemological Institute Limited
IITL,Industrial Investment Trust Limited
IKIO,IKIO Technologies Limited
IL&FSTRANS,IL&FS Transportation Networks Limited
IMAGICAA,Imagicaaworld Entertainment Limited
IMPAL,India Motor Parts and Accessories Limited
IMPEXFERRO,Impex Ferro Tech Limited
INA,Insolation Energy Limited
INCREDIBLE,INCREDIBLE INDUSTRIES LIMITED
INDBANK,Indbank Merchant Banking Services Limited
INDGN,Indegene Limited
INDIANCARD,Indian Card Clothing Company Limited
INDIGOPNTS,Indigo Paints Limited
INDIQUBE,Indiqube Spaces Limited
INDOAMIN,Indo Amines Limited
INDOBORAX,Indo Borax & Chemicals Limited
INDOFARM,Indo Farm Equipment Limited
INDOKEM,Indokem Limited
INDOMIM,INDO-MIM Limited
INDOTECH,Indo Tech Transformers Limited
INDOUS,Indo Us Biotech Limited
INDOWIND,Indowind Energy Limited
INDPRUD,Industrial & Prudential Investment Company Limited
INDRAMEDCO,Indraprastha Medical Corporation Limited
INDTERRAIN,Indian Terrain Fashions Limited
INFOBEAN,InfoBeans Technologies Limited
INFOMEDIA,Infomedia Press Limited
INNOVACAP,Innova Captab Limited
INNOVISION,Innovision Limited
INOXGREEN,Inox Green Energy Services Limited
INOXINDIA,INOX India Limited
INTENTECH,Intense Technologies Limited
INTERARCH,Interarch Building Solutions Limited
INTLCONV,International Conveyors Limited
INVENTURE,Inventure Growth & Securities Limited
INVPRECQ,Investment & Precision Castings Limited
IPL,India Pesticides Limited
IPRINGLTD,IP Rings Limited
IRIS,IRIS RegTech Solutions Limited
IRISDOREME,Iris Clothings Limited
IRMENERGY,IRM Energy Limited
ISFT,Intrasoft Technologies Limited
ISTLTD,I S T Limited
ITL,ITL Industries Limited
IVALUE,Ivalue Infosolutions Limited
IVC,IL&FS Investment Managers Limited
IVP,IVP Limited
IWP,The Indian Wood Products Company Limited
IXIGO,Le Travenues Technology Limited
IZMO,IZMO Limited
JAGSNPHARM,Jagsonpal Pharmaceuticals Limited
JAINREC,Jain Resource Recycling Limited
JAIPURKURT,Nandani Creation Limited
JARO,Jaro Institute of Technology Management and Research Limited
JAYAGROGN,Jayant Agro Organics Limited
JAYKAY,Jaykay Enterprises Limited
JAYSREETEA,Jayshree Tea & Industries Limited
JENBURPH,Jenburkt Pharmaceuticals Limited
JETFREIGHT,Jet Freight Logistics Limited
JGCHEM,J.G.Chemicals Limited
JHS,JHS Svendgaard Laboratories Limited
JINDALPHOT,Jindal Photo Limited
JISLJALEQS,Jain Irrigation Systems Limited
JKIPL,Jinkushal Industries Limited
JKPAPER,JK Paper Limited
JNKINDIA,JNK India Limited
JNPR,Juniper Green Energy Limited
JOCIL,Jocil Limited
JPOLYINVST,Jindal Poly Investment and Finance Company Limited
JSIPL,Jindal Supreme (India) Limited
JSLL,Jeena Sikho Lifecare Limited
JSWCEMENT,JSW Cement Limited
JSWDULUX,JSW Dulux Limited
JTEKTINDIA,Jtekt India Limited
JTLIND,JTL INDUSTRIES LIMITED
JUBLCPL,Jubilant Agri and Consumer Products Limited
JWL,Jupiter Wagons Limited
JYOTIRES,Jyoti Resins & Adhesives Limited
KAKATCEM,Kakatiya Cement Sugar & Industries Limited
KALAMANDIR,Sai Silks (Kalamandir) Limited
KALPATARU,Kalpataru Limited
KALYANI,Kalyani Commercials Limited
KAMANWALA,Kamanwala Housing Construction Limited
KAMATHOTEL,Kamat Hotels (I) Limited
KAMOPAINTS,Kamdhenu Ventures Limited
KANANIIND,Kanani Industries Limited
KANCHI,Kanchi Karpooram Limited
KANCOTEA,Kanco Tea & Industries Limited
KANOHAR,Kanohar Electricals Limited
KAPSTON,Kapston Services Limited
KARAMTARA,Karamtara Engineering Limited
KARMAENG,Karma Energy Limited
KAUSHALYA,Kaushalya Infrastructure Development Corporation Limited
KAVDEFENCE,Kavveri Defence & Wireless Technologies Limited
KDGREEN,KD Green Industries Limited
KECL,Kirloskar Electric Company Limited
KEEPLEARN,DSJ Keep Learning Limited
KERNEX,Kernex Microsystems (India) Limited
KHAICHEM,Khaitan Chemicals & Fertilizers Limited
KHAITANLTD,Khaitan (India) Limited
KHANDSE,Khandwala Securities Limited
KICL,Kalyani Investment Company Limited
KILITCH,Kilitch Drugs (India) Limited
KIRANVYPAR,Kiran Vyapar Limited
KJMCFIN,KJMC Financial Services Limited
KKCL,Kewal Kiran Clothing Limited
KMCSHIL,K M C Speciality Hospitals (India) Limited
KMEW,Knowledge Marine & Engineering Works Limited
KMSUGAR,K.M.Sugar Mills Limited
KNACK,Knack Packaging Limited
KNAGRI,KN Agri Resources Limited
KOTHARIPET,Kothari Petrochemicals Limited
KOTIC,Kothari Industrial Corporation Limited
KOTYARK,Kotyark Industries Limited
KPEL,K.P. Energy Limited
KREBSBIO,Krebs Biochemicals and Industries Limited
KRISHANA,Krishana Phoschem Limited
KRISHIVAL,Krishival Foods Limited
KRISHNADEF,Krishna Defence And Allied Industries Limited
KRITIKA,Kritika Wires Limited
KRITINUT,Kriti Nutrients Limited
KRN,KRN Heat Exchanger and Refrigeration Limited
KRONOX,Kronox Lab Sciences Limited
KROSS,Kross Limited
KRYSTAL,Krystal Integrated Services Limited
KSE,KSE Limited
KSHINTL,KSH International Limited
KSHITIJPOL,Kshitij Polyline Limited
KSOLVES,Ksolves India Limited
KSR,KSR Footwear Limited
KUSUMGAR,Kusumgar Limited
KWIL,Kwality Wall's (India) Limited
LADDERUP,Ladderup Finance Limited
LAGNAM,Lagnam Spintex Limited
LAHOTIOV,Lahoti Overseas Limited
LAKPRE,Lakshmi Precision Screws Limited
LAL,Lorenzini Apparels Limited
LAMBODHARA,Lambodhara Textiles Limited
LANCER,Lancer Container Lines Limited
LANDSMILL,Landsmill Green Limited
LASERPOWER,Laser Power & Infra Limited
LATTEYS,Latteys Industries Limited
LAXMICOT,Laxmi Cotspin Limited
LAXMIDENTL,Laxmi Dental Limited
LAXMIINDIA,Laxmi India Finance Limited
LCCINFOTEC,LCC Infotech Limited
LCCPROJECT,LCC Projects Limited
LCL,Lohia Corp Limited
LEAPIND,LEAP India Limited
LEENEE,Lee & Nee Softwares Exports Limited
LEMERITE,Le Merite Exports Limited
LEXUS,Lexus Granito (India) Limited
LGHL,Laxmi Goldorna House Limited
LIBAS,Libas Consumer Products Limited
LIKHITHA,Likhitha Infrastructure Limited
LINC,Linc Limited
LINCOLN,Lincoln Pharmaceuticals Limited
LKPSEC,LKP Securities Limited
LLOYDSENGG,LLOYDS ENGINEERING WORKS LIMITED
LORDSCHLO,Lords Chloro Alkali Limited
LOTUSDEV,Sri Lotus Developers and Realty Limited
LOTUSEYE,Lotus Eye Hospital and Institute Limited
LOVABLE,Lovable Lingerie Limited
LPDC,Landmark Property Development Company Limited
LTM,LTM Limited
LTTS,L&T Technology Services Limited
LUMINO,Lumino Industries Limited
LXCHEM,Laxmi Organic Industries Limited
LYKALABS,Lyka Labs Limited
MACPOWER,Macpower CNC Machines Limited
MADHAV,Madhav Marbles and Granites Limited
MADHAVIPL,Madhav Infra Projects Limited
MADHUCON,Madhucon Projects Limited
MAHAPEXLTD,Maha Rashtra Apex Corporation Limited
MAHESHWARI,Maheshwari Logistics Limited
MAHSCOOTER,Maharashtra Scooters Limited
MAITHANALL,Maithan Alloys Limited
MAJESAUT,Majestic Auto Limited
MAKERSL,Makers Laboratories Limited
MALUPAPER,Malu Paper Mills Limited
MAMATA,Mamata Machinery Limited
MANAKALUCO,Manaksia Aluminium Company Limited
MANAKCOAT,Manaksia Coated Metals & Industries Limited
MANBA,Manba Finance Limited
MANCREDIT,Mangal Credit and Fincorp Limited
MANIKA,Manika Plastech Limited
MANIPALHOS,Manipal Health Enterprises Limited
MANOMAY,Manomay Tex India Limited
MANORAMA,Manorama Industries Limited
MANORG,Mangalam Organics Limited
MANUGRAPH,Manugraph India Limited
MARATHON,Marathon Nextgen Realty Limited
MARKOLINES,Markolines Pavement Technologies Limited
MARSONS,Marsons Limited
MASKINVEST,Mask Investments Limited
MASTERTR,Master Trust Limited
MATRIMONY,Matrimony.Com Limited
MAXESTATES,Max Estates Limited
MAXIND,Max India Limited
MAZDA,Mazda Limited
MBAPL,Madhya Bharat Agro Products Limited
MBECL,Mcnally Bharat Engineering Company Limited
MBEL,M & B Engineering Limited
MBLINFRA,MBL Infrastructure Limited
MCCHRLS-B,Mac Charles India Limited
MCLOUD,Magellanic Cloud Limited
MEDIASSIST,Medi Assist Healthcare Services Limited
MEDICAMEQ,Medicamen Biotech Limited
MEDICAPQ,Medi Caps Limited
MEDICO,Medico Remedies Limited
MEGASTAR,Megastar Foods Limited
MEIL,Mangal Electrical Industries Limited
MEP,MEP Infrastructure Developers Limited
MERCANTILE,Mercantile Ventures Limited
MERCURYEV,Mercury Ev-Tech Limited
METROGLOBL,Metroglobal Limited
MHLXMIRU,Mahalaxmi Rubtech Limited
MICEL,MIC Electronics Limited
MIDWESTLTD,Midwest Limited
MIIL,Meghna Infracon Infrastructure Limited
MINALIND,Minal Industries Limited
MINDTECK,Mindteck (India) Limited
MITCON,MITCON Consultancy & Engineering Services Limited
MITTAL,Mittal Life Style Limited
MKEXIM,M.K. Exim (India) Limited
MKPL,M K Proteins Limited
MLKFOOD,Milkfood Limited
MMP,MMP Industries Limited
MMWL,Media Matrix Worldwide Limited
MODINATUR,Modi Naturals Limited
MODIS,Modis Navnirman Limited
MODTHREAD,Modern Threads (India) Limited
MOHITE,Mohite Industries Limited
MOHITIND,Mohit Industries Limited
MOKSH,Moksh Ornaments Limited
MOLBIO,Molbio Diagnostics Limited
MOMSBELIEF,Rays of Belief Limited
MONEYBOXX,Moneyboxx Finance Limited
MOSCHIP,Moschip Technologies Limited
MOTISONS,Motisons Jewellers Limited
MOTOGENFIN,The Motor & General Finance Limited
MPDL,MPDL Limited
MPIMANIPAL,Manipal Payment and Identity Solutions Limited
MSL,Mangalam Seeds Limited
MTEDUCARE,MT Educare Limited
MUFIN,Mufin Green Finance Limited
MUFTI,Credo Brands Marketing Limited
MUKESHB,Mukesh Babu Financial Services Limited
MUKKA,Mukka Proteins Limited
MVELECTRO,MV Electrosystems Limited
MVGJL,Manoj Vaibhav Gems N Jewellers Limited
MWL,Mangalam Worldwide Limited
MYSORPETRO,Mysore Petro Chemicals Limited
NACLIND,NACL Industries Limited
NAGREEKCAP,Nagreeka Capital & Infrastructure Limited
NARMADA,Narmada Agrobase Limited
NATCAPSUQ,Natural Capsules Limited
NATHBIOGEN,Nath Bio-Genes (India) Limited
NATIONSTD,National Standard (India) Limited
NAVA,NAVA LIMITED
NAVKARURB,Navkar Urbanstructure Limited
NBIFIN,N. B. I. Industrial Finance Company Limited
NDGL,Naga Dhunseri Group Limited
NDLVENTURE,NDL Ventures Limited
NDRAUTO,Ndr Auto Components Limited
NEAGI,Neelamalai Agro Industries Limited
NECCLTD,North Eastern Carrying Corporation Limited
NEPHROPLUS,Nephrocare Health Services Limited
NEUEON,Neueon Corporation Limited
NEXTMEDIA,Next Mediaworks Limited
NGIL,Nakoda Group of Industries Limited
NIBL,NRB Industrial Bearings Limited
NICCOPAR,Nicco Parks & Resorts Limited
NILASPACES,Nila Spaces Limited
NILE,Nile Limited
NIMBSPROJ,Nimbus Projects Limited
NINSYS,NINtec Systems Limited
NIPPOBATRY,Indo-National Limited
NIRAJ,Niraj Cement Structurals Limited
NIRAJISPAT,Niraj Ispat Industries Limited
NITIRAJ,Nitiraj Engineers Limited
NKIND,NK Industries Limited
NOIDATOLL,Noida Toll Bridge Company Limited
NORBTEAEXP,Norben Tea & Exports Limited
NOVAAGRI,Nova Agritech Limited
NPST,Network People Services Technologies Limited
NRAIL,N R Agarwal Industries Limited
NRL,Nupur Recyclers Limited
NSIL,Nalwa Sons Investments Limited
NTCIND,NTC Industries Limited
NURECA,Nureca Limited
OAL,Oriental Aromatics Limited
OBCL,OBCL Limited
OCCLLTD,OCCL Limited
ODIGMA,Odigma Consultancy Solutions Limited
ODYCORP,Odyssey Corporation Limited
OMFREIGHT,Om Freight Forwarders Limited
OMINFRAL,OM INFRA LIMITED
OMNI,Omnitech Engineering Limited
OMPOWER,Om Power Transmission Limited
ONEGLOBAL,One Global Service Provider Limited
ONELIFECAP,Onelife Capital Advisors Limited
ONEPOINT,One Point One Solutions Limited
ONESOURCE,Onesource Specialty Pharma Limited
ONIDA,Onida Electronics Limited
ONIXSOLAR,Onix Solar Energy Limited
OPTIFIN,Optimus Finance Limited
ORBTEXP,Orbit Exports Limited
ORCHASP,Orchasp Limited
ORCHPHARMA,Orchid Pharma Limited
ORIENTALTL,Oriental Trimex Limited
ORIENTCEM,Orient Cement Limited
ORIENTCER,ORIENT CERATECH LIMITED
ORIENTLTD,Orient Press Limited
ORIENTTECH,Orient Technologies Limited
ORIRAIL,Oriental Rail Infrastructure Limited
ORKLAINDIA,Orkla India Limited
ORTINGLOBE,ORTIN GLOBAL LIMITED
OSIAHYPER,Osia Hyper Retail Limited
OSWALAGRO,Oswal Agro Mills Limited
OSWALGREEN,Oswal Greentech Limited
OSWALPUMPS,Oswal Pumps Limited
OSWALSEEDS,ShreeOswal Seeds And Chemicals Limited
PACEDIGITK,Pace Digitek Limited
PACIFICI,Pacific Industries Limited
PAKKA,PAKKA LIMITED
PALASHSECU,Palash Securities Limited
PALREDTEC,Palred Technologies Limited
PANACHE,Panache Digilife Limited
PANCHMAHQ,Panchmahal Steel Limited
PANORAMA,Panorama Studios International Limited
PANSARI,Pansari Developers Limited
PAR,Par Drugs And Chemicals Limited
PARACABLES,Paramount Communications Limited
PARASPETRO,Paras Petrofils Limited
PARIN,Parin Enterprises Limited
PARKHOSPS,Park Medi World Limited
PARNAXLAB,Parnax Lab Limited
PASHUPATI,Pashupati Cotspin Limited
PASUPTAC,Pasupati Acrylon Limited
PATELRMART,Patel Retail Limited
PAVNAIND,Pavna Industries Limited
PBMPOLY,PBM Polytex Limited
PCBL,PCBL Chemical Limited
PCJEWELLER,PC Jeweller Limited
PDMJEPAPER,Pudumjee Paper Products Limited
PDSL,PDS Limited
PEARLPOLY,Pearl Polymers Limited
PENINLAND,Peninsula Land Limited
PERMAGN,Permanent Magnets Limited
PERNIASPOP,Purple Style Labs Limited
PFOCUS,Prime Focus Limited
PHOENXINTL,Phoenix International Limited
PICCADIL,Piccadily Agro Industries Limited
PIGL,Power & Instrumentation (Gujarat) Limited
PILANIINVS,Pilani Investment and Industries Corporation Limited
PILITA,PIL ITALICA LIFESTYLE LIMITED
PIONEEREMB,Pioneer Embroideries Limited
PIONRINV,Pioneer Investcorp Limited
PKTEA,The Peria Karamalai Tea & Produce Company Limited
PLASTIBLEN,Plastiblends India Limited
PLATIND,Platinum Industries Limited
PLAZACABLE,Plaza Wires Limited
PML,Paul Merchants Limited
PNC,PNC Media and Entertainment Limited
PNGSREVA,PNGS Reva Diamond Jewellery Limited
POCL,Pondy Oxides & Chemicals Limited
PODDARMENT,Poddar Pigments Limited
POEL,POCL Enterprises Limited
POLYSPIN,Polyspin Exports Limited
POWERICA,Powerica Limited
PPAP,PPAP Automotive Limited
PPL,Prakash Pipes Limited
PRABHA,Prabha Energy Limited
PRADPME,Pradeep Metals Limited
PRAENG,Prajay Engineers Syndicate Limited
PRAKASHSTL,Prakash Steelage Limited
PRANAV,Pranav Constructions Limited
PRASOLCHEM,Prasol Chemicals Limited
PRAVEG,Praveg Limited
PRAXIS,Praxis Home Retail Limited
PREMCO,Premco Global Limited
PREMIER,Premier Limited
PREMIERPOL,Premier Polyfilm Limited
PRIMESECU,Prime Securities Limited
PRIMO,Primo Chemicals Limited
PRIORITY,Priority Jewels Limited
PRISMX,Prismx Global Ventures Limited
PRITI,Priti International Limited
PRITIKAUTO,Pritika Auto Industries Limited
PRIVISCL,Privi Speciality Chemicals Limited
PROSTARM,Prostarm Info Systems Limited
PROZONER,Prozone Realty Limited
PRUDMOULI,Prudential Sugar Corporation Limited
PTCIL,PTC Industries Limited
PTL,PTL Enterprises Limited
PVP,PVP Ventures Limited
PWL,Physicswallah Limited
PYRAMID,Pyramid Technoplast Limited
QMSMEDI,QMS Medical Allied Services Limited
QPOWER,Quality Power Electrical Equipments Limited
QUADFUTURE,Quadrant Future Tek Limited
QUINT,Quint Digital Limited
QUINTEGRA,Quintegra Solutions Limited
RACE,Race Eco Chain Limited
RACLGEAR,RACL Geartech Limited
RADAAN,Radaan Mediaworks India Limited
RADHIKAJWE,Radhika Jeweltech Limited
RADIANTCMS,Radiant Cash Management Services Limited
RAJMET,Rajnandini Metal Limited
RAJPALAYAM,Rajapalayam Mills Limited
RAJRILTD,Raj Rayon Industries Limited
RAJTV,Raj Television Network Limited
RAMANEWS,Shree Rama Newsprint Limited
RAMASTEEL,Rama Steel Tubes Limited
RAMBHAJO,Advit Jewels Limited
RAMRAT,Ram Ratna Wires Limited
RATEGAIN,Rategain Travel Technologies Limited
RAYMONDLSL,Raymond Lifestyle Limited
RBA,Restaurant Brands Asia Limited
RBZJEWEL,RBZ Jewellers Limited
RCOM,Reliance Communications Limited
REDTAPE,Redtape Limited
REGAAL,Regaal Resources Limited
RELCHEMQ,Reliance Chemotex Industries Limited
RELIABLE,Reliable Data Services Limited
RELINFRA,Reliance Infrastructure Limited
RELTD,Ravindra Energy Limited
REMSONSIND,Remsons Industries Limited
RENTOMOJO,Rentomojo Limited
REPL,Rudrabhishek Enterprises Limited
RESPONIND,Responsive Industries Limited
RETAIL,JHS Svendgaard Retail Ventures Limited
RGL,Renaissance Global Limited
RHETAN,Rhetan TMT Limited
RHFL,Reliance Home Finance Limited
RHIM,RHI MAGNESITA INDIA LIMITED
RHL,Robust Hotels Limited
RIIL,Reliance Industrial Infrastructure Limited
RIR,RIR Power Electronics Limited
RISHABH,Rishabh Instruments Limited
RITCO,Ritco Logistics Limited
RKDL,Ravi Kumar Distilleries Limited
RKEC,RKEC Projects Limited
RKSWAMY,R K Swamy Limited
RMC,RMC Switchgears Limited
RMDRIP,R M Drip and Sprinklers Systems Limited
RML,Rane (Madras) Limited
RNBDENIMS,R&B Denims Limited
ROLLT,Rollatainers Limited
ROML,Raj Oil Mills Limited
ROSSELLIND,Rossell India Limited
ROSSTECH,Rossell Techsys Limited
RPEL,Raghav Productivity Enhancers Limited
RPGLIFE,RPG Life Sciences Limited
RPOWER,Reliance Power Limited
RPPINFRA,R.P.P. Infra Projects Limited
RPTECH,Rashi Peripherals Limited
RRECL,RDB Real Estate Constructions Limited
RRIL,RRIL Limited
RSDFIN,RSD Finance Limited
RSL,Rajputana Stainless Limited
RSSOFTWARE,R. S. Software (India) Limited
RSYSTEMS,R Systems International Limited
RTSPOWR,RTS Power Corporation Limited
RUBFILA,Rubfila International Limited
RUBICON,Rubicon Research Limited
RUBYMILLS,The Ruby Mills Limited
RUCHINFRA,Ruchi Infrastructure Limited
RUDRA,Rudra Global Infra Products Limited
RVHL,Ravinder Heights Limited
RVTH,Revathi Equipment India Limited
S&SPOWER,S&S Power Switchgears Limited
SAATVIKGL,Saatvik Green Energy Limited
SAB,SAB Industries Limited
SADBHIN,Sadbhav Infrastructure Project Limited
SADHNANIQ,Sadhana Nitrochem Limited
SAGARDEEP,Sagardeep Alloys Limited
SAGILITY,SAGILITY LIMITED
SAHLIBHFI,Shalibhadra Finance Limited
SAHYADRI,Sahyadri Industries Limited
SAICAPI,Sai Capital Limited
SAIPARENT,Sai Parenterals Limited
SAKAR,Sakar Healthcare Limited
SAKUMA,Sakuma Exports Limited
SALASAR,Salasar Techno Engineering Limited
SALONA,Salona Cotspin Limited
SALSTEEL,S.A.L. Steel Limited
SAMBHAAV,Sambhaav Media Limited
SAMBHV,Sambhv Steel Tubes Limited
SAMPANN,Sampann Utpadan India Limited
SANATHAN,Sanathan Textiles Limited
SANDUMA,Sandur Manganese & Iron Ores Limited
SANOFICONR,Sanofi Consumer Healthcare India Limited
SANSTAR,Sanstar Limited
SANWARIA,Sanwaria Consumer Limited
SAPPL,Shree Ajit Pulp & Paper Limited
SARVESHWAR,Sarveshwar Foods Limited
SATIA,Satia Industries Limited
SAYAJIIND,Sayaji Industries Limited
SBC,SBC Exports Limited
SBCL,Shivalik Bimetal Controls Limited
SBGLP,Suratwwala Business Group Limited
SCANSTL,Scan Steels Limited
SCILAL,Shipping Corporation of India Land and Assets Limited
SCODATUBES,Scoda Tubes Limited
SCPL,Sheetal Cool Products Limited
SDBL,Som Distilleries & Breweries Limited
SECMARK,SecMark Consultancy Limited
SECURKLOUD,SECUREKLOUD TECHNOLOGIES LIMITED
SEDEMAC,SEDEMAC Mechatronics Limited
SEIL,Shanti Educational Initiatives Limited
SEJALLTD,Sejal Glass Limited
SEKURITIND,Saint Gobain Sekurit India Limited
SEMAC,Semac Construction Limited
SENORES,Senores Pharmaceuticals Limited
SESHAPAPER,Seshasayee Paper and Boards Limited
SETL,Standard Engineering Technology Limited
SETUINFRA,Setubandhan Infrastructure Limited
SEYAIND,Seya Industries Limited
SFL,Sheela Foam Limited
SGFIN,SG Finserve Limited
SGIL,Synergy Green Industries Limited
SGL,STL Global Limited
SGLRES,SGL Resources Limited
SGMART,SG Mart Limited
SGRL,Shree Ganesh Remedies Limited
SHAH,Shah Metacorp Limited
SHAHALLOYS,Shah Alloys Limited
SHAILY,Shaily Engineering Plastics Limited
SHALPAINTS,Shalimar Paints Limited
SHANKESH,Shankesh Jewellers Limited
SHANTI,Shanti Overseas (India) Limited
SHANTIGOLD,Shanti Gold International Limited
SHARDUL,Shardul Securities Limited
SHBAJRG,Shri Bajrang Alliance Limited
SHEKHAWATI,Shekhawati Industries Limited
SHERVANI,Shervani Industrial Syndicate Limited
SHILCTECH,Shilchar Technologies Limited
SHILGRAVQ,Shilp Gravures Limited
SHINDL,Sharat Industries Limited
SHIVAAGRO,Shiva Global Agro Industries Limited
SHIVALIK,Shivalik Rasayan Limited
SHIVAMILLS,Shiva Mills Limited
SHIVATEX,Shiva Texyarn Limited
SHIVAUM,Shiv Aum Steels Limited
SHK,S H Kelkar and Company Limited
SHRADDHA,Shraddha Prime Projects Limited
SHRADHA,Shradha Realty Limited
SHREEJISPG,Shreeji Shipping Global Limited
SHREEPUSHK,Shree Pushkar Chemicals & Fertilisers Limited
SHREERAMA,Shree Rama Multi-Tech Limited
SHRENIK,Shrenik Limited
SHREYANIND,Shreyans Industries Limited
SHRIKRISH,Shri Krishna Devcon Limited
SHRINGARMS,Shringar House of Mangalsutra Limited
SHRJAGP,Shri Jagdamba Polymers Limited
SHUKRAPHAR,Shukra Pharmaceuticals Limited
SHYAMCENT,Shyam Century Ferrous Limited
SHYAMTEL,Shyam Telecom Limited
SICAGEN,Sicagen India Limited
SIEL,Superior Industrial Enterprises Limited
SIGACHI,Sigachi Industries Limited
SIGIND,Signet Industries Limited
SIGMA,Sigma Solve Limited
SIGMAADV,SIGMA ADVANCED SYSTEMS LIMITED
SIGNPOST,Signpost India Limited
SIKA,Sika Interplant Systems Limited
SIKKO,Sikko Industries Limited
SIL,Standard Industries Limited
SILGO,Silgo Retail Limited
SILINV,SIL Investments Limited
SILVERTUC,Silver Touch Technologies Limited
SIMPLXREA,Simplex Realty Limited
SINCLAIR,Sinclairs Hotels Limited
SINDHUTRAD,Sindhu Trade Links Limited
SINGERIND,Singer India Limited
SINTERCOM,Sintercom India Limited
SIRCA,Sirca Paints India Limited
SJS,S.J.S. Enterprises Limited
SKFINDUS,SKF India (Industrial) Limited
SKIPPER,Skipper Limited
SKMEGGPROD,SKM Egg Products Export (India) Limited
SKYGOLD,SKY GOLD AND DIAMONDS LIMITED
SKYWAYS,Skyways Air Services Limited
SMARTLINK,Smartlink Holdings Limited
SMARTWORKS,Smartworks Coworking Spaces Limited
SMLMAH,SML Mahindra Limited
SMLT,Sarthak Metals Limited
SMSPHARMA,SMS Pharmaceuticals Limited
SOFTTECH,Softtech Engineers Limited
SOLARA,Solara Active Pharma Sciences Limited
SOLARWORLD,Solarworld Energy Solutions Limited
SOLEX,Solex Energy Limited
SOMATEX,Soma Textiles & Industries Limited
SOMICONVEY,Somi Conveyor Beltings Limited
SONA,Sonaselection India Limited
SONAL,Sonal Mercantile Limited
SONAMLTD,SONAM LIMITED
SOUTHWEST,South West Pinnacle Exploration Limited
SPCENET,Spacenet Enterprises India Limited
SPECIALITY,Speciality Restaurants Limited
SPECTRUM,Spectrum Electrical Industries Limited
SPIC,Southern Petrochemicals Industries Corporation  Limited
SPLIL,SPL Industries Limited
SRD,Shankar Lal Rampal Dye-Chem Limited
SREEL,Sreeleathers Limited
SRGHFL,SRG Housing Finance Limited
SRHHYPOLTD,Sree Rayalaseema Hi-Strength Hypo Limited
SRIKPRIND,Sri KPR Industries Limited
SRM,SRM Contractors Limited
SRTL,Shree Ram Twistex Limited
SSDL,Saraswati Saree Depot Limited
SSRETAIL,SS Retail Limited
STALLION,Stallion India Fluorochemicals Limited
STANLEY,Stanley Lifestyles Limited
STARPAPER,Star Paper Mills Limited
STARTECK,Starteck Finance Limited
STEAMHOUSE,Steamhouse India Limited
STEELCITY,Steel City Securities Limited
STEELXIND,STEEL EXCHANGE INDIA LIMITED
STEL,Stel Holdings Limited
STERTOOLS,Sterling Tools Limited
STLNETWORK,STL Networks Limited
STLSTRINF,Steel Strips Infrastructures Limited
STUDDS,Studds Accessories Limited
STYL,Seshaasai Technologies Limited
STYLEBAAZA,Baazar Style Retail Limited
STYRENIX,Styrenix Performance Materials Limited
SUDARCOLOR,Sudarshan Colorants India Limited
SUDEEPPHRM,Sudeep Pharma Limited
SULA,Sula Vineyards Limited
SUMEDHA,Sumedha Fiscal Services Limited
SUMEETINDS,Sumeet Industries Limited
SUMIT,Sumit Woods Limited
SUMMITSEC,Summit Securities Limited
SUNDARAM,Sundaram Multi Pap Limited
SUNDRMBRAK,Sundaram Brake Linings Limited
SUNDROP,Sundrop Brands Limited
SUNLOC,Sunil Healthcare Limited
SUNRAKSHAK,Sunrakshakk Industries India Limited
SUNSHIEL,Sunshield Chemicals Limited
SUNSHINE,Sunshine Pictures Limited
SUPREME,Supreme Holdings & Hospitality (India) Limited
SUPREMEENG,Supreme Engineering Limited
SUPREMEINF,Supreme Infrastructure India Limited
SUPTANERY,Super Tannery Limited
SURAJEST,Suraj Estate Developers Limited
SURAJLTD,Suraj Limited
SURAKSHA,Suraksha Diagnostic Limited
SURANASOL,Surana Solar Limited
SURANAT&P,Surana Telecom and Power Limited
SURYALA,Suryalata Spinning Mills Limited
SURYALAXMI,Suryalakshmi Cotton Mills Limited
SUVEN,Suven Life Sciences Limited
SUVIDHAA,Suvidhaa Infoserve Limited
SUYOG,Suyog Telematics Limited
SVGLOBAL,S V Global Mill Limited
SVLL,Shree Vasu Logistics Limited
SVPGLOB,SVP GLOBAL TEXTILES LIMITED
SWANDEF,Swan Defence and Heavy Industries Limited
SWARAJ,Swaraj Suiting Limited
SWARNSAR,Swarnsarita Jewels India Limited
SWASTIKAIN,Swastika Infra Limited
SWELECTES,Swelect Energy Systems Limited
SWISSMLTRY,Swiss Military Consumer Goods Limited
SYMBIOTEC,Symbiotec Pharmalab Limited
SYNCOMF,Syncom Formulations (India) Limited
SYSTMTXC,Systematix Corporate Services Limited
TAALTECH,Taal Tech Limited
TAINWALCHM,Tainwala Chemical and Plastic (I) Limited
TAKE,TAKE Limited
TAMBOLIIN,Tamboli Industries Limited
TARACHAND,Tara Chand InfraLogistic Solutions Limited
TARAPUR,Tarapur Transformers Limited
TARMAT,Tarmat Limited
TBOTEK,TBO Tek Limited
TCC,TCC Concept Limited
TCIFINANCE,TCI Finance Limited
TEAMGTY,Team India Guaranty Limited
TECHNOCRAF,Technocraft Ventures Limited
TECHNVISN,TechNVision Ventures Limited
TECILCHEM,TECIL Chemicals and Hydro Power Limited
TEGA,Tega Industries Limited
TEMBO,Tembo Global Industries Limited
TEMPSENS,Tempsens Instruments (India) Limited
TENNIND,Tenneco Clean Air India Limited
TERAI,Terai Tea Company Limited
TERASOFT,Tera Software Limited
TEXINFRA,Texmaco Infrastructure & Holdings Limited
TEXMOPIPES,Texmo Pipes and Products Limited
TFL,Transwarranty Finance Limited
TGBHOTELS,TGB Banquets And Hotels Limited
TGVSL,TGV Sraac Limited
THACKER,Thacker & Company Limited
THAKDEV,Thakkers Developers Limited
THEINVEST,The Investment Trust Of India Limited
THEJO,Thejo Engineering Limited
THOMASCOTT,Thomas Scott (India) Limited
TICL,Twamev Construction and Infrastructure Limited
TIGERLOGS,Tiger Logistics (India) Limited
TIIL,Technocraft Industries (India) Limited
TIJARIA,Tijaria Polypipes Limited
TIL,TIL Limited
TIMEX,Timex Group India Limited
TINNARUBR,Tinna Rubber and Infrastructure Limited
TIPSFILMS,Tips Films Limited
TIRUPATIFL,Tirupati Forge Limited
TMPV,Tata Motors Passenger Vehicles Limited
TNTELE,Tamilnadu Telecommunication Limited
TOKYOPLAST,Tokyo Plast International Limited
TOLINS,Tolins Tyres Limited
TOTAL,Total Transport Systems Limited
TOUCHWOOD,Touchwood Entertainment Limited
TOYAMSL,Toyam Sports Limited
TPHQ,Teamo Productions HQ Limited
TPLPLASTEH,TPL Plastech Limited
TRACXN,Tracxn Technologies Limited
TRANSCOR,Transcorp International Limited
TRANSPEK,Transpek Industry Limited
TRANSRAILL,Transrail Lighting Limited
TRANSWORLD,TRANSWORLD SHIPPING LINES LIMITED
TRAVELFOOD,Travel Food Services Limited
TREEHOUSE,Tree House Education & Accessories Limited
TREJHARA,TREJHARA SOLUTIONS LIMITED
TREL,Transindia Real Estate Limited
TRF,TRF Limited
TRIGYN,Trigyn Technologies Limited
TRITONV,Triton Valves Limited
TRU,TruCap Finance Limited
TRUALT,TruAlt Bioenergy Limited
TSFINV,TSF INVESTMENTS LIMITED
TTKHLTCARE,TTK Healthcare Limited
TTL,T T Limited
TURTLEMINT,Turtlemint Fintech Solutions Limited
TUTIALKA,Tuticorin Alkali Chemicals & Fertilizers Limited
TVSHLTD,TVS Holdings Limited
TVVISION,TV Vision Limited
UCAL,UCAL LIMITED
UDAYJEW,Uday Jewellery Industries Limited
UEL,Ujaas Energy Limited
UFBL,United Foodbrands Limited
UFO,UFO Moviez India Limited
UMAEXPORTS,Uma Exports Limited
UMESLTD,Usha Martin Education & Solutions Limited
UMIYA-MRO,UMIYA BUILDCON LIMITED
UNIDT,United Drilling Tools Limited
UNIENTER,Uniphos Enterprises Limited
UNIINFO,Uniinfo Telecom Services Limited
UNIMECH,Unimech Aerospace and Manufacturing Limited
UNITEDPOLY,United Polyfab Gujarat Limited
UNITEDTEA,The United Nilgiri Tea Estates Company Limited
UNIVASTU,Univastu India Limited
UNIVPHOTO,Universus Photo Imagings Limited
UPHOT,U P Hotels Limited
URAVIDEF,Uravi Defence and Technology Limited
URBANCO,Urban Company Limited
URJA,Urja Global Limited
USK,Udayshivakumar Infra Limited
UTLSOLAR,Fujiyama Power Systems Limited
UYFINCORP,U. Y. Fincorp Limited
VADILENT,Vadilal Enterprises Limited
VAISHALI,Vaishali Pharma Limited
VALIANTLAB,Valiant Laboratories Limited
VALIANTORG,Valiant Organics Limited
VAML,Vedanta Aluminium Metal Limited
VARDHACRLC,Vardhman Acrylics Limited
VARDMNPOLY,Vardhman Polytex Limited
VASUPRADA,Shri Vasuprada Plantations Limited
VASWANI,Vaswani Industries Limited
VCL,Vaxtex Cotfab Limited
VEDAVAAG,VEDAVAAG Systems Limited
VEDPOWER,Vedanta Power Limited
VEEDOL,Veedol Corporation Limited
VEEGALAND,Veegaland Developers Limited
VELJAN,Veljan Denison Limited
VENUSREM,Venus Remedies Limited
VERANDA,Veranda Learning Solutions Limited
VERTOZ,Vertoz Limited
VETO,Veto Switchgears And Cables Limited
VGCL,Vibrant Global Capital Limited
VGL,VARVEE GLOBAL LIMITED
VHLTD,Viceroy Hotels Limited
VIDHIING,Vidhi Specialty Food Ingredients Limited
VIDYAWIRES,Vidya Wires Limited
VIJIFIN,Viji Finance Limited
VIJSOLX,Vijay Solvex Limited
VIKASECO,Vikas EcoTech Limited
VIKASLIFE,Vikas Lifecare Limited
VIKRAMSOLR,Vikram Solar Limited
VIKRAN,Vikran Engineering Limited
VINCOFE,Vintage Coffee And Beverages Limited
VINEETLAB,Vineet Laboratories Limited
VINNY,Vinny Overseas Limited
VINYLINDIA,Vinyl Chemicals (India) Limited
VIPCLOTHNG,VIP Clothing Limited
VIPULLTD,Vipul Limited
VIRAT,Virat Industries Limited
VIRINCHI,Virinchi Limited
VIRTUALG,Virtual Global Education Limited
VISACHROME,VISA Chrome Limited
VISHAL,Vishal Fabrics Limited
VISHWARAJ,Vishwaraj Sugar Industries Limited
VISL,Vedanta Iron and Steel Limited
VITAL,Vital Chemtech Limited
VIVIANA,Viviana Power Tech Limited
VIVIDHA,Visagar Polytex Limited
VIVIMEDLAB,Vivimed Labs Limited
VIVOBIOT,Vivo Bio Tech Limited
VIYASH,Viyash Scientific Limited
VLEGOV,VL E-Governance & IT Solutions Limited
VLSFINANCE,VLS Finance Limited
VMSTMT,VMS TMT Limited
VOEPL,Virtuoso Optoelectronics Limited
VOGL,Vedanta Oil and Gas Limited
VOITHPAPR,Voith Paper Fabrics India Limited
VPRPL,Vishnu Prakash R Punglia Limited
VRAJ,Vraj Iron and Steel Limited
VSTL,Vibhor Steel Tubes Limited
VTMLTD,VTM Limited
WAAREERTL,Waaree Renewable Technologies Limited
WALCHANNAG,Walchandnagar Industries Limited
WARDINMOBI,Wardwizard Innovations & Mobility Limited
WATERBASE,Waterbase Limited
WCIL,Western Carriers (India) Limited
WEALTH,Wealth First Portfolio Managers Limited
WEIZMANIND,Weizmann Limited
WEL,Wonder Electricals Limited
WELINV,Welspun Investments and Commercials Limited
WELSPLSOL,Welspun Specialty Solutions Limited
WEWIN,WE WIN LIMITED
WEWORK,WeWork India Management Limited
WHBRADY,WH Brady & Company Limited
WILLAMAGOR,Williamson Magor & Company Limited
WINDLAS,Windlas Biotech Limited
WINDMACHIN,Windsor Machines Limited
WIPL,The Western India Plywoods Limited
WORTHPERI,Worth Peripherals Limited
WSI,W S Industries (I) Limited
XCHANGING,Xchanging Solutions Limited
XELPMOC,Xelpmoc Design And Tech Limited
XTGLOBAL,Xtglobal Infotech Limited
XTRANET,Xtranet Technologies Limited
YOGI,Yogi Limited
ZENITHEXPO,Zenith Exports Limited
ZENITHSTL,Zenith Steel Pipes & Industries Limited
ZFCVINDIA,ZF Commercial Vehicle Control Systems India Limited
ZFSTEERING,ZF Steering Gear (India) Limited
ZIMLAB,Zim Laboratories Limited
ZOTA,Zota Health Care LImited
ZSARACOM,Saraswati Commercial India Limited
