ticker,ownership,hq
20MICRONS,,
A2ZINFRA,,
AAATECH,,
63MOONS,,
21STCENMGM,,
3BBLACKBIO,,
3PLAND,,
3IINFOLTD,,
AAKASH,,
AARNAV,,
AARON,,
AARTIPHARM,,
AARTISURF,,
AARTECH,,
AARVI,,
AAREYDRUGS,,
AASTHA,,
ABANSENT,,
ABCOTS,,
ABLBL,,
ABINFRA,,
ABMINTLLTD,,
ABAN,,
ABDL,,
ACEINTEG,,
ACGL,,
ACL,,
ACSTECH,,
ACCURACY,,
ADDIND,,
ADL,,
ADROITIND,,
ADROITINFO,,
ADVANCE,,
ADVENTHTL,,
ADVENZYMES,,
ADVIKCA,,
AEGISVOPAK,,
AEROFLEX,,
AEROENTER,,
AEROPLANE,,
AERONEU,,
AFIL,,
AGARIND,,
AFSL,,
AGASTYAEN,MNC Subsidiary,
AGIIL,,
AGL,,
AGRITECH,,
AGROPHOS,,
AGSTRA,,
AHLADA,,
AHLEAST,,
AHLWEST,,
AIIL,,
AIRAN,,
AIROLAM,,
AJAXENGG,,
AKASH,,"Gandhinagar. 
It"
AJOONI,,
AKG,,
AKCAPIT,,
AKI,,
AKUMS,,
ALBERTDAVD,,
ALGOQUANT,,
ALIVUS,,
ALKALI,,
ABMKNO,,
ACMESOLAR,,
ACUTAAS,,
ALLTIME,,
ALMONDZ,,
ALPA,,
ALPINETEX,,
AEPL,,
ALUFLUOR,,
AMARJOTHI,,
AMANTA,,
AMBICAAGAR,,
AMDIND,,
AHCL,,
