id,name,entity_type,ownership,ticker,isin
C05280,Elitecon International Limited,Public Limited,,ELITECON,INE669R01026
C00913,Malaprabha Sahakari Sakkare Karkhane,Cooperative Society,Cooperative,,
C00205,Kanumanek Trading Company Ltd,Public Limited,Private (Indian),504343,
C06116,Tarapur Transformers Limited,Public Limited,,TARAPUR,INE747K01017
C02260,HCL Infosystems Ltd,Public Limited,Private (Indian),HCL-INSYS,INE236A01020
C02011,Bhagiradha Chemicals & Industries Ltd,Public Limited,Private (Indian),BHAGCHEM,INE414D01027
C01831,DLF Limited,Public Limited,Private (Indian),DLF,INE271C01023
C01144,Ruby Hall Clinic,Trust/Society,Trust/Society,,
C06075,Sumeet Industries Limited,Public Limited,,SUMEETINDS,INE235C01036
C00840,Ahmedabad District Co-operative Milk Producers' Union,Cooperative Society,Cooperative,,
C05585,Laxmi Dental Limited,Public Limited,,LAXMIDENTL,INE0WO601020
C06109,Syncom Formulations (India) Limited,Public Limited,,SYNCOMF,INE312C01025
C04508,Manipur Food Industries Corporation Limited (MFIC),Government Company (PSU),State PSU,,
C00713,Gandhinagar District Central Cooperative Bank,Cooperative Society,Cooperative,,
C04879,Sant Muktabai Sahakari Sakhar Karkhana,Cooperative Society,Cooperative,,
C03478,Vikatan Group,Private Limited,Private (Indian),,
C00261,Birla Transasia Carpets Ltd,Public Limited,Private (Indian),503823,
C00245,Khatau Makanji Spinning & Weaving Company Ltd,Public Limited,Private (Indian),502943,
C00768,Gwalior District Central Cooperative Bank,Cooperative Society,Cooperative,,
C01793,Tata Communications Limited,Public Limited,Private (Indian),TATACOMM,INE151A01013
C01910,Greenply Industries Limited,Public Limited,Private (Indian),GREENPLY,INE461C01038
C04179,Madhya Pradesh Trade and Investment Facilitation Corporation Limited (TRIFAC),Government Company (PSU),State PSU,,
C04973,AGS Transact Technologies Limited,Public Limited,,AGSTRA,INE583L01014
C00218,Olympic Oil Industries Ltd,Public Limited,Private (Indian),507609,
C04638,National Safai Karamcharis Finance and Development Corporation,Government Company (PSU),Central PSU,,
C01629,Motherson Sumi Wiring India Ltd,Public Limited,Private (Indian),MSUMI,INE0FS801015
C05907,Rubfila International Limited,Public Limited,,RUBFILA,INE642C01025
C05365,Go Fashion (India) Limited,Public Limited,,GOCOLORS,INE0BJS01011
C05787,Pudumjee Paper Products Limited,Public Limited,,PDMJEPAPER,INE865T01018
C04505,Manipur Industrial Development Corporation Limited (MANIDCO),Government Company (PSU),State PSU,,
C03456,Serum Institute of India Private Limited,Private Limited,Private (Indian),,
C01807,Adani Enterprises Limited,Public Limited,Private (Indian),ADANIENT,INE423A01024
C03712,Dharma Productions Private Limited,Private Limited,Private (Indian),,
C04869,Qube Cinema Technologies Private Limited,Private Limited,Private (Indian),,
C02285,Nilkamal,Public Limited,Private (Indian),NILKAMAL,INE310A01015
C00054,Jeet Machine Tools Ltd,Public Limited,Private (Indian),513012,
C06258,Vishnu Prakash R Punglia Limited,Public Limited,,VPRPL,INE0AE001013
C01308,Northern Arc Capital Limited,Public Limited,Private (Indian),NORTHARC,INE850M01015
C05761,Oswal Agro Mills Limited,Public Limited,,OSWALAGRO,INE142A01012
C03485,Rajasthan Patrika Private Limited,Private Limited,Private (Indian),,
