cat,title
Companies_listed_on_the_Bombay_Stock_Exchange,List of BSE SENSEX companies
Companies_listed_on_the_Bombay_Stock_Exchange,3i Infotech
Companies_listed_on_the_Bombay_Stock_Exchange,63 Moons Technologies
Companies_listed_on_the_Bombay_Stock_Exchange,360 One WAM
Companies_listed_on_the_Bombay_Stock_Exchange,Aavas Financiers
Companies_listed_on_the_Bombay_Stock_Exchange,Aban Offshore
Companies_listed_on_the_Bombay_Stock_Exchange,ACC (company)
Companies_listed_on_the_Bombay_Stock_Exchange,Action Construction Equipment
Companies_listed_on_the_Bombay_Stock_Exchange,Adani Energy Solutions
Companies_listed_on_the_Bombay_Stock_Exchange,Adani Enterprises
Companies_listed_on_the_Bombay_Stock_Exchange,Adani Green Energy
Companies_listed_on_the_Bombay_Stock_Exchange,Adani Ports & SEZ
Companies_listed_on_the_Bombay_Stock_Exchange,Adani Power
Companies_listed_on_the_Bombay_Stock_Exchange,Aditya Birla Fashion and Retail
Companies_listed_on_the_Bombay_Stock_Exchange,Ador Welding
Companies_listed_on_the_Bombay_Stock_Exchange,Aether Industries
Companies_listed_on_the_Bombay_Stock_Exchange,Afcons Infrastructure
Companies_listed_on_the_Bombay_Stock_Exchange,Ajanta Pharma
Companies_listed_on_the_Bombay_Stock_Exchange,Ajmera Realty & Infra India
Companies_listed_on_the_Bombay_Stock_Exchange,Akums Drugs and Pharmaceuticals
Companies_listed_on_the_Bombay_Stock_Exchange,Alembic Group
Companies_listed_on_the_Bombay_Stock_Exchange,Alembic Pharmaceuticals
Companies_listed_on_the_Bombay_Stock_Exchange,Alkem Laboratories
Companies_listed_on_the_Bombay_Stock_Exchange,Allcargo Gati
Companies_listed_on_the_Bombay_Stock_Exchange,Allcargo Logistics
Companies_listed_on_the_Bombay_Stock_Exchange,Allied Blenders & Distillers
Companies_listed_on_the_Bombay_Stock_Exchange,Amalgamations Group
Companies_listed_on_the_Bombay_Stock_Exchange,Amara Raja Group
Companies_listed_on_the_Bombay_Stock_Exchange,Ambuja Cements
Companies_listed_on_the_Bombay_Stock_Exchange,Amrutanjan Healthcare
Companies_listed_on_the_Bombay_Stock_Exchange,Andrew Yule and Company
Companies_listed_on_the_Bombay_Stock_Exchange,Angel One (company)
Companies_listed_on_the_Bombay_Stock_Exchange,Apar Industries
Companies_listed_on_the_Bombay_Stock_Exchange,Apollo Hospitals
Companies_listed_on_the_Bombay_Stock_Exchange,Apollo Tyres
Companies_listed_on_the_Bombay_Stock_Exchange,Aptech
Companies_listed_on_the_Bombay_Stock_Exchange,Archies Limited
Companies_listed_on_the_Bombay_Stock_Exchange,Arvind (company)
Companies_listed_on_the_Bombay_Stock_Exchange,Asahi India Glass
Companies_listed_on_the_Bombay_Stock_Exchange,Ashiana Housing
Companies_listed_on_the_Bombay_Stock_Exchange,Ashok Leyland
Companies_listed_on_the_Bombay_Stock_Exchange,Asian Paints
Companies_listed_on_the_Bombay_Stock_Exchange,Aster DM Healthcare
Companies_listed_on_the_Bombay_Stock_Exchange,Ather Energy
Companies_listed_on_the_Bombay_Stock_Exchange,Atul (company)
Companies_listed_on_the_Bombay_Stock_Exchange,Atul Auto
Companies_listed_on_the_Bombay_Stock_Exchange,AU Small Finance Bank
Companies_listed_on_the_Bombay_Stock_Exchange,Aurionpro
Companies_listed_on_the_Bombay_Stock_Exchange,Aurobindo Pharma
Companies_listed_on_the_Bombay_Stock_Exchange,AWL Agri Business
Companies_listed_on_the_Bombay_Stock_Exchange,Axis Bank
Companies_listed_on_the_Bombay_Stock_Exchange,Bajaj Auto
Companies_listed_on_the_Bombay_Stock_Exchange,Bajaj Consumer Care
Companies_listed_on_the_Bombay_Stock_Exchange,Bajaj Electricals
Companies_listed_on_the_Bombay_Stock_Exchange,Bajaj Finance
Companies_listed_on_the_Bombay_Stock_Exchange,Bajaj Finserv
Companies_listed_on_the_Bombay_Stock_Exchange,Bajaj Hindusthan
Companies_listed_on_the_Bombay_Stock_Exchange,Balaji Telefilms
Companies_listed_on_the_Bombay_Stock_Exchange,Balkrishna Industries
Companies_listed_on_the_Bombay_Stock_Exchange,Ballarpur Industries
Companies_listed_on_the_Bombay_Stock_Exchange,Balmer Lawrie
Companies_listed_on_the_Bombay_Stock_Exchange,Bandhan Bank
Companies_listed_on_the_Bombay_Stock_Exchange,Bank of Baroda
Companies_listed_on_the_Bombay_Stock_Exchange,Bank of India
Companies_listed_on_the_Bombay_Stock_Exchange,Bank of Maharashtra
Companies_listed_on_the_Bombay_Stock_Exchange,Bannari Amman Group
Companies_listed_on_the_Bombay_Stock_Exchange,Barbeque Nation
Companies_listed_on_the_Bombay_Stock_Exchange,Batliboi
Companies_listed_on_the_Bombay_Stock_Exchange,BEML
Companies_listed_on_the_Bombay_Stock_Exchange,Berger Paints
Companies_listed_on_the_Bombay_Stock_Exchange,Bharat Coking Coal
Companies_listed_on_the_Bombay_Stock_Exchange,Bharat Dynamics Limited
Companies_listed_on_the_Bombay_Stock_Exchange,Bharat Electronics
Companies_listed_on_the_Bombay_Stock_Exchange,Bharat Forge
Companies_listed_on_the_Bombay_Stock_Exchange,Bharat Heavy Electricals Limited
Companies_listed_on_the_Bombay_Stock_Exchange,Bharat Immunologicals and Biologicals Corporation
Companies_listed_on_the_Bombay_Stock_Exchange,Bharat Petroleum
Companies_listed_on_the_Bombay_Stock_Exchange,Bharti Airtel
Companies_listed_on_the_Bombay_Stock_Exchange,Binani Industries
Companies_listed_on_the_Bombay_Stock_Exchange,Biocon
Companies_listed_on_the_Bombay_Stock_Exchange,Birla Corporation
Companies_listed_on_the_Bombay_Stock_Exchange,Birla Precision Technologies
Companies_listed_on_the_Bombay_Stock_Exchange,Birlasoft
Companies_listed_on_the_Bombay_Stock_Exchange,Blue Dart Express
Companies_listed_on_the_Bombay_Stock_Exchange,Blue Star (company)
Companies_listed_on_the_Bombay_Stock_Exchange,Bombay Burmah Trading Corporation
Companies_listed_on_the_Bombay_Stock_Exchange,Bombay Dyeing
Companies_listed_on_the_Bombay_Stock_Exchange,Borosil
Companies_listed_on_the_Bombay_Stock_Exchange,BPL Group
Companies_listed_on_the_Bombay_Stock_Exchange,Brigade Group
Companies_listed_on_the_Bombay_Stock_Exchange,Britannia Industries
Companies_listed_on_the_Bombay_Stock_Exchange,Café Coffee Day
Companies_listed_on_the_Bombay_Stock_Exchange,Camlin Fine Sciences
Companies_listed_on_the_Bombay_Stock_Exchange,Canara Bank
Companies_listed_on_the_Bombay_Stock_Exchange,Canara HSBC Life Insurance
Companies_listed_on_the_Bombay_Stock_Exchange,Capillary Technologies
Companies_listed_on_the_Bombay_Stock_Exchange,Capital Small Finance Bank
Companies_listed_on_the_Bombay_Stock_Exchange,Carborundum Universal
Companies_listed_on_the_Bombay_Stock_Exchange,CareEdge Group
Companies_listed_on_the_Bombay_Stock_Exchange,CarTrade.com
Companies_listed_on_the_Bombay_Stock_Exchange,Castrol India
Companies_listed_on_the_Bombay_Stock_Exchange,CEAT Limited
Companies_listed_on_the_Bombay_Stock_Exchange,Central Bank of India
Companies_listed_on_the_Bombay_Stock_Exchange,Central Mine Planning and Design Institute
Companies_listed_on_the_Bombay_Stock_Exchange,Centum Electronics
Companies_listed_on_the_Bombay_Stock_Exchange,Century Plyboards
Companies_listed_on_the_Bombay_Stock_Exchange,CESC Limited
Companies_listed_on_the_Bombay_Stock_Exchange,CG Power and Industrial Solutions
Companies_listed_on_the_Bombay_Stock_Exchange,Chambal Fertilisers
Companies_listed_on_the_Bombay_Stock_Exchange,Chemplast Sanmar
Companies_listed_on_the_Bombay_Stock_Exchange,Chennai Petroleum Corporation
Companies_listed_on_the_Bombay_Stock_Exchange,Cholamandalam Investment and Finance Company
Companies_listed_on_the_Bombay_Stock_Exchange,Cinevistaas Limited
Companies_listed_on_the_Bombay_Stock_Exchange,Cipla
Companies_listed_on_the_Bombay_Stock_Exchange,City Union Bank
Companies_listed_on_the_Bombay_Stock_Exchange,Club Mahindra Holidays
Companies_listed_on_the_Bombay_Stock_Exchange,Coal India
Companies_listed_on_the_Bombay_Stock_Exchange,Cochin Minerals and Rutile Limited
Companies_listed_on_the_Bombay_Stock_Exchange,Cochin Shipyard
Companies_listed_on_the_Bombay_Stock_Exchange,Coforge
Companies_listed_on_the_Bombay_Stock_Exchange,Computer Age Management Services
Companies_listed_on_the_Bombay_Stock_Exchange,Concord Biotech
Companies_listed_on_the_Bombay_Stock_Exchange,Container Corporation of India
Companies_listed_on_the_Bombay_Stock_Exchange,Cords Cable Industries Limited
Companies_listed_on_the_Bombay_Stock_Exchange,Coromandel International
Companies_listed_on_the_Bombay_Stock_Exchange,Creative Eye Limited
Companies_listed_on_the_Bombay_Stock_Exchange,CreditAccess Grameen
Companies_listed_on_the_Bombay_Stock_Exchange,CRISIL
Companies_listed_on_the_Bombay_Stock_Exchange,Crompton Greaves Consumer Electricals
Companies_listed_on_the_Bombay_Stock_Exchange,CSB Bank
Companies_listed_on_the_Bombay_Stock_Exchange,Cyient
Companies_listed_on_the_Bombay_Stock_Exchange,Dabur
Companies_listed_on_the_Bombay_Stock_Exchange,Dalmia Group
Companies_listed_on_the_Bombay_Stock_Exchange,DB Corp
Companies_listed_on_the_Bombay_Stock_Exchange,DCB Bank
Companies_listed_on_the_Bombay_Stock_Exchange,Deepak Fertilisers and Petrochemicals
Companies_listed_on_the_Bombay_Stock_Exchange,Deepak Nitrite
Companies_listed_on_the_Bombay_Stock_Exchange,Delhi Cloth & General Mills
Companies_listed_on_the_Bombay_Stock_Exchange,Delhivery
Companies_listed_on_the_Bombay_Stock_Exchange,Delta Corp
Companies_listed_on_the_Bombay_Stock_Exchange,DEN Networks
Companies_listed_on_the_Bombay_Stock_Exchange,Dhani (company)
Companies_listed_on_the_Bombay_Stock_Exchange,Dhanlaxmi Bank
Companies_listed_on_the_Bombay_Stock_Exchange,Dilip Buildcon
Companies_listed_on_the_Bombay_Stock_Exchange,Dish TV
Companies_listed_on_the_Bombay_Stock_Exchange,Dishman Carbogen Amcis
Companies_listed_on_the_Bombay_Stock_Exchange,Divi's Laboratories
Companies_listed_on_the_Bombay_Stock_Exchange,Dixon Technologies
Companies_listed_on_the_Bombay_Stock_Exchange,DLF (company)
Companies_listed_on_the_Bombay_Stock_Exchange,DMart
Companies_listed_on_the_Bombay_Stock_Exchange,Dr. Agarwal's Eye Hospital
Companies_listed_on_the_Bombay_Stock_Exchange,Dr. Reddy's Laboratories
Companies_listed_on_the_Bombay_Stock_Exchange,Doms (company)
Companies_listed_on_the_Bombay_Stock_Exchange,Dr Lal PathLabs
Companies_listed_on_the_Bombay_Stock_Exchange,DreamFolks
Companies_listed_on_the_Bombay_Stock_Exchange,Dredging Corporation of India
Companies_listed_on_the_Bombay_Stock_Exchange,Dynamatic Technologies
Companies_listed_on_the_Bombay_Stock_Exchange,EaseMyTrip
Companies_listed_on_the_Bombay_Stock_Exchange,Edelweiss Group
Companies_listed_on_the_Bombay_Stock_Exchange,Educomp Solutions
Companies_listed_on_the_Bombay_Stock_Exchange,Eicher Motors
Companies_listed_on_the_Bombay_Stock_Exchange,EID Parry
Companies_listed_on_the_Bombay_Stock_Exchange,Elecon Engineering
Companies_listed_on_the_Bombay_Stock_Exchange,Electrosteel Castings
Companies_listed_on_the_Bombay_Stock_Exchange,Emami
Companies_listed_on_the_Bombay_Stock_Exchange,Emcure Pharmaceuticals
Companies_listed_on_the_Bombay_Stock_Exchange,Engineers India
Companies_listed_on_the_Bombay_Stock_Exchange,Entertainment Network India Limited
Companies_listed_on_the_Bombay_Stock_Exchange,Equitas Small Finance Bank
Companies_listed_on_the_Bombay_Stock_Exchange,Eros International
Companies_listed_on_the_Bombay_Stock_Exchange,ESAF Small Finance Bank
Companies_listed_on_the_Bombay_Stock_Exchange,Escorts Kubota Limited
Companies_listed_on_the_Bombay_Stock_Exchange,Essel Group
Companies_listed_on_the_Bombay_Stock_Exchange,Essel Propack
Companies_listed_on_the_Bombay_Stock_Exchange,Eternal Limited
Companies_listed_on_the_Bombay_Stock_Exchange,Eureka Forbes
Companies_listed_on_the_Bombay_Stock_Exchange,Eurogrip Tyres
Companies_listed_on_the_Bombay_Stock_Exchange,Eveready Industries India
Companies_listed_on_the_Bombay_Stock_Exchange,Everest Industries
Companies_listed_on_the_Bombay_Stock_Exchange,Exide Industries
Companies_listed_on_the_Bombay_Stock_Exchange,Federal Bank
Companies_listed_on_the_Bombay_Stock_Exchange,Fertilisers and Chemicals Travancore
Companies_listed_on_the_Bombay_Stock_Exchange,Fineotex Chemical
Companies_listed_on_the_Bombay_Stock_Exchange,FirstCry
Companies_listed_on_the_Bombay_Stock_Exchange,Firstsource
Companies_listed_on_the_Bombay_Stock_Exchange,Forbes (engineering company)
Companies_listed_on_the_Bombay_Stock_Exchange,Force Motors
Companies_listed_on_the_Bombay_Stock_Exchange,Fortis Healthcare
Companies_listed_on_the_Bombay_Stock_Exchange,Fractal Analytics
Companies_listed_on_the_Bombay_Stock_Exchange,GAIL
Companies_listed_on_the_Bombay_Stock_Exchange,Galaxy Surfactants
Companies_listed_on_the_Bombay_Stock_Exchange,Garden Reach Shipbuilders & Engineers
Companies_listed_on_the_Bombay_Stock_Exchange,Gateway Distriparks
Companies_listed_on_the_Bombay_Stock_Exchange,General Insurance Corporation of India
Companies_listed_on_the_Bombay_Stock_Exchange,Geojit Financial Services
Companies_listed_on_the_Bombay_Stock_Exchange,GIPCL Vadodara Gas based Power Station
Companies_listed_on_the_Bombay_Stock_Exchange,GlaxoSmithKline Pharmaceuticals
Companies_listed_on_the_Bombay_Stock_Exchange,Glenmark Pharmaceuticals
Companies_listed_on_the_Bombay_Stock_Exchange,Global Vectra Helicorp
Companies_listed_on_the_Bombay_Stock_Exchange,Goa Carbon Limited
Companies_listed_on_the_Bombay_Stock_Exchange,Godavari Biorefineries
Companies_listed_on_the_Bombay_Stock_Exchange,Godfrey Phillips India
Companies_listed_on_the_Bombay_Stock_Exchange,Godrej Agrovet
Companies_listed_on_the_Bombay_Stock_Exchange,Godrej Consumer Products
Companies_listed_on_the_Bombay_Stock_Exchange,Godrej Industries Group
Companies_listed_on_the_Bombay_Stock_Exchange,Godrej Properties
Companies_listed_on_the_Bombay_Stock_Exchange,Goodricke Group Limited
Companies_listed_on_the_Bombay_Stock_Exchange,Granules India
Companies_listed_on_the_Bombay_Stock_Exchange,Grasim Industries
Companies_listed_on_the_Bombay_Stock_Exchange,Great Eastern Shipping
Companies_listed_on_the_Bombay_Stock_Exchange,Greaves Cotton
Companies_listed_on_the_Bombay_Stock_Exchange,Greenlam Industries
Companies_listed_on_the_Bombay_Stock_Exchange,Greenply
Companies_listed_on_the_Bombay_Stock_Exchange,GTL Infrastructure
Companies_listed_on_the_Bombay_Stock_Exchange,GTL Ltd
Companies_listed_on_the_Bombay_Stock_Exchange,Gujarat Alkalies and Chemicals Limited
Companies_listed_on_the_Bombay_Stock_Exchange,Gujarat Fluorochemicals
Companies_listed_on_the_Bombay_Stock_Exchange,Gujarat Gas
Companies_listed_on_the_Bombay_Stock_Exchange,Gujarat Mineral Development Corporation
Companies_listed_on_the_Bombay_Stock_Exchange,Gujarat Narmada Valley Fertilisers & Chemicals
Companies_listed_on_the_Bombay_Stock_Exchange,Gujarat State Fertilizers and Chemicals
Companies_listed_on_the_Bombay_Stock_Exchange,Gujarat State Petroleum Corporation
Companies_listed_on_the_Bombay_Stock_Exchange,GVK Industries
Companies_listed_on_the_Bombay_Stock_Exchange,Harrisons Malayalam
Companies_listed_on_the_Bombay_Stock_Exchange,Hathway
Companies_listed_on_the_Bombay_Stock_Exchange,Hatsun Agro Product
Companies_listed_on_the_Bombay_Stock_Exchange,Havells
Companies_listed_on_the_Bombay_Stock_Exchange,Hawkins Cookers
Companies_listed_on_the_Bombay_Stock_Exchange,HCLTech
Companies_listed_on_the_Bombay_Stock_Exchange,HDFC Bank
Companies_listed_on_the_Bombay_Stock_Exchange,HDFC Life
Companies_listed_on_the_Bombay_Stock_Exchange,Heritage Foods
Companies_listed_on_the_Bombay_Stock_Exchange,Hero MotoCorp
Companies_listed_on_the_Bombay_Stock_Exchange,Hester Biosciences
Companies_listed_on_the_Bombay_Stock_Exchange,Heubach Colorants India
Companies_listed_on_the_Bombay_Stock_Exchange,HFCL
Companies_listed_on_the_Bombay_Stock_Exchange,Hindalco Industries
Companies_listed_on_the_Bombay_Stock_Exchange,Hindustan Aeronautics Limited
Companies_listed_on_the_Bombay_Stock_Exchange,Hindustan Construction Company
Companies_listed_on_the_Bombay_Stock_Exchange,Hindustan Motors
Companies_listed_on_the_Bombay_Stock_Exchange,Hindustan National Glass & Industries Limited
Companies_listed_on_the_Bombay_Stock_Exchange,Hindustan Organic Chemicals Limited
Companies_listed_on_the_Bombay_Stock_Exchange,Hindustan Petroleum
Companies_listed_on_the_Bombay_Stock_Exchange,Hindustan Unilever
Companies_listed_on_the_Bombay_Stock_Exchange,Hindustan Zinc
Companies_listed_on_the_Bombay_Stock_Exchange,Hitachi Energy
Companies_listed_on_the_Bombay_Stock_Exchange,HMT Limited
Companies_listed_on_the_Bombay_Stock_Exchange,Home First Finance
Companies_listed_on_the_Bombay_Stock_Exchange,Housing and Urban Development Corporation
Companies_listed_on_the_Bombay_Stock_Exchange,HT Media
Companies_listed_on_the_Bombay_Stock_Exchange,Huhtamaki PPL
Companies_listed_on_the_Bombay_Stock_Exchange,Hyundai Motor India
Companies_listed_on_the_Bombay_Stock_Exchange,ICICI Bank
Companies_listed_on_the_Bombay_Stock_Exchange,ICICI Lombard
Companies_listed_on_the_Bombay_Stock_Exchange,ICICI Prudential Life Insurance
Companies_listed_on_the_Bombay_Stock_Exchange,ICRA Limited
Companies_listed_on_the_Bombay_Stock_Exchange,IDBI Bank
Companies_listed_on_the_Bombay_Stock_Exchange,IDFC First Bank
Companies_listed_on_the_Bombay_Stock_Exchange,IFB Home Appliances
Companies_listed_on_the_Bombay_Stock_Exchange,IFCI Ltd
Companies_listed_on_the_Bombay_Stock_Exchange,IMFA
Companies_listed_on_the_Bombay_Stock_Exchange,Indegene
Companies_listed_on_the_Bombay_Stock_Exchange,India Cements
Companies_listed_on_the_Bombay_Stock_Exchange,India Infoline
Companies_listed_on_the_Bombay_Stock_Exchange,India Tourism Development Corporation
Companies_listed_on_the_Bombay_Stock_Exchange,IndiaMART
Companies_listed_on_the_Bombay_Stock_Exchange,The Indian Card Clothing Company
Companies_listed_on_the_Bombay_Stock_Exchange,Indian Energy Exchange
Companies_listed_on_the_Bombay_Stock_Exchange,Indian Hotels Company Limited
Companies_listed_on_the_Bombay_Stock_Exchange,Indian Oil Corporation
Companies_listed_on_the_Bombay_Stock_Exchange,Indian Overseas Bank
Companies_listed_on_the_Bombay_Stock_Exchange,Indian Railway Catering and Tourism Corporation
Companies_listed_on_the_Bombay_Stock_Exchange,Indian Railway Finance Corporation
Companies_listed_on_the_Bombay_Stock_Exchange,Indian Renewable Energy Development Agency
Companies_listed_on_the_Bombay_Stock_Exchange,IndiGo
Companies_listed_on_the_Bombay_Stock_Exchange,Indigo Paints
Companies_listed_on_the_Bombay_Stock_Exchange,IndiGrid
Companies_listed_on_the_Bombay_Stock_Exchange,Indraprastha Gas
Companies_listed_on_the_Bombay_Stock_Exchange,Indus Towers
Companies_listed_on_the_Bombay_Stock_Exchange,IndusInd Bank
Companies_listed_on_the_Bombay_Stock_Exchange,IndusInd Capital
Companies_listed_on_the_Bombay_Stock_Exchange,Info Edge
Companies_listed_on_the_Bombay_Stock_Exchange,Infosys
Companies_listed_on_the_Bombay_Stock_Exchange,International Gemological Institute
Companies_listed_on_the_Bombay_Stock_Exchange,Ipca Laboratories
Companies_listed_on_the_Bombay_Stock_Exchange,IRB Infrastructure
Companies_listed_on_the_Bombay_Stock_Exchange,Ircon International
Companies_listed_on_the_Bombay_Stock_Exchange,ISGEC
Companies_listed_on_the_Bombay_Stock_Exchange,ITC Hotels
Companies_listed_on_the_Bombay_Stock_Exchange,ITC Limited
Companies_listed_on_the_Bombay_Stock_Exchange,ITI Limited
Companies_listed_on_the_Bombay_Stock_Exchange,Ixigo
Companies_listed_on_the_Bombay_Stock_Exchange,Jagran Prakashan
Companies_listed_on_the_Bombay_Stock_Exchange,Jain Irrigation Systems
Companies_listed_on_the_Bombay_Stock_Exchange,Jaipan Industries
Companies_listed_on_the_Bombay_Stock_Exchange,Jammu & Kashmir Bank
Companies_listed_on_the_Bombay_Stock_Exchange,Jana Small Finance Bank
Companies_listed_on_the_Bombay_Stock_Exchange,Jaypee Group
Companies_listed_on_the_Bombay_Stock_Exchange,Jaypee Infratech
Companies_listed_on_the_Bombay_Stock_Exchange,Jet Airways
Companies_listed_on_the_Bombay_Stock_Exchange,JSW Steel
Companies_listed_on_the_Bombay_Stock_Exchange,Jindal Stainless
Companies_listed_on_the_Bombay_Stock_Exchange,Jindal Steel
Companies_listed_on_the_Bombay_Stock_Exchange,Jio Financial Services
Companies_listed_on_the_Bombay_Stock_Exchange,JM Financial
Companies_listed_on_the_Bombay_Stock_Exchange,Johnson Controls Hitachi
Companies_listed_on_the_Bombay_Stock_Exchange,JSW Energy
Companies_listed_on_the_Bombay_Stock_Exchange,Jubilant FoodWorks
Companies_listed_on_the_Bombay_Stock_Exchange,Jupiter Wagons
Companies_listed_on_the_Bombay_Stock_Exchange,Justdial
Companies_listed_on_the_Bombay_Stock_Exchange,Kalyan Jewellers
Companies_listed_on_the_Bombay_Stock_Exchange,Kamat Hotels
Companies_listed_on_the_Bombay_Stock_Exchange,Kansai Nerolac Paints
Companies_listed_on_the_Bombay_Stock_Exchange,Karnataka Bank
Companies_listed_on_the_Bombay_Stock_Exchange,Karur Vysya Bank
Companies_listed_on_the_Bombay_Stock_Exchange,Kaya Limited
Companies_listed_on_the_Bombay_Stock_Exchange,KEC International
Companies_listed_on_the_Bombay_Stock_Exchange,Kellton
Companies_listed_on_the_Bombay_Stock_Exchange,Kennametal
Companies_listed_on_the_Bombay_Stock_Exchange,Kesoram Industries
Companies_listed_on_the_Bombay_Stock_Exchange,Khadim's
Companies_listed_on_the_Bombay_Stock_Exchange,Khoday Group
Companies_listed_on_the_Bombay_Stock_Exchange,Kinetic Engineering Limited
Companies_listed_on_the_Bombay_Stock_Exchange,KIOCL Limited
Companies_listed_on_the_Bombay_Stock_Exchange,Kirloskar Brothers
Companies_listed_on_the_Bombay_Stock_Exchange,Kokuyo Camlin
Companies_listed_on_the_Bombay_Stock_Exchange,Kotak Mahindra Bank
Companies_listed_on_the_Bombay_Stock_Exchange,KPIT Technologies
Companies_listed_on_the_Bombay_Stock_Exchange,KRBL (company)
Companies_listed_on_the_Bombay_Stock_Exchange,Krishna Institute of Medical Sciences (hospital group)
Companies_listed_on_the_Bombay_Stock_Exchange,Kwality Wall's
Companies_listed_on_the_Bombay_Stock_Exchange,Lakshmi Mills
Companies_listed_on_the_Bombay_Stock_Exchange,L&T Technology Services
Companies_listed_on_the_Bombay_Stock_Exchange,Larsen & Toubro
Companies_listed_on_the_Bombay_Stock_Exchange,Laurus Labs
Companies_listed_on_the_Bombay_Stock_Exchange,The Leela
Companies_listed_on_the_Bombay_Stock_Exchange,Lemon Tree Hotels
Companies_listed_on_the_Bombay_Stock_Exchange,Lenskart
Companies_listed_on_the_Bombay_Stock_Exchange,Liberty Shoes
Companies_listed_on_the_Bombay_Stock_Exchange,LIC Housing Finance
Companies_listed_on_the_Bombay_Stock_Exchange,Life Insurance Corporation
Companies_listed_on_the_Bombay_Stock_Exchange,Lincoln Pharmaceuticals
Companies_listed_on_the_Bombay_Stock_Exchange,Living Media India
Companies_listed_on_the_Bombay_Stock_Exchange,Lodha Group
Companies_listed_on_the_Bombay_Stock_Exchange,LTIMindtree
Companies_listed_on_the_Bombay_Stock_Exchange,Lupin (company)
Companies_listed_on_the_Bombay_Stock_Exchange,Lux Industries
Companies_listed_on_the_Bombay_Stock_Exchange,Madras Fertilizers
Companies_listed_on_the_Bombay_Stock_Exchange,Mahanagar Gas
Companies_listed_on_the_Bombay_Stock_Exchange,Mahanagar Telephone Nigam Limited
Companies_listed_on_the_Bombay_Stock_Exchange,Mahindra & Mahindra
Companies_listed_on_the_Bombay_Stock_Exchange,Mahindra & Mahindra Financial Services Limited
Companies_listed_on_the_Bombay_Stock_Exchange,Mahindra Lifespaces
Companies_listed_on_the_Bombay_Stock_Exchange,Manappuram Finance
Companies_listed_on_the_Bombay_Stock_Exchange,Mangalore Chemicals & Fertilizers
Companies_listed_on_the_Bombay_Stock_Exchange,Mangalore Refinery and Petrochemicals Limited
Companies_listed_on_the_Bombay_Stock_Exchange,Manipal Hospitals
Companies_listed_on_the_Bombay_Stock_Exchange,Mankind Pharma
Companies_listed_on_the_Bombay_Stock_Exchange,MapmyIndia
Companies_listed_on_the_Bombay_Stock_Exchange,Marico
Companies_listed_on_the_Bombay_Stock_Exchange,Martin Burn
Companies_listed_on_the_Bombay_Stock_Exchange,Maruti Suzuki
Companies_listed_on_the_Bombay_Stock_Exchange,Matrimony.com
Companies_listed_on_the_Bombay_Stock_Exchange,Max Estates Limited
Companies_listed_on_the_Bombay_Stock_Exchange,Max Healthcare
Companies_listed_on_the_Bombay_Stock_Exchange,Mazagon Dock Shipbuilders
Companies_listed_on_the_Bombay_Stock_Exchange,McLeod Russel
Companies_listed_on_the_Bombay_Stock_Exchange,Medanta
Companies_listed_on_the_Bombay_Stock_Exchange,MedPlus
Companies_listed_on_the_Bombay_Stock_Exchange,Meesho
Companies_listed_on_the_Bombay_Stock_Exchange,Metro Brands
Companies_listed_on_the_Bombay_Stock_Exchange,Metropolis Healthcare
Companies_listed_on_the_Bombay_Stock_Exchange,Muthoot Microfin
Companies_listed_on_the_Bombay_Stock_Exchange,Mishra Dhatu Nigam
Companies_listed_on_the_Bombay_Stock_Exchange,MMTC Ltd
Companies_listed_on_the_Bombay_Stock_Exchange,MobiKwik
Companies_listed_on_the_Bombay_Stock_Exchange,MOIL
Companies_listed_on_the_Bombay_Stock_Exchange,Monte Carlo Fashions Limited
Companies_listed_on_the_Bombay_Stock_Exchange,Motilal Oswal Financial Services
Companies_listed_on_the_Bombay_Stock_Exchange,Mphasis
Companies_listed_on_the_Bombay_Stock_Exchange,MRF (company)
Companies_listed_on_the_Bombay_Stock_Exchange,Mrs. Bectors Food
Companies_listed_on_the_Bombay_Stock_Exchange,MSTC Limited
Companies_listed_on_the_Bombay_Stock_Exchange,MTR Foods
Companies_listed_on_the_Bombay_Stock_Exchange,Mufti (company)
Companies_listed_on_the_Bombay_Stock_Exchange,Mukand
Companies_listed_on_the_Bombay_Stock_Exchange,Multi Commodity Exchange
Companies_listed_on_the_Bombay_Stock_Exchange,Muthoot Finance
Companies_listed_on_the_Bombay_Stock_Exchange,Mysore Cements Limited
Companies_listed_on_the_Bombay_Stock_Exchange,Nagarnar Steel Plant
Companies_listed_on_the_Bombay_Stock_Exchange,Narayana Health
Companies_listed_on_the_Bombay_Stock_Exchange,Natco Pharma
Companies_listed_on_the_Bombay_Stock_Exchange,National Aluminium Company
Companies_listed_on_the_Bombay_Stock_Exchange,National Fertilizers
Companies_listed_on_the_Bombay_Stock_Exchange,National Securities Depository Limited
Companies_listed_on_the_Bombay_Stock_Exchange,Navneet Education
Companies_listed_on_the_Bombay_Stock_Exchange,Nazara Technologies
Companies_listed_on_the_Bombay_Stock_Exchange,NBCC (India) Limited
Companies_listed_on_the_Bombay_Stock_Exchange,NDTV
Companies_listed_on_the_Bombay_Stock_Exchange,Nestlé India
Companies_listed_on_the_Bombay_Stock_Exchange,Network18 Group
Companies_listed_on_the_Bombay_Stock_Exchange,New India Assurance
Companies_listed_on_the_Bombay_Stock_Exchange,NHPC
Companies_listed_on_the_Bombay_Stock_Exchange,NIIT
Companies_listed_on_the_Bombay_Stock_Exchange,Nilkamal Plastics
Companies_listed_on_the_Bombay_Stock_Exchange,Nippo Batteries
Companies_listed_on_the_Bombay_Stock_Exchange,Niva Bupa
Companies_listed_on_the_Bombay_Stock_Exchange,NLC India Limited
Companies_listed_on_the_Bombay_Stock_Exchange,NMDC Limited
Companies_listed_on_the_Bombay_Stock_Exchange,NRB Bearing
Companies_listed_on_the_Bombay_Stock_Exchange,NTPC Limited
Companies_listed_on_the_Bombay_Stock_Exchange,Nucleus Software Exports
Companies_listed_on_the_Bombay_Stock_Exchange,Nuvama Group
Companies_listed_on_the_Bombay_Stock_Exchange,Nykaa
Companies_listed_on_the_Bombay_Stock_Exchange,Oil and Natural Gas Corporation
Companies_listed_on_the_Bombay_Stock_Exchange,Oil India
Companies_listed_on_the_Bombay_Stock_Exchange,Ola Electric
Companies_listed_on_the_Bombay_Stock_Exchange,One97 Communications
Companies_listed_on_the_Bombay_Stock_Exchange,Onida Electronics
Companies_listed_on_the_Bombay_Stock_Exchange,Onward Technologies
Companies_listed_on_the_Bombay_Stock_Exchange,Oracle Financial Services Software
Companies_listed_on_the_Bombay_Stock_Exchange,Orchid Pharma
Companies_listed_on_the_Bombay_Stock_Exchange,Orient Electric
Companies_listed_on_the_Bombay_Stock_Exchange,Orient Paper Mills
Companies_listed_on_the_Bombay_Stock_Exchange,Orissa Minerals Development Company
Companies_listed_on_the_Bombay_Stock_Exchange,P. N. Gadgil Jewellers
Companies_listed_on_the_Bombay_Stock_Exchange,Page Industries
Companies_listed_on_the_Bombay_Stock_Exchange,Panacea Biotec
Companies_listed_on_the_Bombay_Stock_Exchange,Parag Milk Foods
Companies_listed_on_the_Bombay_Stock_Exchange,The Park Hotels
Companies_listed_on_the_Bombay_Stock_Exchange,Patanjali Foods
Companies_listed_on_the_Bombay_Stock_Exchange,Paytm
Companies_listed_on_the_Bombay_Stock_Exchange,PC Jeweller
Companies_listed_on_the_Bombay_Stock_Exchange,Persistent Systems
Companies_listed_on_the_Bombay_Stock_Exchange,Petronet LNG
Companies_listed_on_the_Bombay_Stock_Exchange,Physics Wallah
Companies_listed_on_the_Bombay_Stock_Exchange,Pidilite Industries
Companies_listed_on_the_Bombay_Stock_Exchange,Pine Labs
Companies_listed_on_the_Bombay_Stock_Exchange,Piramal Finance
Companies_listed_on_the_Bombay_Stock_Exchange,Pix Transmissions
Companies_listed_on_the_Bombay_Stock_Exchange,PNB Housing Finance
Companies_listed_on_the_Bombay_Stock_Exchange,Policybazaar
Companies_listed_on_the_Bombay_Stock_Exchange,Polycab India
Companies_listed_on_the_Bombay_Stock_Exchange,Polyplex (company)
Companies_listed_on_the_Bombay_Stock_Exchange,Port Pipavav
Companies_listed_on_the_Bombay_Stock_Exchange,Power Finance Corporation
Companies_listed_on_the_Bombay_Stock_Exchange,Power Grid Corporation of India
Companies_listed_on_the_Bombay_Stock_Exchange,Praj
Companies_listed_on_the_Bombay_Stock_Exchange,Premier Automobiles Limited
Companies_listed_on_the_Bombay_Stock_Exchange,Prestige Group
Companies_listed_on_the_Bombay_Stock_Exchange,Pricol
Companies_listed_on_the_Bombay_Stock_Exchange,Protean eGov Technologies
Companies_listed_on_the_Bombay_Stock_Exchange,PTC India
Companies_listed_on_the_Bombay_Stock_Exchange,PTC Industries Limited
Companies_listed_on_the_Bombay_Stock_Exchange,Punj Lloyd
Companies_listed_on_the_Bombay_Stock_Exchange,Punjab & Sind Bank
Companies_listed_on_the_Bombay_Stock_Exchange,Punjab National Bank
Companies_listed_on_the_Bombay_Stock_Exchange,Puravankara Limited
Companies_listed_on_the_Bombay_Stock_Exchange,PVR INOX
Companies_listed_on_the_Bombay_Stock_Exchange,Quick Heal
Companies_listed_on_the_Bombay_Stock_Exchange,Radico Khaitan
Companies_listed_on_the_Bombay_Stock_Exchange,Rail Vikas Nigam
Companies_listed_on_the_Bombay_Stock_Exchange,RailTel
Companies_listed_on_the_Bombay_Stock_Exchange,Rainbow Hospitals
Companies_listed_on_the_Bombay_Stock_Exchange,Raj Television Network
Companies_listed_on_the_Bombay_Stock_Exchange,Rajesh Exports
Companies_listed_on_the_Bombay_Stock_Exchange,Ramco Systems
Companies_listed_on_the_Bombay_Stock_Exchange,Rane (Madras)
Companies_listed_on_the_Bombay_Stock_Exchange,Rane Engine Valve Limited
Companies_listed_on_the_Bombay_Stock_Exchange,Rashtriya Chemicals and Fertilizers
Companies_listed_on_the_Bombay_Stock_Exchange,RattanIndia
Companies_listed_on_the_Bombay_Stock_Exchange,Raymond Ltd
Companies_listed_on_the_Bombay_Stock_Exchange,RBL Bank
Companies_listed_on_the_Bombay_Stock_Exchange,REC Limited
Companies_listed_on_the_Bombay_Stock_Exchange,Relaxo
Companies_listed_on_the_Bombay_Stock_Exchange,Reliance Communications
Companies_listed_on_the_Bombay_Stock_Exchange,Reliance Industrial Infrastructure
Companies_listed_on_the_Bombay_Stock_Exchange,Reliance Industries
Companies_listed_on_the_Bombay_Stock_Exchange,Reliance Infrastructure
Companies_listed_on_the_Bombay_Stock_Exchange,Reliance Power
Companies_listed_on_the_Bombay_Stock_Exchange,Religare
Companies_listed_on_the_Bombay_Stock_Exchange,RITES Limited
Companies_listed_on_the_Bombay_Stock_Exchange,Rolta
Companies_listed_on_the_Bombay_Stock_Exchange,Rossari Biotech
Companies_listed_on_the_Bombay_Stock_Exchange,Route Mobile
Companies_listed_on_the_Bombay_Stock_Exchange,Royal Orchid Hotels
Companies_listed_on_the_Bombay_Stock_Exchange,RPG Life Sciences
Companies_listed_on_the_Bombay_Stock_Exchange,RR Kabel
Companies_listed_on_the_Bombay_Stock_Exchange,Rubicon Research
Companies_listed_on_the_Bombay_Stock_Exchange,Rupa Company
Companies_listed_on_the_Bombay_Stock_Exchange,Saatvik Green Energy
Companies_listed_on_the_Bombay_Stock_Exchange,Sadbhav Engineering
Companies_listed_on_the_Bombay_Stock_Exchange,Salora International
Companies_listed_on_the_Bombay_Stock_Exchange,Samvardhana Motherson
Companies_listed_on_the_Bombay_Stock_Exchange,Sandhar Technologies
Companies_listed_on_the_Bombay_Stock_Exchange,Saregama
Companies_listed_on_the_Bombay_Stock_Exchange,Sasken Technologies
Companies_listed_on_the_Bombay_Stock_Exchange,Satin Creditcare Network Limited
Companies_listed_on_the_Bombay_Stock_Exchange,Savita Oil Technologies Limited
Companies_listed_on_the_Bombay_Stock_Exchange,SBI Life Insurance Company
Companies_listed_on_the_Bombay_Stock_Exchange,Shalby Hospitals
Companies_listed_on_the_Bombay_Stock_Exchange,Shalimar Paints
Companies_listed_on_the_Bombay_Stock_Exchange,Sheela Foam Limited
Companies_listed_on_the_Bombay_Stock_Exchange,Shemaroo Entertainment
Companies_listed_on_the_Bombay_Stock_Exchange,Shipping Corporation of India
Companies_listed_on_the_Bombay_Stock_Exchange,Shiva Texyarn Limited
Companies_listed_on_the_Bombay_Stock_Exchange,Shoppers Stop
Companies_listed_on_the_Bombay_Stock_Exchange,Shree Cement
Companies_listed_on_the_Bombay_Stock_Exchange,Shree Renuka Sugars
Companies_listed_on_the_Bombay_Stock_Exchange,Sinclairs Hotels Limited
Companies_listed_on_the_Bombay_Stock_Exchange,SIS Limited
Companies_listed_on_the_Bombay_Stock_Exchange,Siti Networks
Companies_listed_on_the_Bombay_Stock_Exchange,Siyaram Silk Mills
Companies_listed_on_the_Bombay_Stock_Exchange,Skipper Limited
Companies_listed_on_the_Bombay_Stock_Exchange,SML Mahindra
Companies_listed_on_the_Bombay_Stock_Exchange,Sobha (company)
Companies_listed_on_the_Bombay_Stock_Exchange,Sonata Software
Companies_listed_on_the_Bombay_Stock_Exchange,South Indian Bank
Companies_listed_on_the_Bombay_Stock_Exchange,Speciality Restaurants Limited
Companies_listed_on_the_Bombay_Stock_Exchange,SpiceJet
Companies_listed_on_the_Bombay_Stock_Exchange,SRF Limited
Companies_listed_on_the_Bombay_Stock_Exchange,Star Cement
Companies_listed_on_the_Bombay_Stock_Exchange,State Bank of India
Companies_listed_on_the_Bombay_Stock_Exchange,State Trading Corporation
Companies_listed_on_the_Bombay_Stock_Exchange,Steel Authority of India Limited
Companies_listed_on_the_Bombay_Stock_Exchange,Sterlite Technologies
Companies_listed_on_the_Bombay_Stock_Exchange,Stovekraft
Companies_listed_on_the_Bombay_Stock_Exchange,Strides Pharma Science
Companies_listed_on_the_Bombay_Stock_Exchange,Subex
Companies_listed_on_the_Bombay_Stock_Exchange,Sula Vineyards
Companies_listed_on_the_Bombay_Stock_Exchange,Sun Pharma
Companies_listed_on_the_Bombay_Stock_Exchange,Sun TV Network
Companies_listed_on_the_Bombay_Stock_Exchange,Sundaram Finance
Companies_listed_on_the_Bombay_Stock_Exchange,Supreme Industries
Companies_listed_on_the_Bombay_Stock_Exchange,Supreme Petrochem
Companies_listed_on_the_Bombay_Stock_Exchange,Surya Roshni
Companies_listed_on_the_Bombay_Stock_Exchange,Suryoday Small Finance Bank
Companies_listed_on_the_Bombay_Stock_Exchange,Suzlon
Companies_listed_on_the_Bombay_Stock_Exchange,Swan Defence and Heavy Industries Limited
Companies_listed_on_the_Bombay_Stock_Exchange,Swiggy
Companies_listed_on_the_Bombay_Stock_Exchange,Symphony Limited
Companies_listed_on_the_Bombay_Stock_Exchange,Tamil Nadu Newsprint and Papers Limited
Companies_listed_on_the_Bombay_Stock_Exchange,Tamil Nadu Petroproducts Limited
Companies_listed_on_the_Bombay_Stock_Exchange,Tamilnad Mercantile Bank
Companies_listed_on_the_Bombay_Stock_Exchange,Tanla Platforms
Companies_listed_on_the_Bombay_Stock_Exchange,Tasty Bite
Companies_listed_on_the_Bombay_Stock_Exchange,Tata Chemicals
Companies_listed_on_the_Bombay_Stock_Exchange,Tata Communications
Companies_listed_on_the_Bombay_Stock_Exchange,Tata Consultancy Services
Companies_listed_on_the_Bombay_Stock_Exchange,Tata Consumer Products
Companies_listed_on_the_Bombay_Stock_Exchange,Tata Group
Companies_listed_on_the_Bombay_Stock_Exchange,Tata Investment Corp
Companies_listed_on_the_Bombay_Stock_Exchange,Tata Motors
Companies_listed_on_the_Bombay_Stock_Exchange,Tata Motors Passenger Vehicles
Companies_listed_on_the_Bombay_Stock_Exchange,Tata Power
Companies_listed_on_the_Bombay_Stock_Exchange,Tata Steel
Companies_listed_on_the_Bombay_Stock_Exchange,Tata Technologies
Companies_listed_on_the_Bombay_Stock_Exchange,Tata Teleservices
Companies_listed_on_the_Bombay_Stock_Exchange,TeamLease Services
Companies_listed_on_the_Bombay_Stock_Exchange,Tech Mahindra
Companies_listed_on_the_Bombay_Stock_Exchange,Texmaco Rail & Engineering
Companies_listed_on_the_Bombay_Stock_Exchange,The Leela Group
Companies_listed_on_the_Bombay_Stock_Exchange,Thermax
Companies_listed_on_the_Bombay_Stock_Exchange,Thomas Cook India
Companies_listed_on_the_Bombay_Stock_Exchange,Thyrocare
Companies_listed_on_the_Bombay_Stock_Exchange,Titagarh Rail Systems
Companies_listed_on_the_Bombay_Stock_Exchange,Titan Company
Companies_listed_on_the_Bombay_Stock_Exchange,Torrent Pharmaceuticals
Companies_listed_on_the_Bombay_Stock_Exchange,Torrent Power
Companies_listed_on_the_Bombay_Stock_Exchange,Transformers and Rectifiers (India) Ltd.
Companies_listed_on_the_Bombay_Stock_Exchange,Transport Corporation of India
Companies_listed_on_the_Bombay_Stock_Exchange,Trent Limited
Companies_listed_on_the_Bombay_Stock_Exchange,Triveni Engineering & Industries
Companies_listed_on_the_Bombay_Stock_Exchange,TTK Prestige
Companies_listed_on_the_Bombay_Stock_Exchange,Tube Investments of India Limited
Companies_listed_on_the_Bombay_Stock_Exchange,TVS Electronics
Companies_listed_on_the_Bombay_Stock_Exchange,TVS Holdings
Companies_listed_on_the_Bombay_Stock_Exchange,TVS Motor Company
Companies_listed_on_the_Bombay_Stock_Exchange,TVS Supply Chain Solutions
Companies_listed_on_the_Bombay_Stock_Exchange,UCO Bank
Companies_listed_on_the_Bombay_Stock_Exchange,UFO Moviez
Companies_listed_on_the_Bombay_Stock_Exchange,UGRO Capital
Companies_listed_on_the_Bombay_Stock_Exchange,Ujjivan Small Finance Bank
Companies_listed_on_the_Bombay_Stock_Exchange,UltraTech Cement
Companies_listed_on_the_Bombay_Stock_Exchange,Unichem Laboratories
Companies_listed_on_the_Bombay_Stock_Exchange,Unicommerce
Companies_listed_on_the_Bombay_Stock_Exchange,Union Bank of India
Companies_listed_on_the_Bombay_Stock_Exchange,UTI Asset Management
Companies_listed_on_the_Bombay_Stock_Exchange,Unitech Group
Companies_listed_on_the_Bombay_Stock_Exchange,United Breweries Group
Companies_listed_on_the_Bombay_Stock_Exchange,United Spirits
Companies_listed_on_the_Bombay_Stock_Exchange,Uno Minda Limited
Companies_listed_on_the_Bombay_Stock_Exchange,UPL Limited
Companies_listed_on_the_Bombay_Stock_Exchange,Urban Company
Companies_listed_on_the_Bombay_Stock_Exchange,Usha Martin
Companies_listed_on_the_Bombay_Stock_Exchange,V-Guard Industries
Companies_listed_on_the_Bombay_Stock_Exchange,V-Mart Retail
Companies_listed_on_the_Bombay_Stock_Exchange,VA Tech Wabag
Companies_listed_on_the_Bombay_Stock_Exchange,Vadilal
Companies_listed_on_the_Bombay_Stock_Exchange,Vaibhav Global
Companies_listed_on_the_Bombay_Stock_Exchange,Vakrangee Limited
Companies_listed_on_the_Bombay_Stock_Exchange,Varroc
Companies_listed_on_the_Bombay_Stock_Exchange,Varun Beverages
Companies_listed_on_the_Bombay_Stock_Exchange,Vedanta Limited
Companies_listed_on_the_Bombay_Stock_Exchange,Velvex
Companies_listed_on_the_Bombay_Stock_Exchange,Venky's
Companies_listed_on_the_Bombay_Stock_Exchange,Videocon Group
Companies_listed_on_the_Bombay_Stock_Exchange,Vikram Solar
Companies_listed_on_the_Bombay_Stock_Exchange,VIP Industries
Companies_listed_on_the_Bombay_Stock_Exchange,Vivimed Labs
Companies_listed_on_the_Bombay_Stock_Exchange,Vodafone Idea
Companies_listed_on_the_Bombay_Stock_Exchange,Voltas
Companies_listed_on_the_Bombay_Stock_Exchange,VRL Group
Companies_listed_on_the_Bombay_Stock_Exchange,VST Industries
Companies_listed_on_the_Bombay_Stock_Exchange,Wakefit
Companies_listed_on_the_Bombay_Stock_Exchange,Walchandnagar Industries
Companies_listed_on_the_Bombay_Stock_Exchange,Welspun Corp
Companies_listed_on_the_Bombay_Stock_Exchange,Welspun Living
Companies_listed_on_the_Bombay_Stock_Exchange,Welspun World
Companies_listed_on_the_Bombay_Stock_Exchange,Westlife Foodworld
Companies_listed_on_the_Bombay_Stock_Exchange,Wipro
Companies_listed_on_the_Bombay_Stock_Exchange,Wockhardt
Companies_listed_on_the_Bombay_Stock_Exchange,Wonderla
Companies_listed_on_the_Bombay_Stock_Exchange,Yash Birla Group
Companies_listed_on_the_Bombay_Stock_Exchange,Yatharth Hospitals
Companies_listed_on_the_Bombay_Stock_Exchange,Yatra (company)
Companies_listed_on_the_Bombay_Stock_Exchange,Yes Bank
Companies_listed_on_the_Bombay_Stock_Exchange,Zee Entertainment Enterprises
Companies_listed_on_the_Bombay_Stock_Exchange,Zee Media Corporation
Companies_listed_on_the_Bombay_Stock_Exchange,Zensar Technologies
Companies_listed_on_the_Bombay_Stock_Exchange,Zodiac Clothing Company Ltd.
Companies_listed_on_the_Bombay_Stock_Exchange,Zydus Lifesciences
Companies_listed_on_the_Bombay_Stock_Exchange,Zydus Wellness
Companies_listed_on_the_National_Stock_Exchange_of_India,List of companies listed on the National Stock Exchange of India
Companies_listed_on_the_National_Stock_Exchange_of_India,3i Infotech
Companies_listed_on_the_National_Stock_Exchange_of_India,63 Moons Technologies
Companies_listed_on_the_National_Stock_Exchange_of_India,360 One WAM
Companies_listed_on_the_National_Stock_Exchange_of_India,Aavas Financiers
Companies_listed_on_the_National_Stock_Exchange_of_India,Aban Offshore
Companies_listed_on_the_National_Stock_Exchange_of_India,ACC (company)
Companies_listed_on_the_National_Stock_Exchange_of_India,Action Construction Equipment
Companies_listed_on_the_National_Stock_Exchange_of_India,Adani Energy Solutions
Companies_listed_on_the_National_Stock_Exchange_of_India,Adani Enterprises
Companies_listed_on_the_National_Stock_Exchange_of_India,Adani Green Energy
Companies_listed_on_the_National_Stock_Exchange_of_India,Adani Group
Companies_listed_on_the_National_Stock_Exchange_of_India,Adani Ports & SEZ
Companies_listed_on_the_National_Stock_Exchange_of_India,Adani Power
Companies_listed_on_the_National_Stock_Exchange_of_India,Aditya Birla Fashion and Retail
Companies_listed_on_the_National_Stock_Exchange_of_India,Ador Welding
Companies_listed_on_the_National_Stock_Exchange_of_India,Aether Industries
Companies_listed_on_the_National_Stock_Exchange_of_India,Afcons Infrastructure
Companies_listed_on_the_National_Stock_Exchange_of_India,Ajanta Pharma
Companies_listed_on_the_National_Stock_Exchange_of_India,Ajmera Realty & Infra India
Companies_listed_on_the_National_Stock_Exchange_of_India,Akums Drugs and Pharmaceuticals
Companies_listed_on_the_National_Stock_Exchange_of_India,Alembic Group
Companies_listed_on_the_National_Stock_Exchange_of_India,Alembic Pharmaceuticals
Companies_listed_on_the_National_Stock_Exchange_of_India,Alkem Laboratories
Companies_listed_on_the_National_Stock_Exchange_of_India,Allcargo Gati
Companies_listed_on_the_National_Stock_Exchange_of_India,Allcargo Logistics
Companies_listed_on_the_National_Stock_Exchange_of_India,Allied Blenders & Distillers
Companies_listed_on_the_National_Stock_Exchange_of_India,Amara Raja Group
Companies_listed_on_the_National_Stock_Exchange_of_India,Ambuja Cements
Companies_listed_on_the_National_Stock_Exchange_of_India,Amrutanjan Healthcare
Companies_listed_on_the_National_Stock_Exchange_of_India,Andrew Yule and Company
Companies_listed_on_the_National_Stock_Exchange_of_India,Angel One (company)
Companies_listed_on_the_National_Stock_Exchange_of_India,Apar Industries
Companies_listed_on_the_National_Stock_Exchange_of_India,Apollo Hospitals
Companies_listed_on_the_National_Stock_Exchange_of_India,Apollo Tyres
Companies_listed_on_the_National_Stock_Exchange_of_India,Aptech
Companies_listed_on_the_National_Stock_Exchange_of_India,Archies Limited
Companies_listed_on_the_National_Stock_Exchange_of_India,Arvind (company)
Companies_listed_on_the_National_Stock_Exchange_of_India,Asahi India Glass
Companies_listed_on_the_National_Stock_Exchange_of_India,Ashiana Housing
Companies_listed_on_the_National_Stock_Exchange_of_India,Ashok Leyland
Companies_listed_on_the_National_Stock_Exchange_of_India,Asian Paints
Companies_listed_on_the_National_Stock_Exchange_of_India,Aster DM Healthcare
Companies_listed_on_the_National_Stock_Exchange_of_India,Ather Energy
Companies_listed_on_the_National_Stock_Exchange_of_India,Atul (company)
Companies_listed_on_the_National_Stock_Exchange_of_India,Atul Auto
Companies_listed_on_the_National_Stock_Exchange_of_India,AU Small Finance Bank
Companies_listed_on_the_National_Stock_Exchange_of_India,Aurionpro
Companies_listed_on_the_National_Stock_Exchange_of_India,Aurobindo Pharma
Companies_listed_on_the_National_Stock_Exchange_of_India,AWL Agri Business
Companies_listed_on_the_National_Stock_Exchange_of_India,Axis Bank
Companies_listed_on_the_National_Stock_Exchange_of_India,Bajaj Auto
Companies_listed_on_the_National_Stock_Exchange_of_India,Bajaj Consumer Care
Companies_listed_on_the_National_Stock_Exchange_of_India,Bajaj Electricals
Companies_listed_on_the_National_Stock_Exchange_of_India,Bajaj Finance
Companies_listed_on_the_National_Stock_Exchange_of_India,Bajaj Finserv
Companies_listed_on_the_National_Stock_Exchange_of_India,Bajaj Hindusthan
Companies_listed_on_the_National_Stock_Exchange_of_India,Balaji Telefilms
Companies_listed_on_the_National_Stock_Exchange_of_India,Balkrishna Industries
Companies_listed_on_the_National_Stock_Exchange_of_India,Balmer Lawrie
Companies_listed_on_the_National_Stock_Exchange_of_India,Bandhan Bank
Companies_listed_on_the_National_Stock_Exchange_of_India,Bank of Baroda
Companies_listed_on_the_National_Stock_Exchange_of_India,Bank of India
Companies_listed_on_the_National_Stock_Exchange_of_India,Bank of Maharashtra
Companies_listed_on_the_National_Stock_Exchange_of_India,Barbeque Nation
Companies_listed_on_the_National_Stock_Exchange_of_India,BEML
Companies_listed_on_the_National_Stock_Exchange_of_India,Berger Paints
Companies_listed_on_the_National_Stock_Exchange_of_India,Bharat Coking Coal
Companies_listed_on_the_National_Stock_Exchange_of_India,Bharat Dynamics Limited
Companies_listed_on_the_National_Stock_Exchange_of_India,Bharat Electronics
Companies_listed_on_the_National_Stock_Exchange_of_India,Bharat Forge
Companies_listed_on_the_National_Stock_Exchange_of_India,Bharat Heavy Electricals Limited
Companies_listed_on_the_National_Stock_Exchange_of_India,Bharat Petroleum
Companies_listed_on_the_National_Stock_Exchange_of_India,Bharti Airtel
Companies_listed_on_the_National_Stock_Exchange_of_India,Binani Industries
Companies_listed_on_the_National_Stock_Exchange_of_India,Biocon
Companies_listed_on_the_National_Stock_Exchange_of_India,Birla Corporation
Companies_listed_on_the_National_Stock_Exchange_of_India,Birlasoft
Companies_listed_on_the_National_Stock_Exchange_of_India,Blue Dart Express
Companies_listed_on_the_National_Stock_Exchange_of_India,Blue Star (company)
Companies_listed_on_the_National_Stock_Exchange_of_India,Bombay Burmah Trading Corporation
Companies_listed_on_the_National_Stock_Exchange_of_India,Bombay Dyeing
Companies_listed_on_the_National_Stock_Exchange_of_India,Bombay Stock Exchange
Companies_listed_on_the_National_Stock_Exchange_of_India,Borosil
Companies_listed_on_the_National_Stock_Exchange_of_India,BPL Group
Companies_listed_on_the_National_Stock_Exchange_of_India,Brigade Group
Companies_listed_on_the_National_Stock_Exchange_of_India,Britannia Industries
Companies_listed_on_the_National_Stock_Exchange_of_India,Café Coffee Day
Companies_listed_on_the_National_Stock_Exchange_of_India,Camlin Fine Sciences
Companies_listed_on_the_National_Stock_Exchange_of_India,Canara Bank
Companies_listed_on_the_National_Stock_Exchange_of_India,Canara HSBC Life Insurance
Companies_listed_on_the_National_Stock_Exchange_of_India,Capillary Technologies
Companies_listed_on_the_National_Stock_Exchange_of_India,Capital Small Finance Bank
Companies_listed_on_the_National_Stock_Exchange_of_India,Carborundum Universal
Companies_listed_on_the_National_Stock_Exchange_of_India,CareEdge Group
Companies_listed_on_the_National_Stock_Exchange_of_India,CarTrade.com
Companies_listed_on_the_National_Stock_Exchange_of_India,Castrol India
Companies_listed_on_the_National_Stock_Exchange_of_India,CEAT Limited
Companies_listed_on_the_National_Stock_Exchange_of_India,Central Bank of India
Companies_listed_on_the_National_Stock_Exchange_of_India,Central Depository Services Limited
Companies_listed_on_the_National_Stock_Exchange_of_India,Central Mine Planning and Design Institute
Companies_listed_on_the_National_Stock_Exchange_of_India,Centum Electronics
Companies_listed_on_the_National_Stock_Exchange_of_India,Century Plyboards
Companies_listed_on_the_National_Stock_Exchange_of_India,CESC Limited
Companies_listed_on_the_National_Stock_Exchange_of_India,CG Power and Industrial Solutions
Companies_listed_on_the_National_Stock_Exchange_of_India,Chemplast Sanmar
Companies_listed_on_the_National_Stock_Exchange_of_India,Chennai Petroleum Corporation
Companies_listed_on_the_National_Stock_Exchange_of_India,Cholamandalam Investment and Finance Company
Companies_listed_on_the_National_Stock_Exchange_of_India,Cinevistaas Limited
Companies_listed_on_the_National_Stock_Exchange_of_India,Cipla
Companies_listed_on_the_National_Stock_Exchange_of_India,City Union Bank
Companies_listed_on_the_National_Stock_Exchange_of_India,Club Mahindra Holidays
Companies_listed_on_the_National_Stock_Exchange_of_India,Coal India
Companies_listed_on_the_National_Stock_Exchange_of_India,Cochin Shipyard
Companies_listed_on_the_National_Stock_Exchange_of_India,Coforge
Companies_listed_on_the_National_Stock_Exchange_of_India,Computer Age Management Services
Companies_listed_on_the_National_Stock_Exchange_of_India,Concord Biotech
Companies_listed_on_the_National_Stock_Exchange_of_India,Container Corporation of India
Companies_listed_on_the_National_Stock_Exchange_of_India,Cords Cable Industries Limited
Companies_listed_on_the_National_Stock_Exchange_of_India,Coromandel International
Companies_listed_on_the_National_Stock_Exchange_of_India,Creative Eye Limited
Companies_listed_on_the_National_Stock_Exchange_of_India,CreditAccess Grameen
Companies_listed_on_the_National_Stock_Exchange_of_India,CRISIL
Companies_listed_on_the_National_Stock_Exchange_of_India,Crompton Greaves Consumer Electricals
Companies_listed_on_the_National_Stock_Exchange_of_India,CSB Bank
Companies_listed_on_the_National_Stock_Exchange_of_India,Cyient
Companies_listed_on_the_National_Stock_Exchange_of_India,Dabur
Companies_listed_on_the_National_Stock_Exchange_of_India,Dalmia Group
Companies_listed_on_the_National_Stock_Exchange_of_India,DB Corp
Companies_listed_on_the_National_Stock_Exchange_of_India,DCB Bank
Companies_listed_on_the_National_Stock_Exchange_of_India,Deepak Fertilisers and Petrochemicals
Companies_listed_on_the_National_Stock_Exchange_of_India,Deepak Nitrite
Companies_listed_on_the_National_Stock_Exchange_of_India,Delhivery
Companies_listed_on_the_National_Stock_Exchange_of_India,Delta Corp
Companies_listed_on_the_National_Stock_Exchange_of_India,DEN Networks
Companies_listed_on_the_National_Stock_Exchange_of_India,Dhani (company)
Companies_listed_on_the_National_Stock_Exchange_of_India,Dhanlaxmi Bank
Companies_listed_on_the_National_Stock_Exchange_of_India,Dilip Buildcon
Companies_listed_on_the_National_Stock_Exchange_of_India,Dish TV
Companies_listed_on_the_National_Stock_Exchange_of_India,Dishman Carbogen Amcis
Companies_listed_on_the_National_Stock_Exchange_of_India,Divi's Laboratories
Companies_listed_on_the_National_Stock_Exchange_of_India,Dixon Technologies
Companies_listed_on_the_National_Stock_Exchange_of_India,DLF (company)
Companies_listed_on_the_National_Stock_Exchange_of_India,DMart
Companies_listed_on_the_National_Stock_Exchange_of_India,Dr. Reddy's Laboratories
Companies_listed_on_the_National_Stock_Exchange_of_India,Doms (company)
Companies_listed_on_the_National_Stock_Exchange_of_India,Dr Lal PathLabs
Companies_listed_on_the_National_Stock_Exchange_of_India,DreamFolks
Companies_listed_on_the_National_Stock_Exchange_of_India,Dredging Corporation of India
Companies_listed_on_the_National_Stock_Exchange_of_India,Dynamatic Technologies
Companies_listed_on_the_National_Stock_Exchange_of_India,EaseMyTrip
Companies_listed_on_the_National_Stock_Exchange_of_India,Edelweiss Group
Companies_listed_on_the_National_Stock_Exchange_of_India,Educomp Solutions
Companies_listed_on_the_National_Stock_Exchange_of_India,Eicher Motors
Companies_listed_on_the_National_Stock_Exchange_of_India,EID Parry
Companies_listed_on_the_National_Stock_Exchange_of_India,Elecon Engineering
Companies_listed_on_the_National_Stock_Exchange_of_India,Electrosteel Castings
Companies_listed_on_the_National_Stock_Exchange_of_India,Emami
Companies_listed_on_the_National_Stock_Exchange_of_India,Emcure Pharmaceuticals
Companies_listed_on_the_National_Stock_Exchange_of_India,Engineers India
Companies_listed_on_the_National_Stock_Exchange_of_India,Entertainment Network India Limited
Companies_listed_on_the_National_Stock_Exchange_of_India,Equitas Small Finance Bank
Companies_listed_on_the_National_Stock_Exchange_of_India,Eros International
Companies_listed_on_the_National_Stock_Exchange_of_India,ESAF Small Finance Bank
Companies_listed_on_the_National_Stock_Exchange_of_India,Escorts Kubota Limited
Companies_listed_on_the_National_Stock_Exchange_of_India,Essel Group
Companies_listed_on_the_National_Stock_Exchange_of_India,Essel Propack
Companies_listed_on_the_National_Stock_Exchange_of_India,Eternal Limited
Companies_listed_on_the_National_Stock_Exchange_of_India,Eureka Forbes
Companies_listed_on_the_National_Stock_Exchange_of_India,Eurogrip Tyres
Companies_listed_on_the_National_Stock_Exchange_of_India,Eveready Industries India
Companies_listed_on_the_National_Stock_Exchange_of_India,Everest Industries
Companies_listed_on_the_National_Stock_Exchange_of_India,Exide Industries
Companies_listed_on_the_National_Stock_Exchange_of_India,Federal Bank
Companies_listed_on_the_National_Stock_Exchange_of_India,Fertilisers and Chemicals Travancore
Companies_listed_on_the_National_Stock_Exchange_of_India,Fineotex Chemical
Companies_listed_on_the_National_Stock_Exchange_of_India,FirstCry
Companies_listed_on_the_National_Stock_Exchange_of_India,Firstsource
Companies_listed_on_the_National_Stock_Exchange_of_India,Force Motors
Companies_listed_on_the_National_Stock_Exchange_of_India,Fortis Healthcare
Companies_listed_on_the_National_Stock_Exchange_of_India,Fractal Analytics
Companies_listed_on_the_National_Stock_Exchange_of_India,GAIL
Companies_listed_on_the_National_Stock_Exchange_of_India,Galaxy Surfactants
Companies_listed_on_the_National_Stock_Exchange_of_India,Garden Reach Shipbuilders & Engineers
Companies_listed_on_the_National_Stock_Exchange_of_India,Gateway Distriparks
Companies_listed_on_the_National_Stock_Exchange_of_India,General Insurance Corporation of India
Companies_listed_on_the_National_Stock_Exchange_of_India,Geojit Financial Services
Companies_listed_on_the_National_Stock_Exchange_of_India,GIPCL Vadodara Gas based Power Station
Companies_listed_on_the_National_Stock_Exchange_of_India,GlaxoSmithKline Pharmaceuticals
Companies_listed_on_the_National_Stock_Exchange_of_India,Glenmark Pharmaceuticals
Companies_listed_on_the_National_Stock_Exchange_of_India,Global Vectra Helicorp
Companies_listed_on_the_National_Stock_Exchange_of_India,Goa Carbon Limited
Companies_listed_on_the_National_Stock_Exchange_of_India,Godavari Biorefineries
Companies_listed_on_the_National_Stock_Exchange_of_India,Godfrey Phillips India
Companies_listed_on_the_National_Stock_Exchange_of_India,Godrej Agrovet
Companies_listed_on_the_National_Stock_Exchange_of_India,Godrej Consumer Products
Companies_listed_on_the_National_Stock_Exchange_of_India,Godrej Industries Group
Companies_listed_on_the_National_Stock_Exchange_of_India,Godrej Properties
Companies_listed_on_the_National_Stock_Exchange_of_India,Granules India
Companies_listed_on_the_National_Stock_Exchange_of_India,Grasim Industries
Companies_listed_on_the_National_Stock_Exchange_of_India,Great Eastern Shipping
Companies_listed_on_the_National_Stock_Exchange_of_India,Greaves Cotton
Companies_listed_on_the_National_Stock_Exchange_of_India,Greenlam Industries
Companies_listed_on_the_National_Stock_Exchange_of_India,Greenply
Companies_listed_on_the_National_Stock_Exchange_of_India,GTL Infrastructure
Companies_listed_on_the_National_Stock_Exchange_of_India,GTL Ltd
Companies_listed_on_the_National_Stock_Exchange_of_India,Gujarat Alkalies and Chemicals Limited
Companies_listed_on_the_National_Stock_Exchange_of_India,Gujarat Fluorochemicals
Companies_listed_on_the_National_Stock_Exchange_of_India,Gujarat Gas
Companies_listed_on_the_National_Stock_Exchange_of_India,Gujarat Mineral Development Corporation
Companies_listed_on_the_National_Stock_Exchange_of_India,Gujarat Narmada Valley Fertilisers & Chemicals
Companies_listed_on_the_National_Stock_Exchange_of_India,Gujarat State Fertilizers and Chemicals
Companies_listed_on_the_National_Stock_Exchange_of_India,Gujarat State Petroleum Corporation
Companies_listed_on_the_National_Stock_Exchange_of_India,GVK Industries
Companies_listed_on_the_National_Stock_Exchange_of_India,Harrisons Malayalam
Companies_listed_on_the_National_Stock_Exchange_of_India,Hathway
Companies_listed_on_the_National_Stock_Exchange_of_India,Hatsun Agro Product
Companies_listed_on_the_National_Stock_Exchange_of_India,Havells
Companies_listed_on_the_National_Stock_Exchange_of_India,HCLTech
Companies_listed_on_the_National_Stock_Exchange_of_India,HDFC Bank
Companies_listed_on_the_National_Stock_Exchange_of_India,HDFC Life
Companies_listed_on_the_National_Stock_Exchange_of_India,Heritage Foods
Companies_listed_on_the_National_Stock_Exchange_of_India,Hero MotoCorp
Companies_listed_on_the_National_Stock_Exchange_of_India,Hester Biosciences
Companies_listed_on_the_National_Stock_Exchange_of_India,Heubach Colorants India
Companies_listed_on_the_National_Stock_Exchange_of_India,HFCL
Companies_listed_on_the_National_Stock_Exchange_of_India,Hindalco Industries
Companies_listed_on_the_National_Stock_Exchange_of_India,Hindustan Aeronautics Limited
Companies_listed_on_the_National_Stock_Exchange_of_India,Hindustan Construction Company
Companies_listed_on_the_National_Stock_Exchange_of_India,Hindustan Motors
Companies_listed_on_the_National_Stock_Exchange_of_India,Hindustan National Glass & Industries Limited
Companies_listed_on_the_National_Stock_Exchange_of_India,Hindustan Organic Chemicals Limited
Companies_listed_on_the_National_Stock_Exchange_of_India,Hindustan Petroleum
Companies_listed_on_the_National_Stock_Exchange_of_India,Hindustan Unilever
Companies_listed_on_the_National_Stock_Exchange_of_India,Hindustan Zinc
Companies_listed_on_the_National_Stock_Exchange_of_India,Hitachi Energy
Companies_listed_on_the_National_Stock_Exchange_of_India,HMT Limited
Companies_listed_on_the_National_Stock_Exchange_of_India,Home First Finance
Companies_listed_on_the_National_Stock_Exchange_of_India,Housing and Urban Development Corporation
Companies_listed_on_the_National_Stock_Exchange_of_India,HT Media
Companies_listed_on_the_National_Stock_Exchange_of_India,Huhtamaki PPL
Companies_listed_on_the_National_Stock_Exchange_of_India,Hyundai Motor India
Companies_listed_on_the_National_Stock_Exchange_of_India,ICICI Bank
Companies_listed_on_the_National_Stock_Exchange_of_India,ICICI Lombard
Companies_listed_on_the_National_Stock_Exchange_of_India,ICICI Prudential Life Insurance
Companies_listed_on_the_National_Stock_Exchange_of_India,ICRA Limited
Companies_listed_on_the_National_Stock_Exchange_of_India,IDBI Bank
Companies_listed_on_the_National_Stock_Exchange_of_India,IDFC First Bank
Companies_listed_on_the_National_Stock_Exchange_of_India,IFB Home Appliances
Companies_listed_on_the_National_Stock_Exchange_of_India,IFCI Ltd
Companies_listed_on_the_National_Stock_Exchange_of_India,IMFA
Companies_listed_on_the_National_Stock_Exchange_of_India,Indegene
Companies_listed_on_the_National_Stock_Exchange_of_India,India Cements
Companies_listed_on_the_National_Stock_Exchange_of_India,India Infoline
Companies_listed_on_the_National_Stock_Exchange_of_India,India Tourism Development Corporation
Companies_listed_on_the_National_Stock_Exchange_of_India,IndiaMART
Companies_listed_on_the_National_Stock_Exchange_of_India,The Indian Card Clothing Company
Companies_listed_on_the_National_Stock_Exchange_of_India,Indian Energy Exchange
Companies_listed_on_the_National_Stock_Exchange_of_India,Indian Hotels Company Limited
Companies_listed_on_the_National_Stock_Exchange_of_India,Indian Oil Corporation
Companies_listed_on_the_National_Stock_Exchange_of_India,Indian Overseas Bank
Companies_listed_on_the_National_Stock_Exchange_of_India,Indian Railway Catering and Tourism Corporation
Companies_listed_on_the_National_Stock_Exchange_of_India,Indian Railway Finance Corporation
Companies_listed_on_the_National_Stock_Exchange_of_India,Indian Renewable Energy Development Agency
Companies_listed_on_the_National_Stock_Exchange_of_India,IndiGo
Companies_listed_on_the_National_Stock_Exchange_of_India,Indigo Paints
Companies_listed_on_the_National_Stock_Exchange_of_India,IndiGrid
Companies_listed_on_the_National_Stock_Exchange_of_India,Indraprastha Gas
Companies_listed_on_the_National_Stock_Exchange_of_India,Indus Towers
Companies_listed_on_the_National_Stock_Exchange_of_India,IndusInd Bank
Companies_listed_on_the_National_Stock_Exchange_of_India,IndusInd Capital
Companies_listed_on_the_National_Stock_Exchange_of_India,Info Edge
Companies_listed_on_the_National_Stock_Exchange_of_India,Infosys
Companies_listed_on_the_National_Stock_Exchange_of_India,International Gemological Institute
Companies_listed_on_the_National_Stock_Exchange_of_India,Ipca Laboratories
Companies_listed_on_the_National_Stock_Exchange_of_India,IRB Infrastructure
Companies_listed_on_the_National_Stock_Exchange_of_India,Ircon International
Companies_listed_on_the_National_Stock_Exchange_of_India,ISGEC
Companies_listed_on_the_National_Stock_Exchange_of_India,ITC Hotels
Companies_listed_on_the_National_Stock_Exchange_of_India,ITC Limited
Companies_listed_on_the_National_Stock_Exchange_of_India,ITI Limited
Companies_listed_on_the_National_Stock_Exchange_of_India,Ixigo
Companies_listed_on_the_National_Stock_Exchange_of_India,Jagran Prakashan
Companies_listed_on_the_National_Stock_Exchange_of_India,Jain Irrigation Systems
Companies_listed_on_the_National_Stock_Exchange_of_India,Jammu & Kashmir Bank
Companies_listed_on_the_National_Stock_Exchange_of_India,Jana Small Finance Bank
Companies_listed_on_the_National_Stock_Exchange_of_India,Jaypee Group
Companies_listed_on_the_National_Stock_Exchange_of_India,Jet Airways
Companies_listed_on_the_National_Stock_Exchange_of_India,JSW Steel
Companies_listed_on_the_National_Stock_Exchange_of_India,Jindal Stainless
Companies_listed_on_the_National_Stock_Exchange_of_India,Jindal Steel
Companies_listed_on_the_National_Stock_Exchange_of_India,Jio Financial Services
Companies_listed_on_the_National_Stock_Exchange_of_India,JM Financial
Companies_listed_on_the_National_Stock_Exchange_of_India,Johnson Controls Hitachi
Companies_listed_on_the_National_Stock_Exchange_of_India,JSW Energy
Companies_listed_on_the_National_Stock_Exchange_of_India,Jubilant FoodWorks
Companies_listed_on_the_National_Stock_Exchange_of_India,Jupiter Wagons
Companies_listed_on_the_National_Stock_Exchange_of_India,Justdial
Companies_listed_on_the_National_Stock_Exchange_of_India,Kalyan Jewellers
Companies_listed_on_the_National_Stock_Exchange_of_India,Kamat Hotels
Companies_listed_on_the_National_Stock_Exchange_of_India,Kansai Nerolac Paints
Companies_listed_on_the_National_Stock_Exchange_of_India,Karnataka Bank
Companies_listed_on_the_National_Stock_Exchange_of_India,Karur Vysya Bank
Companies_listed_on_the_National_Stock_Exchange_of_India,Kaya Limited
Companies_listed_on_the_National_Stock_Exchange_of_India,KEC International
Companies_listed_on_the_National_Stock_Exchange_of_India,Kellton
Companies_listed_on_the_National_Stock_Exchange_of_India,Kesoram Industries
Companies_listed_on_the_National_Stock_Exchange_of_India,Khadim's
Companies_listed_on_the_National_Stock_Exchange_of_India,KIOCL Limited
Companies_listed_on_the_National_Stock_Exchange_of_India,Kirloskar Brothers
Companies_listed_on_the_National_Stock_Exchange_of_India,Kokuyo Camlin
Companies_listed_on_the_National_Stock_Exchange_of_India,Kotak Mahindra Bank
Companies_listed_on_the_National_Stock_Exchange_of_India,KPIT Technologies
Companies_listed_on_the_National_Stock_Exchange_of_India,KRBL (company)
Companies_listed_on_the_National_Stock_Exchange_of_India,Krishna Institute of Medical Sciences (hospital group)
Companies_listed_on_the_National_Stock_Exchange_of_India,Kwality Wall's
Companies_listed_on_the_National_Stock_Exchange_of_India,L&T Technology Services
Companies_listed_on_the_National_Stock_Exchange_of_India,Larsen & Toubro
Companies_listed_on_the_National_Stock_Exchange_of_India,Laurus Labs
Companies_listed_on_the_National_Stock_Exchange_of_India,The Leela
Companies_listed_on_the_National_Stock_Exchange_of_India,Lemon Tree Hotels
Companies_listed_on_the_National_Stock_Exchange_of_India,Lenskart
Companies_listed_on_the_National_Stock_Exchange_of_India,Liberty Shoes
Companies_listed_on_the_National_Stock_Exchange_of_India,LIC Housing Finance
Companies_listed_on_the_National_Stock_Exchange_of_India,Life Insurance Corporation
Companies_listed_on_the_National_Stock_Exchange_of_India,Lincoln Pharmaceuticals
Companies_listed_on_the_National_Stock_Exchange_of_India,Living Media India
Companies_listed_on_the_National_Stock_Exchange_of_India,Lodha Group
Companies_listed_on_the_National_Stock_Exchange_of_India,LTIMindtree
Companies_listed_on_the_National_Stock_Exchange_of_India,Lupin (company)
Companies_listed_on_the_National_Stock_Exchange_of_India,Lux Industries
Companies_listed_on_the_National_Stock_Exchange_of_India,Madras Fertilizers
Companies_listed_on_the_National_Stock_Exchange_of_India,Mahanagar Gas
Companies_listed_on_the_National_Stock_Exchange_of_India,Mahanagar Telephone Nigam Limited
Companies_listed_on_the_National_Stock_Exchange_of_India,Mahindra & Mahindra
Companies_listed_on_the_National_Stock_Exchange_of_India,Mahindra & Mahindra Financial Services Limited
Companies_listed_on_the_National_Stock_Exchange_of_India,Mahindra Lifespaces
Companies_listed_on_the_National_Stock_Exchange_of_India,Manappuram Finance
Companies_listed_on_the_National_Stock_Exchange_of_India,Mangalore Chemicals & Fertilizers
Companies_listed_on_the_National_Stock_Exchange_of_India,Mangalore Refinery and Petrochemicals Limited
Companies_listed_on_the_National_Stock_Exchange_of_India,Manipal Hospitals
Companies_listed_on_the_National_Stock_Exchange_of_India,Mankind Pharma
Companies_listed_on_the_National_Stock_Exchange_of_India,MapmyIndia
Companies_listed_on_the_National_Stock_Exchange_of_India,Marico
Companies_listed_on_the_National_Stock_Exchange_of_India,Maruti Suzuki
Companies_listed_on_the_National_Stock_Exchange_of_India,Matrimony.com
Companies_listed_on_the_National_Stock_Exchange_of_India,Max Estates Limited
Companies_listed_on_the_National_Stock_Exchange_of_India,Max Healthcare
Companies_listed_on_the_National_Stock_Exchange_of_India,Mazagon Dock Shipbuilders
Companies_listed_on_the_National_Stock_Exchange_of_India,McLeod Russel
Companies_listed_on_the_National_Stock_Exchange_of_India,Medanta
Companies_listed_on_the_National_Stock_Exchange_of_India,MedPlus
Companies_listed_on_the_National_Stock_Exchange_of_India,Meesho
Companies_listed_on_the_National_Stock_Exchange_of_India,Metro Brands
Companies_listed_on_the_National_Stock_Exchange_of_India,Metropolis Healthcare
Companies_listed_on_the_National_Stock_Exchange_of_India,Muthoot Microfin
Companies_listed_on_the_National_Stock_Exchange_of_India,Mishra Dhatu Nigam
Companies_listed_on_the_National_Stock_Exchange_of_India,MMTC Ltd
Companies_listed_on_the_National_Stock_Exchange_of_India,MobiKwik
Companies_listed_on_the_National_Stock_Exchange_of_India,MOIL
Companies_listed_on_the_National_Stock_Exchange_of_India,Monte Carlo Fashions Limited
Companies_listed_on_the_National_Stock_Exchange_of_India,Motilal Oswal Financial Services
Companies_listed_on_the_National_Stock_Exchange_of_India,Mphasis
Companies_listed_on_the_National_Stock_Exchange_of_India,MRF (company)
Companies_listed_on_the_National_Stock_Exchange_of_India,Mrs. Bectors Food
Companies_listed_on_the_National_Stock_Exchange_of_India,MSTC Limited
Companies_listed_on_the_National_Stock_Exchange_of_India,MTR Foods
Companies_listed_on_the_National_Stock_Exchange_of_India,Mufti (company)
Companies_listed_on_the_National_Stock_Exchange_of_India,Mukand
Companies_listed_on_the_National_Stock_Exchange_of_India,Multi Commodity Exchange
Companies_listed_on_the_National_Stock_Exchange_of_India,Muthoot Finance
Companies_listed_on_the_National_Stock_Exchange_of_India,Mysore Cements Limited
Companies_listed_on_the_National_Stock_Exchange_of_India,Nagarnar Steel Plant
Companies_listed_on_the_National_Stock_Exchange_of_India,Narayana Health
Companies_listed_on_the_National_Stock_Exchange_of_India,Natco Pharma
Companies_listed_on_the_National_Stock_Exchange_of_India,National Aluminium Company
Companies_listed_on_the_National_Stock_Exchange_of_India,National Fertilizers
Companies_listed_on_the_National_Stock_Exchange_of_India,Navneet Education
Companies_listed_on_the_National_Stock_Exchange_of_India,Nazara Technologies
Companies_listed_on_the_National_Stock_Exchange_of_India,NBCC (India) Limited
Companies_listed_on_the_National_Stock_Exchange_of_India,NDTV
Companies_listed_on_the_National_Stock_Exchange_of_India,Nestlé India
Companies_listed_on_the_National_Stock_Exchange_of_India,Network18 Group
Companies_listed_on_the_National_Stock_Exchange_of_India,New India Assurance
Companies_listed_on_the_National_Stock_Exchange_of_India,NHPC
Companies_listed_on_the_National_Stock_Exchange_of_India,NIIT
Companies_listed_on_the_National_Stock_Exchange_of_India,Nilkamal Plastics
Companies_listed_on_the_National_Stock_Exchange_of_India,Nippo Batteries
Companies_listed_on_the_National_Stock_Exchange_of_India,Niva Bupa
Companies_listed_on_the_National_Stock_Exchange_of_India,NLC India Limited
Companies_listed_on_the_National_Stock_Exchange_of_India,NMDC Limited
Companies_listed_on_the_National_Stock_Exchange_of_India,NRB Bearing
Companies_listed_on_the_National_Stock_Exchange_of_India,NTPC Limited
Companies_listed_on_the_National_Stock_Exchange_of_India,Nucleus Software Exports
Companies_listed_on_the_National_Stock_Exchange_of_India,Nuvama Group
Companies_listed_on_the_National_Stock_Exchange_of_India,Nykaa
Companies_listed_on_the_National_Stock_Exchange_of_India,Oil and Natural Gas Corporation
Companies_listed_on_the_National_Stock_Exchange_of_India,Oil India
Companies_listed_on_the_National_Stock_Exchange_of_India,Ola Electric
Companies_listed_on_the_National_Stock_Exchange_of_India,One97 Communications
Companies_listed_on_the_National_Stock_Exchange_of_India,Onida Electronics
Companies_listed_on_the_National_Stock_Exchange_of_India,Onward Technologies
Companies_listed_on_the_National_Stock_Exchange_of_India,Oracle Financial Services Software
Companies_listed_on_the_National_Stock_Exchange_of_India,Orchid Pharma
Companies_listed_on_the_National_Stock_Exchange_of_India,Orient Electric
Companies_listed_on_the_National_Stock_Exchange_of_India,Orient Paper Mills
Companies_listed_on_the_National_Stock_Exchange_of_India,Orissa Minerals Development Company
Companies_listed_on_the_National_Stock_Exchange_of_India,P. N. Gadgil Jewellers
Companies_listed_on_the_National_Stock_Exchange_of_India,Page Industries
Companies_listed_on_the_National_Stock_Exchange_of_India,Panacea Biotec
Companies_listed_on_the_National_Stock_Exchange_of_India,Parag Milk Foods
Companies_listed_on_the_National_Stock_Exchange_of_India,The Park Hotels
Companies_listed_on_the_National_Stock_Exchange_of_India,Patanjali Foods
Companies_listed_on_the_National_Stock_Exchange_of_India,Paytm
Companies_listed_on_the_National_Stock_Exchange_of_India,PC Jeweller
Companies_listed_on_the_National_Stock_Exchange_of_India,Persistent Systems
Companies_listed_on_the_National_Stock_Exchange_of_India,Petronet LNG
Companies_listed_on_the_National_Stock_Exchange_of_India,Physics Wallah
Companies_listed_on_the_National_Stock_Exchange_of_India,Pidilite Industries
Companies_listed_on_the_National_Stock_Exchange_of_India,Pine Labs
Companies_listed_on_the_National_Stock_Exchange_of_India,Piramal Finance
Companies_listed_on_the_National_Stock_Exchange_of_India,Pix Transmissions
Companies_listed_on_the_National_Stock_Exchange_of_India,PNB Housing Finance
Companies_listed_on_the_National_Stock_Exchange_of_India,Policybazaar
Companies_listed_on_the_National_Stock_Exchange_of_India,Polycab India
Companies_listed_on_the_National_Stock_Exchange_of_India,Polyplex (company)
Companies_listed_on_the_National_Stock_Exchange_of_India,Port Pipavav
Companies_listed_on_the_National_Stock_Exchange_of_India,Power Finance Corporation
Companies_listed_on_the_National_Stock_Exchange_of_India,Power Grid Corporation of India
Companies_listed_on_the_National_Stock_Exchange_of_India,Praj
Companies_listed_on_the_National_Stock_Exchange_of_India,Premier Automobiles Limited
Companies_listed_on_the_National_Stock_Exchange_of_India,Prestige Group
Companies_listed_on_the_National_Stock_Exchange_of_India,Pricol
Companies_listed_on_the_National_Stock_Exchange_of_India,PTC India
Companies_listed_on_the_National_Stock_Exchange_of_India,PTC Industries Limited
Companies_listed_on_the_National_Stock_Exchange_of_India,Punj Lloyd
Companies_listed_on_the_National_Stock_Exchange_of_India,Punjab & Sind Bank
Companies_listed_on_the_National_Stock_Exchange_of_India,Punjab National Bank
Companies_listed_on_the_National_Stock_Exchange_of_India,Puravankara Limited
Companies_listed_on_the_National_Stock_Exchange_of_India,PVR INOX
Companies_listed_on_the_National_Stock_Exchange_of_India,Quick Heal
Companies_listed_on_the_National_Stock_Exchange_of_India,Radico Khaitan
Companies_listed_on_the_National_Stock_Exchange_of_India,Rail Vikas Nigam
Companies_listed_on_the_National_Stock_Exchange_of_India,RailTel
Companies_listed_on_the_National_Stock_Exchange_of_India,Rainbow Hospitals
Companies_listed_on_the_National_Stock_Exchange_of_India,Raj Television Network
Companies_listed_on_the_National_Stock_Exchange_of_India,Rajesh Exports
Companies_listed_on_the_National_Stock_Exchange_of_India,Ramco Systems
Companies_listed_on_the_National_Stock_Exchange_of_India,Rane (Madras)
Companies_listed_on_the_National_Stock_Exchange_of_India,Rane Engine Valve Limited
Companies_listed_on_the_National_Stock_Exchange_of_India,Rashtriya Chemicals and Fertilizers
Companies_listed_on_the_National_Stock_Exchange_of_India,RattanIndia
Companies_listed_on_the_National_Stock_Exchange_of_India,Raymond Ltd
Companies_listed_on_the_National_Stock_Exchange_of_India,RBL Bank
Companies_listed_on_the_National_Stock_Exchange_of_India,REC Limited
Companies_listed_on_the_National_Stock_Exchange_of_India,Relaxo
Companies_listed_on_the_National_Stock_Exchange_of_India,Reliance Communications
Companies_listed_on_the_National_Stock_Exchange_of_India,Reliance Industrial Infrastructure
Companies_listed_on_the_National_Stock_Exchange_of_India,Reliance Industries
Companies_listed_on_the_National_Stock_Exchange_of_India,Reliance Infrastructure
Companies_listed_on_the_National_Stock_Exchange_of_India,Reliance Power
Companies_listed_on_the_National_Stock_Exchange_of_India,Religare
Companies_listed_on_the_National_Stock_Exchange_of_India,RITES Limited
Companies_listed_on_the_National_Stock_Exchange_of_India,Rolta
Companies_listed_on_the_National_Stock_Exchange_of_India,Rossari Biotech
Companies_listed_on_the_National_Stock_Exchange_of_India,Route Mobile
Companies_listed_on_the_National_Stock_Exchange_of_India,Royal Orchid Hotels
Companies_listed_on_the_National_Stock_Exchange_of_India,RPG Life Sciences
Companies_listed_on_the_National_Stock_Exchange_of_India,RR Kabel
Companies_listed_on_the_National_Stock_Exchange_of_India,Rubicon Research
Companies_listed_on_the_National_Stock_Exchange_of_India,Rupa Company
Companies_listed_on_the_National_Stock_Exchange_of_India,Saatvik Green Energy
Companies_listed_on_the_National_Stock_Exchange_of_India,Sadbhav Engineering
Companies_listed_on_the_National_Stock_Exchange_of_India,Samvardhana Motherson
Companies_listed_on_the_National_Stock_Exchange_of_India,Sandhar Technologies
Companies_listed_on_the_National_Stock_Exchange_of_India,Saregama
Companies_listed_on_the_National_Stock_Exchange_of_India,Sasken Technologies
Companies_listed_on_the_National_Stock_Exchange_of_India,Satin Creditcare Network Limited
Companies_listed_on_the_National_Stock_Exchange_of_India,Savita Oil Technologies Limited
Companies_listed_on_the_National_Stock_Exchange_of_India,SBI Card
Companies_listed_on_the_National_Stock_Exchange_of_India,SBI Life Insurance Company
Companies_listed_on_the_National_Stock_Exchange_of_India,Servotech
Companies_listed_on_the_National_Stock_Exchange_of_India,Shalby Hospitals
Companies_listed_on_the_National_Stock_Exchange_of_India,Shalimar Paints
Companies_listed_on_the_National_Stock_Exchange_of_India,Sheela Foam Limited
Companies_listed_on_the_National_Stock_Exchange_of_India,Shemaroo Entertainment
Companies_listed_on_the_National_Stock_Exchange_of_India,Shipping Corporation of India
Companies_listed_on_the_National_Stock_Exchange_of_India,Shiva Texyarn Limited
Companies_listed_on_the_National_Stock_Exchange_of_India,Shoppers Stop
Companies_listed_on_the_National_Stock_Exchange_of_India,Shree Cement
Companies_listed_on_the_National_Stock_Exchange_of_India,Shree Renuka Sugars
Companies_listed_on_the_National_Stock_Exchange_of_India,SIS Limited
Companies_listed_on_the_National_Stock_Exchange_of_India,Siti Networks
Companies_listed_on_the_National_Stock_Exchange_of_India,Siyaram Silk Mills
Companies_listed_on_the_National_Stock_Exchange_of_India,Skipper Limited
Companies_listed_on_the_National_Stock_Exchange_of_India,SML Mahindra
Companies_listed_on_the_National_Stock_Exchange_of_India,Sobha (company)
Companies_listed_on_the_National_Stock_Exchange_of_India,Sonata Software
Companies_listed_on_the_National_Stock_Exchange_of_India,South Indian Bank
Companies_listed_on_the_National_Stock_Exchange_of_India,Speciality Restaurants Limited
Companies_listed_on_the_National_Stock_Exchange_of_India,SpiceJet
Companies_listed_on_the_National_Stock_Exchange_of_India,SRF Limited
Companies_listed_on_the_National_Stock_Exchange_of_India,Star Cement
Companies_listed_on_the_National_Stock_Exchange_of_India,State Bank of India
Companies_listed_on_the_National_Stock_Exchange_of_India,State Trading Corporation
Companies_listed_on_the_National_Stock_Exchange_of_India,Steel Authority of India Limited
Companies_listed_on_the_National_Stock_Exchange_of_India,Sterlite Technologies
Companies_listed_on_the_National_Stock_Exchange_of_India,Stovekraft
Companies_listed_on_the_National_Stock_Exchange_of_India,Strides Pharma Science
Companies_listed_on_the_National_Stock_Exchange_of_India,Subex
Companies_listed_on_the_National_Stock_Exchange_of_India,Sula Vineyards
Companies_listed_on_the_National_Stock_Exchange_of_India,Sun Pharma
Companies_listed_on_the_National_Stock_Exchange_of_India,Sun TV Network
Companies_listed_on_the_National_Stock_Exchange_of_India,Sundaram Finance
Companies_listed_on_the_National_Stock_Exchange_of_India,Supreme Industries
Companies_listed_on_the_National_Stock_Exchange_of_India,Supreme Petrochem
Companies_listed_on_the_National_Stock_Exchange_of_India,Surya Roshni
Companies_listed_on_the_National_Stock_Exchange_of_India,Suryoday Small Finance Bank
Companies_listed_on_the_National_Stock_Exchange_of_India,Suzlon
Companies_listed_on_the_National_Stock_Exchange_of_India,Swan Defence and Heavy Industries Limited
Companies_listed_on_the_National_Stock_Exchange_of_India,Swiggy
Companies_listed_on_the_National_Stock_Exchange_of_India,Symphony Limited
Companies_listed_on_the_National_Stock_Exchange_of_India,Tamil Nadu Newsprint and Papers Limited
Companies_listed_on_the_National_Stock_Exchange_of_India,Tamil Nadu Petroproducts Limited
Companies_listed_on_the_National_Stock_Exchange_of_India,Tamilnad Mercantile Bank
Companies_listed_on_the_National_Stock_Exchange_of_India,Tanla Platforms
Companies_listed_on_the_National_Stock_Exchange_of_India,Tasty Bite
Companies_listed_on_the_National_Stock_Exchange_of_India,Tata Chemicals
Companies_listed_on_the_National_Stock_Exchange_of_India,Tata Communications
Companies_listed_on_the_National_Stock_Exchange_of_India,Tata Consultancy Services
Companies_listed_on_the_National_Stock_Exchange_of_India,Tata Consumer Products
Companies_listed_on_the_National_Stock_Exchange_of_India,Tata Group
Companies_listed_on_the_National_Stock_Exchange_of_India,Tata Investment Corp
Companies_listed_on_the_National_Stock_Exchange_of_India,Tata Motors
Companies_listed_on_the_National_Stock_Exchange_of_India,Tata Motors Passenger Vehicles
Companies_listed_on_the_National_Stock_Exchange_of_India,Tata Power
Companies_listed_on_the_National_Stock_Exchange_of_India,Tata Steel
Companies_listed_on_the_National_Stock_Exchange_of_India,Tata Technologies
Companies_listed_on_the_National_Stock_Exchange_of_India,Tata Teleservices
Companies_listed_on_the_National_Stock_Exchange_of_India,TeamLease Services
Companies_listed_on_the_National_Stock_Exchange_of_India,Tech Mahindra
