"comp_id","compliance_name","description","compliance_type","applies_when","frequency_or_trigger","form_or_filing","department","regulatory_authority","acts_rules","verification"
"CS-001","Annual financial statements filing (AOC-4)","File audited financial statements with ROC within 30 days of AGM","Recurring-Annual","COMPANY","Within 30 days of AGM","Form AOC-4 (AOC-4 XBRL where applicable)","Secretariat","MCA / ROC","Companies Act 2013 s.137; Companies (Accounts) Rules 2014","Knowledge-based"
"CS-002","Annual return filing (MGT-7 / MGT-7A)","File annual return within 60 days of AGM; MGT-7A for OPC and small companies","Recurring-Annual","COMPANY","Within 60 days of AGM","Form MGT-7 / MGT-7A","Secretariat","MCA / ROC","Companies Act 2013 s.92; Companies (Management and Administration) Rules 2014","Knowledge-based"
"CS-003","Appointment of statutory auditor (ADT-1)","Intimate ROC of auditor appointment within 15 days of AGM/board appointment","Event-Based","COMPANY","Within 15 days of appointment","Form ADT-1","Secretariat","MCA / ROC","Companies Act 2013 s.139; Companies (Audit and Auditors) Rules 2014","Knowledge-based"
"CS-004","Director KYC (DIR-3 KYC)","Every DIN holder to file KYC annually","Recurring-Annual","COMPANY","Annual; due date 30 September unless MCA notifies otherwise","Form DIR-3 KYC / DIR-3 KYC-Web","Secretariat","MCA","Companies (Appointment and Qualification of Directors) Rules 2014 r.12A","Knowledge-based - due date/web-form option to be checked per current MCA circular"
"CS-005","Return of deposits / exempted deposits (DPT-3)","Return of deposits and particulars of money received not being deposits","Recurring-Annual","COMPANY","Annual by 30 June","Form DPT-3","Finance","MCA / ROC","Companies Act 2013 s.73; Companies (Acceptance of Deposits) Rules 2014 r.16","Knowledge-based"
"CS-006","Half-yearly MSME payment outstanding return (MSME Form I)","Report dues to micro/small suppliers outstanding over 45 days","Recurring-Quarterly","COMPANY&MSME_VENDORS","Half-yearly (April-September by 31 Oct; October-March by 30 Apr)","Form MSME-1","Finance","MCA / ROC","MCA Order dated 22 Jan 2019 under s.405 Companies Act 2013","Knowledge-based"
"CS-007","CSR annual report filing (CSR-2)","Report CSR spend as addendum to financial statements filing","Recurring-Annual","COMPANY&CSR","Annual with AOC-4 (from FY 2020-21)","Form CSR-2","Secretariat","MCA / ROC","Companies (CSR Policy) Rules 2014; Companies Act 2013 s.135","Knowledge-based"
"CS-008","CSR committee, policy and spend","Constitute CSR committee (where spend above Rs50 lakh), spend 2% of average net profit, transfer unspent amount to specified fund/account","Continuous/Ongoing","CSR","Annual; unspent to Unspent CSR A/c within 30 days of FY end; ongoing project amount within 3 years","Board report annexure; Form CSR-1 for implementing agencies","Finance","MCA","Companies Act 2013 s.135, Sch VII; CSR Rules 2014","Knowledge-based"
"CS-009","CSR-1 registration of implementing agency","Implementing agencies to register to receive CSR funds","One-Time/Registration","CSR","One-time before receiving CSR funds","Form CSR-1","Legal","MCA","CSR Rules 2014 r.4(2)","Knowledge-based"
"CS-010","Register of beneficial owners / SBO declaration (BEN-2)","Significant beneficial owner files BEN-1 with company; company files BEN-2 within 30 days","Event-Based","COMPANY&BENEFICIAL_OWNERSHIP","Within 30 days of receipt of BEN-1","Form BEN-1 / BEN-2","Secretariat","MCA / ROC","Companies Act 2013 s.90; Companies (SBO) Rules 2018","Knowledge-based"
"CS-011","Notice to members on SBO (MGT-4/5 / s.90 notices)","Company to seek declarations from persons suspected to hold significant beneficial interest","Continuous/Ongoing","COMPANY","Ongoing; on any change","Notices under s.90","Secretariat","MCA","Companies Act 2013 s.90","Knowledge-based"
"CS-012","Active company tagging (INC-20A) commencement declaration","Declaration of commencement of business within 180 days of incorporation and before commencing business","One-Time/Registration","COMPANY","Within 180 days of incorporation","Form INC-20A","Secretariat","MCA / ROC","Companies Act 2013 s.10A","Knowledge-based"
"CS-013","Registered office verification and change","Maintain registered office; file notice of situation and changes","Event-Based","COMPANY","Within 30 days of incorporation; on change","INC-22 / INC-22A (active company tagging)","Secretariat","MCA / ROC","Companies Act 2013 s.12; Companies (Incorporation) Rules 2014","Knowledge-based"
"CS-014","Board meetings (minimum four per year)","Hold at least 4 board meetings, gap not exceeding 120 days","Continuous/Ongoing","COMPANY","Quarterly; maximum gap 120 days","Notice, agenda, minutes","Secretariat","MCA","Companies Act 2013 s.173; SS-1","Knowledge-based"
"CS-015","Annual General Meeting","Hold AGM within 6 months of FY end; gap not exceeding 15 months","Recurring-Annual","COMPANY","By 30 September (extension via ROC s.96 application)","AGM notice; minutes; MGT-14 where special resolution","Secretariat","MCA / ROC","Companies Act 2013 s.96; SS-2","Knowledge-based - OPC exempt from AGM"
"CS-016","Secretarial Standards compliance (SS-1, SS-2)","Comply with ICSI Secretarial Standards on board and general meetings","Continuous/Ongoing","COMPANY","Each meeting","Minutes books / attendance registers","Secretariat","ICSI / MCA","Companies Act 2013 s.118, s.205 ; SS-1; SS-2","Knowledge-based"
"CS-017","Filing of resolutions (MGT-14)","File special resolutions and specified board resolutions with ROC","Event-Based","COMPANY","Within 30 days of passing","Form MGT-14","Secretariat","MCA / ROC","Companies Act 2013 s.117","Knowledge-based"
"CS-018","Statutory registers maintenance","Maintain registers of members, directors/KMP, charges, contracts (s.189), loans and investments, etc.","Continuous/Ongoing","COMPANY","Ongoing; update within prescribed timelines","Statutory registers (MGT-1, MBP-2, MBP-3 etc. formats)","Secretariat","MCA","Companies Act 2013 ss.85, 88, 170, 186, 189","Knowledge-based"
"CS-019","Related party transactions approval and disclosure","Board/shareholder approval for RPT; disclose in AOC-2 in board report","Event-Based","COMPANY","Before transaction; annual disclosure","Form AOC-2; MBP-4 (Reg. of contracts s.189)","Secretariat","MCA","Companies Act 2013 s.188; Companies (Meetings of Board) Rules 2014 r.15","Knowledge-based"
"CS-020","Loans, guarantees, investments (s.186) compliance","Comply with limits and approvals; file MGT-14 where special resolution","Continuous/Ongoing","COMPANY","Per transaction","Form MBP-2 register; MGT-14","Secretariat","MCA","Companies Act 2013 s.186","Knowledge-based"
"CS-021","Directors' disclosure of interest (MBP-1) and DIR-8","Annual disclosure of interest and non-disqualification declaration","Recurring-Annual","COMPANY","First board meeting of each FY; on appointment","Form MBP-1; DIR-8","Secretariat","MCA","Companies Act 2013 ss.184, 164","Knowledge-based"
"CS-022","Appointment of director / KMP (DIR-12)","File particulars of appointment/cessation of directors and KMP","Event-Based","COMPANY","Within 30 days","Form DIR-12","Secretariat","MCA / ROC","Companies Act 2013 ss.170, 203","Knowledge-based"
"CS-023","Director resignation filing (DIR-11 / DIR-12)","Company and director filing on resignation","Event-Based","COMPANY","DIR-11 by resigning director (optional); DIR-12 by company within 30 days","DIR-11 / DIR-12","Secretariat","MCA / ROC","Companies Act 2013 s.168","Knowledge-based"
"CS-024","Directors' report and board report","Prepare board report with prescribed disclosures","Recurring-Annual","COMPANY","With annual accounts","Board's report","Secretariat","MCA","Companies Act 2013 s.134","Knowledge-based"
"CS-025","Independent director requirements and databank","Independent director databank registration and proficiency test; appointment norms","Event-Based","PUBLIC_CO&NETWORTH_THRESH|LISTED","On appointment","IICA databank registration","Secretariat","MCA / IICA","Companies Act 2013 s.149; Companies (Appointment and Qualification of Directors) Rules 2014 r.6","Knowledge-based"
"CS-026","Women director requirement","Appoint at least one woman director on board where thresholds met","Continuous/Ongoing","PUBLIC_CO&NETWORTH_THRESH|LISTED","On thresholds","Board resolution","Secretariat","MCA","Companies Act 2013 s.149(1)","Knowledge-based"
"CS-027","Resident director requirement","At least one director resident in India for 182 days","Continuous/Ongoing","COMPANY","Each calendar year","Board disclosure","Secretariat","MCA","Companies Act 2013 s.149(3)","Knowledge-based"
"CS-028","Secretarial audit (MR-3)","Secretarial audit report for listed and large companies","Recurring-Annual","LISTED|PUBLIC_CO&NETWORTH_THRESH","Annual with board report","Form MR-3","Secretariat","MCA","Companies Act 2013 s.204","Knowledge-based"
"CS-029","Cost audit and CRA filings (CRA-2, CRA-4)","Appointment of cost auditor and filing of cost audit report where cost records applicable","Recurring-Annual","COMPANY&NETWORTH_THRESH","Annual; CRA-4 within 30 days of receipt of report","Form CRA-2; CRA-4","Finance","MCA","Companies Act 2013 s.148; Cost Records Rules 2014","Knowledge-based"
"CS-030","Internal audit appointment","Appointment of internal auditor for prescribed companies","Continuous/Ongoing","LISTED|PUBLIC_CO&NETWORTH_THRESH","Annual","Board resolution","Finance","MCA","Companies Act 2013 s.138","Knowledge-based"
"CS-031","Audit committee and NRC constitution","Constitute committees for listed and prescribed public companies","Continuous/Ongoing","LISTED|PUBLIC_CO&NETWORTH_THRESH","Ongoing; quarterly meetings","Committee constitution and minutes","Secretariat","MCA","Companies Act 2013 ss.177, 178","Knowledge-based"
"CS-032","Vigil mechanism / whistle-blower policy","Establish vigil mechanism for prescribed companies","Continuous/Ongoing","LISTED|PUBLIC_CO&NETWORTH_THRESH","Ongoing","Policy","Legal","MCA","Companies Act 2013 s.177(9)","Knowledge-based"
"CS-033","Charge creation/modification (CHG-1 / CHG-9)","Register charge within 30 days","Event-Based","COMPANY&CHARGES","Within 30 days (extendable to 300 days with fee)","Form CHG-1 / CHG-9","Legal","MCA / ROC","Companies Act 2013 s.77","Knowledge-based"
"CS-034","Satisfaction of charge (CHG-4)","File satisfaction of charge with ROC","Event-Based","COMPANY&CHARGES","Within 30 days of payment","Form CHG-4","Legal","MCA / ROC","Companies Act 2013 s.82","Knowledge-based"
"CS-035","Return of allotment (PAS-3)","File return of allotment of shares","Event-Based","COMPANY","Within 30 days of allotment","Form PAS-3","Secretariat","MCA / ROC","Companies Act 2013 s.39","Knowledge-based"
"CS-036","Private placement offer (PAS-4/PAS-5, PAS-6)","Private placement offer letter and reconciliation of share capital audit","Event-Based","PRIVATE_CO|PUBLIC_CO","Per offer; PAS-6 half-yearly for unlisted public companies","Form PAS-4, PAS-5, PAS-6","Secretariat","MCA","Companies Act 2013 s.42; Companies (Prospectus and Allotment of Securities) Rules 2014","Knowledge-based"
"CS-037","Dematerialisation of securities","Unlisted public companies to issue and hold securities in demat form; other companies per rules","Continuous/Ongoing","PUBLIC_CO|PRIVATE_CO","Ongoing; annual demat status reporting","Depository arrangement","Secretariat","MCA","Companies (Prospectus and Allotment of Securities) Second Amendment Rules 2018; Companies (Share Capital and Debentures) Rules","Knowledge-based - private-company demat applicability changed in 2023-24; Needs verification"
"CS-038","Filing of DIR-3 KYC for new DINs (DIR-3)","Application for DIN allotment","One-Time/Registration","COMPANY","On becoming director","Form SPICe+ Part B / DIR-3","Secretariat","MCA","Companies (Appointment and Qualification of Directors) Rules 2014","Knowledge-based"
"CS-039","Form INC-22A (ACTIVE) company tagging","Furnish particulars of company and registered office for active company tag","One-Time/Registration","COMPANY","One-time; filing window as notified","Form ACTIVE e-Form INC-22A","Secretariat","MCA","Companies (Incorporation) Rules 2014","Knowledge-based - due dates Needs manual check"
"CS-040","Auditor report and CARO","Auditor reports on accounts under CARO 2020","Recurring-Annual","COMPANY","Annual","Audit report","Finance","MCA","Companies (Auditor's Report) Order 2020","Knowledge-based"
"CS-041","NFRA and auditor resignation (ADT-3)","Auditor resigning to file ADT-3 within 30 days","Event-Based","COMPANY","Within 30 days of resignation","Form ADT-3","Secretariat","MCA","Companies Act 2013 s.140(2)","Knowledge-based"
"CS-042","Removal of name / strike-off (STK-2) and dormant company","Application for strike-off of defunct company; dormant company status","Event-Based","COMPANY","When defunct; dormant status form MSC-1","Form STK-2; MSC-1","Legal","MCA / ROC","Companies Act 2013 ss.248, 455","Knowledge-based"
"CS-043","Annual return of dormant company (MSC-3)","Dormant companies to file annual return","Recurring-Annual","COMPANY","Annual within 30 days of FY end","Form MSC-3","Secretariat","MCA / ROC","Companies Act 2013 s.455","Knowledge-based"
"CS-044","Reservation of name and change of name (RUN, INC-24)","Name approval and change of name","Event-Based","COMPANY","On event","RUN; INC-24","Legal","MCA / ROC","Companies Act 2013 s.13; Incorporation Rules","Knowledge-based"
"CS-045","Alteration of MOA/AOA (INC-24, MGT-14, SH-7)","Amend memorandum/articles; increase in authorised capital","Event-Based","COMPANY","On resolution","SH-7; MGT-14; INC-28 where NCLT order","Secretariat","MCA / ROC","Companies Act 2013 ss.13, 14, 61","Knowledge-based"
"CS-046","Filing of NCLT orders (INC-28)","File NCLT/court orders with ROC","Event-Based","COMPANY","Within 30 days of order","Form INC-28","Legal","MCA / ROC","Companies Act 2013 s.7 etc.","Knowledge-based"
"CS-047","Investor Education and Protection Fund transfers (IEPF-1, IEPF-2)","Transfer unpaid/unclaimed dividends and shares to IEPF","Recurring-Annual","PUBLIC_CO|LISTED","After 7 years of unpaid dividend; statement in IEPF-2","Form IEPF-1, IEPF-2, IEPF-4","Secretariat","IEPF Authority","Companies Act 2013 s.124-125; IEPF Rules 2016","Knowledge-based"
"CS-048","Company Secretary appointment and KMP","Appoint whole-time CS for prescribed companies","Continuous/Ongoing","LISTED|PUBLIC_CO&NETWORTH_THRESH","Within 6 months of vacancy","Board resolution; DIR-12","Secretariat","MCA","Companies Act 2013 s.203","Knowledge-based"
"CS-049","Compliance certificate / audit for paid-up capital of Rs10cr+","Whole-time CS for companies with paid-up capital Rs10cr+","Continuous/Ongoing","COMPANY&NETWORTH_THRESH","Ongoing","Board resolution","Secretariat","MCA","Companies (Appointment and Remuneration of Managerial Personnel) Rules 2014 r.8A","Knowledge-based"
"CS-050","Managerial remuneration limits (MGT and MR-1)","Appointment of MD/WTD and remuneration within s.197 limits","Event-Based","PUBLIC_CO|PRIVATE_CO","On appointment","MR-1","Secretariat","MCA","Companies Act 2013 s.196-197; Sch V","Knowledge-based"
"CS-051","Disqualification and adjudication of penalties","Respond to notices and compound offences","Event-Based","COMPANY","On notice","Application to RD/NCLT","Legal","MCA","Companies Act 2013 s.441","Knowledge-based"
"CS-052","LLP annual return (Form 11)","File annual return of LLP","Recurring-Annual","LLP","Within 60 days of FY end (30 May)","Form 11","Secretariat","MCA / ROC","LLP Act 2008 s.35; LLP Rules 2009","Knowledge-based"
"CS-053","LLP Statement of Account and Solvency (Form 8)","File statement of account and solvency","Recurring-Annual","LLP","Within 30 days from end of 6 months of FY (30 Oct)","Form 8","Finance","MCA / ROC","LLP Act 2008 s.34","Knowledge-based"
"CS-054","LLP partner/designated partner changes (Form 4)","Notice of change of partners/designated partners","Event-Based","LLP","Within 30 days","Form 4","Secretariat","MCA / ROC","LLP Act 2008 s.25; LLP Rules","Knowledge-based"
"CS-055","LLP DPIN KYC (DIR-3 KYC)","Designated partners KYC","Recurring-Annual","LLP","Annual","DIR-3 KYC","Secretariat","MCA","LLP Rules 2009","Knowledge-based"
"CS-056","LLP change of particulars (Form 3, Form 5)","LLP agreement changes and registered office change","Event-Based","LLP","Within 30 days","Form 3 / Form 15 / Form 5","Legal","MCA / ROC","LLP Act 2008 ss.13, 14","Knowledge-based"
"CS-057","LLP contribution and audit","Audit where contribution exceeds Rs25 lakh or turnover exceeds Rs40 lakh","Recurring-Annual","LLP","Annual","LLP audit report","Finance","MCA","LLP Act 2008 s.34; LLP Rules 2009 r.24","Knowledge-based"
"CS-058","LLP beneficial ownership disclosure","Significant beneficial owner reporting","Event-Based","LLP&BENEFICIAL_OWNERSHIP","On event","Form 4A","Secretariat","MCA","LLP Amendment provisions","Needs manual check"
"CS-059","Section 8 licence conditions and annual compliance","Comply with licence conditions; annual filings similar to companies; no dividend to members","Continuous/Ongoing","SEC8","Annual","AOC-4, MGT-7, ADT-1","Secretariat","MCA / Regional Director","Companies Act 2013 s.8; Companies (Incorporation) Rules 2014 r.19","Knowledge-based"
"CS-060","Section 8 company - income-tax registration (Form 10A/10AB)","Register under s.12A/80G for exemption","One-Time/Registration","SEC8|TRUST_SOCIETY|CHARITABLE","At registration; renewal every 5 years","Form 10A / 10AB","Tax","CBDT / Income Tax Dept","Income-tax Act 1961 ss.12A, 12AB, 80G","Knowledge-based"
"CS-061","Charitable entity audit and return (Form 10B/10BB, ITR-7)","Audit report and ITR by charitable trusts","Recurring-Annual","CHARITABLE","Annual","Form 10B/10BB; ITR-7","Tax","CBDT","Income-tax Act 1961 s.12A(1)(b)","Knowledge-based"
"CS-062","Trust/society annual filings","State Registrar filings for societies and public trusts","Recurring-Annual","TRUST_SOCIETY","Annual as per state law","Annual return/audited accounts","Legal","Registrar of Societies / Charity Commissioner","Societies Registration Act 1860 / State Public Trust Acts","Needs manual check - varies by state"
"CS-063","FCRA registration, annual return (FC-4) and quarterly disclosure","Receive foreign contribution only with FCRA registration","Recurring-Annual","FCRA","Annual FC-4 by 31 Dec; quarterly receipt disclosure on website","FC-4; FC-1/FC-3","Legal","MHA (FCRA Division)","Foreign Contribution (Regulation) Act 2010","Knowledge-based"
"CS-064","Income-tax TDS deduction and payment","Deduct and deposit TDS by 7th of next month (30 April for March)","Recurring-Monthly","TDS_DEDUCTOR","Monthly by 7th","Challan ITNS 281","Tax","CBDT","Income-tax Act 1961 Chapter XVII-B","Knowledge-based - Income-tax Act 2025 effective 1 Apr 2026 renumbered sections; verify"
"CS-065","TDS quarterly return","File quarterly TDS statements","Recurring-Quarterly","TDS_DEDUCTOR","31 Jul, 31 Oct, 31 Jan, 31 May","Form 24Q / 26Q / 27Q / 27EQ","Tax","CBDT","Income-tax Act 1961 s.200; Rules","Knowledge-based"
"CS-066","TDS certificates (Form 16/16A)","Issue TDS certificates","Recurring-Annual","TDS_DEDUCTOR","Form 16 by 15 June; 16A within 15 days of quarterly due date","Form 16 / 16A","Tax","CBDT","Income-tax Act 1961 s.203","Knowledge-based"
"CS-067","TCS collection, deposit and return","Collect/deposit TCS; file quarterly return","Recurring-Quarterly","TCS_COLLECTOR","Deposit by 7th; return quarterly","Form 27EQ","Tax","CBDT","Income-tax Act 1961 s.206C","Knowledge-based"
"CS-068","Advance tax payment","Pay advance tax installments","Recurring-Quarterly","ALL","15 Jun, 15 Sep, 15 Dec, 15 Mar (presumptive: 15 Mar)","Challan ITNS 280","Tax","CBDT","Income-tax Act 1961 ss.208, 211","Knowledge-based"
"CS-069","Income tax return filing","File ITR by due date","Recurring-Annual","ALL","31 July non-audit; 31 October audit cases; 30 Nov for TP cases (as amended)","ITR-6 / ITR-5 / ITR-7","Tax","CBDT","Income-tax Act 1961 s.139","Knowledge-based - due dates subject to annual extensions"
"CS-070","Tax audit report (3CA/3CB-3CD)","Tax audit where turnover exceeds limits","Recurring-Annual","AUDIT_APPLICABLE","Due 30 September","Form 3CA/3CB with 3CD","Tax","CBDT","Income-tax Act 1961 s.44AB","Knowledge-based"
"CS-071","Transfer pricing report (Form 3CEB)","Accountant's report on international/specified domestic transactions","Recurring-Annual","TP_INTL","31 October","Form 3CEB","Tax","CBDT","Income-tax Act 1961 s.92E","Knowledge-based"
"CS-072","Master file and CbCR (Form 3CEAA, 3CEAB)","Master file and country-by-country reporting for groups above thresholds","Recurring-Annual","TP_INTL&NETWORTH_THRESH","30 Nov / within 12 months for CbCR","Form 3CEAA / 3CEAB / 3CEAD","Tax","CBDT","Income-tax Act 1961 s.92D, 286","Knowledge-based"
"CS-073","Form 15CA / 15CB for foreign remittance","Remittance to non-residents certificate and information","Event-Based","ALL","Before remittance","Form 15CA / 15CB","Tax","CBDT / AD Bank","Income-tax Act 1961 s.195; Rule 37BB","Knowledge-based"
"CS-074","TAN / PAN registration","Obtain PAN and TAN","One-Time/Registration","ALL","One-time","PAN application; TAN Form 49B","Tax","CBDT / NSDL","Income-tax Act 1961 ss.139A, 203A","Knowledge-based"
"CS-075","Equalisation levy (Form 1)","Equalisation levy on specified digital services","Recurring-Quarterly","IMPORT_EXPORT","7th of the following quarter","Form 1 statement","Tax","CBDT","Finance Act 2016 Chapter VIII","Needs manual check - rate revised/abolished for some services by Finance Act 2024; check"
"CS-076","Form 61A (SFT) statement of financial transactions","Annual reporting of specified transactions","Recurring-Annual","ALL","31 May","Form 61A","Tax","CBDT","Income-tax Rules r.114E","Knowledge-based"
"CS-077","Income-tax e-proceedings and notices","Respond to notices, assessments","Continuous/Ongoing","ALL","As issued","Portal replies","Tax","Income Tax Dept","Income-tax Act 1961","Knowledge-based"
"CS-078","GST registration","Register as normal taxpayer","One-Time/Registration","TURNOVER_GST_THRESHOLD|GST_ECOM","Within 30 days of liability","Form GST REG-01","Tax","CBIC / GST Council","CGST Act 2017 s.22, 24","Knowledge-based"
"CS-079","GSTR-1 outward supply return","Monthly/quarterly (QRMP) outward supplies","Recurring-Monthly","GST_REG","11th monthly; 13th after quarter under QRMP","GSTR-1 / IFF","Tax","CBIC","CGST Act 2017 s.37","Knowledge-based"
"CS-080","GSTR-3B monthly/quarterly return","Summary return and payment","Recurring-Monthly","GST_REG","20th monthly; 22/24th QRMP","GSTR-3B","Tax","CBIC","CGST Act 2017 s.39","Knowledge-based"
"CS-081","GSTR-9 annual return","Annual return","Recurring-Annual","GST_REG&AATO_5CR","31 December","GSTR-9 / 9A","Tax","CBIC","CGST Act 2017 s.44","Knowledge-based"
"CS-082","GSTR-9C reconciliation statement","Self-certified reconciliation where AATO exceeds Rs5 crore","Recurring-Annual","GST_REG&AATO_5CR","31 December","GSTR-9C","Tax","CBIC","CGST Act 2017 s.44","Knowledge-based"
"CS-083","E-invoicing (IRN)","Generate IRN for B2B where AATO threshold met","Continuous/Ongoing","GST_REG&AATO_5CR","Per invoice; report within 30 days for AATO Rs10cr+","e-invoice portal (IRP)","Tax","CBIC","CGST Rules 2017 r.48","Knowledge-based - threshold has been reduced in stages; verify"
"CS-084","E-way bill generation","E-way bill for movement of goods above Rs50,000","Event-Based","GST_REG","Before movement","EWB-01","Tax","CBIC","CGST Rules 2017 r.138","Knowledge-based"
"CS-085","ITC-04 job work return","Details of goods sent to job workers","Recurring-Quarterly","GST_REG&FACTORY","Half-yearly/annual as amended","Form GST ITC-04","Tax","CBIC","CGST Rules 2017 r.45","Knowledge-based"
"CS-086","GSTR-2B ITC reconciliation","Reconcile ITC with books","Recurring-Monthly","GST_REG","Monthly","GSTR-2B vs books","Tax","CBIC","CGST Act 2017 s.16","Knowledge-based"
"CS-087","GST RCM compliance","Pay tax under reverse charge and self-invoice","Recurring-Monthly","GST_RCM","Monthly","GSTR-3B","Tax","CBIC","CGST Act 2017 s.9(3), 9(4)","Knowledge-based"
"CS-088","GST TDS/TCS (GSTR-7, GSTR-8)","TDS by notified deductors; TCS by e-commerce operators","Recurring-Monthly","GST_ECOM","10th of following month","GSTR-7 / GSTR-8","Tax","CBIC","CGST Act 2017 ss.51, 52","Knowledge-based"
"CS-089","GST annual return for composition dealers (CMP-08, GSTR-4)","Composition scheme filings","Recurring-Quarterly","GST_REG&PARTNERSHIP","18th after quarter; GSTR-4 annual","CMP-08 / GSTR-4","Tax","CBIC","CGST Act 2017 s.10","Knowledge-based"
"CS-090","GST refund claim (RFD-01)","Refund of exports/inverted duty","Event-Based","GST_REG&IMPORT_EXPORT","Within 2 years","Form RFD-01","Tax","CBIC","CGST Act 2017 s.54","Knowledge-based"
"CS-091","LUT for exports (GST RFD-11)","Letter of undertaking to export without IGST","Recurring-Annual","GST_REG&IMPORT_EXPORT","Annual, before first export of FY","Form RFD-11","Tax","CBIC","CGST Rules 2017 r.96A","Knowledge-based"
"CS-092","GST registration amendments/cancellation","Amend/cancel registration","Event-Based","GST_REG","As event occurs","REG-14 / REG-16","Tax","CBIC","CGST Act 2017 s.28-29","Knowledge-based"
"CS-093","GST Invoice Registration (IMS) and ISD","Input service distributor registration and returns","Recurring-Monthly","GST_REG&MNC","Monthly 13th","GSTR-6","Tax","CBIC","CGST Act 2017 s.20","Knowledge-based"
"CS-094","Composite GST notices, scrutiny (ASMT-10)","Respond to notices","Event-Based","GST_REG","As issued","ASMT-10 replies, DRC-01","Tax","CBIC","CGST Act 2017 ss.61, 73, 74","Knowledge-based"
"CS-095","EPF registration and monthly contribution","Register and pay provident fund contributions","Recurring-Monthly","EMP20","15th monthly","ECR / EPFO portal","HR","EPFO","Employees' Provident Funds and Miscellaneous Provisions Act 1952; EPF Scheme 1952","Knowledge-based - Code on Social Security 2020 status Needs manual check"
"CS-096","EPF annual return / UAN and ELI","Annual statements; UAN activation","Recurring-Annual","EMP20","Annual","Form 3A/6A (subsumed by ECR)","HR","EPFO","EPF Act 1952","Needs manual check"
"CS-097","ESI registration and contribution","ESI for employees under threshold","Recurring-Monthly","EMP10","15th monthly","ESIC portal challan","HR","ESIC","Employees' State Insurance Act 1948","Knowledge-based - threshold varies by State"
"CS-098","ESI half-yearly returns","ESI contribution history","Recurring-Quarterly","EMP10","Half-yearly","Form 6","HR","ESIC","ESI Act 1948","Needs manual check"
"CS-099","Payment of Gratuity","Gratuity nomination and payment","Event-Based","EMP10","Within 30 days of becoming payable","Form F nomination; Form I","HR","Labour Dept","Payment of Gratuity Act 1972","Knowledge-based"
"CS-100","Payment of Bonus","Bonus payment and Form D annual return","Recurring-Annual","EMP20","Within 8 months of FY end","Form D / Form A","HR","Labour Dept","Payment of Bonus Act 1965","Knowledge-based"
"CS-101","Shops and Establishments registration/renewal","Register within 30 days of commencement","One-Time/Registration","EMP_ANY","As per State rules","State form","HR","State Labour Dept","State Shops and Establishments Acts","Knowledge-based - state-specific"
"CS-102","Professional Tax registration and payment","Register and pay PT in states that levy it","Recurring-Monthly","EMP_ANY","Monthly / annual per state","State PT forms","HR","State Commercial Tax / Labour Dept","State Professional Tax Acts (e.g., Maharashtra, Karnataka, WB, TN)","Knowledge-based - by state"
"CS-103","Professional Tax employer enrolment (PTEC)","Enrolment certificate for employer","One-Time/Registration","ALL","One-time","State forms","HR","State Tax Dept","State PT Acts","Needs manual check"
"CS-104","POSH internal committee","Constitute IC, policy, annual report","Recurring-Annual","EMP10","Annual report to district officer","ICC annual report","HR","State Labour Dept","Sexual Harassment of Women at Workplace Act 2013","Knowledge-based"
"CS-105","POSH awareness programs and notice","Awareness workshops and display","Continuous/Ongoing","EMP10&EMPLOYS_WOMEN","Regular","Training records","HR","State Labour Dept","POSH Act 2013 s.19","Knowledge-based"
"CS-106","Contract Labour licence","Principal employer registration; contractor licence","Licence-Renewal","CONTRACT_LABOUR","Annual renewal","Form I; Form V","HR","Labour Dept","Contract Labour (Regulation and Abolition) Act 1970","Knowledge-based - OSH Code threshold 50"
"CS-107","Contractor annual return","Annual return","Recurring-Annual","CONTRACT_LABOUR","15 Jan","Form XXV","HR","Labour Dept","CLRA 1970","Knowledge-based"
"CS-108","Maternity Benefit compliance","Maternity leave, crèche where 50+ employees","Continuous/Ongoing","EMPLOYS_WOMEN","As event occurs","Notices; Form","HR","Labour Dept","Maternity Benefit Act 1961","Knowledge-based"
"CS-109","Crèche facility","Provide crèche where 50+ employees","Continuous/Ongoing","EMP50&EMPLOYS_WOMEN","Ongoing","Facility","HR","Labour Dept","Maternity Benefit Act s.11A","Knowledge-based"
"CS-110","Minimum wages compliance","Pay minimum wages; register/returns per state","Continuous/Ongoing","EMP_ANY","Monthly/annual","Minimum Wages return Form","HR","State Labour Dept","Minimum Wages Act 1948","Knowledge-based - Code on Wages 2019 status Needs manual check"
"CS-111","Equal remuneration","No discrimination in pay","Continuous/Ongoing","EMP_ANY","Ongoing","Register","HR","Labour Dept","Equal Remuneration Act 1976","Knowledge-based"
"CS-112","Payment of Wages compliance","Timely wage payment, deductions","Recurring-Monthly","EMP_ANY","Monthly","Register of wages","HR","Labour Dept","Payment of Wages Act 1936","Knowledge-based"
"CS-113","Labour Welfare Fund contribution","Contribution by state","Recurring-Quarterly","EMP_ANY","Half-yearly/annual by State","State LWF forms","HR","State LWF Board","State Labour Welfare Fund Acts","Knowledge-based - state-specific"
"CS-114","Industrial Employment (Standing Orders)","Standing orders certification for 100+/300+ (OSH Code) workers","One-Time/Registration","EMP100","On applicability","Draft standing orders","HR","Labour Dept","Industrial Employment (Standing Orders) Act 1946","Knowledge-based"
"CS-115","Industrial Disputes retrenchment/layoff notice","Prior permission/notice for retrenchment/closure","Event-Based","EMP100","As event","Notice/application","HR","Labour Dept","Industrial Disputes Act 1947 ch. V-B","Knowledge-based"
"CS-116","Grievance Redressal Committee","For 20+ workers","Continuous/Ongoing","EMP20","Ongoing","Committee","HR","Labour Dept","Industrial Disputes Act 1947 s.9C","Knowledge-based"
"CS-117","Inter-state migrant workmen licence","Registration and licence","Licence-Renewal","MIGRANT_WORKERS","Annual","Form I / IV","HR","Labour Dept","Inter-State Migrant Workmen Act 1979","Knowledge-based"
"CS-118","Employees' Compensation insurance","Compensation for workplace injuries","Continuous/Ongoing","EMP_ANY","As event","Notice; Form","HR","Labour Commissioner","Employees' Compensation Act 1923","Knowledge-based"
"CS-119","Child and adolescent labour prohibition","No child labour in hazardous work","Continuous/Ongoing","ALL","Ongoing","Records","HR","Labour Dept","Child and Adolescent Labour (Prohibition) Act 1986","Knowledge-based"
"CS-120","Apprentices Act engagement and reporting","Engage apprentices; registration on portal","Continuous/Ongoing","EMP30","Ongoing","Apprenticeship portal","HR","DGT","Apprentices Act 1961","Needs manual check"
"CS-121","Employment Exchange notification","Notify vacancies (state-specific)","Event-Based","EMP25","Quarterly ER-1","Form ER-I","HR","State Employment Exchange","Employment Exchanges (CNV) Act 1959","Needs manual check"
"CS-122","Code on Wages 2019","Code consolidating wage laws","Continuous/Ongoing","EMP_ANY","Ongoing","Per Code","HR","Ministry of Labour","Code on Wages 2019","Needs manual check - Labour Codes notified 21 Nov 2025 per news; rules and transition Needs manual check"
"CS-123","Code on Social Security 2020","Consolidates EPF/ESI/gratuity/maternity","Continuous/Ongoing","EMP_ANY","Ongoing","Per Code","HR","Ministry of Labour","Code on Social Security 2020","Needs manual check - effective date and rules Needs manual check"
"CS-124","OSH Code 2020","Consolidates factory/CLRA/migrant laws","Continuous/Ongoing","EMP_ANY","Ongoing","Per Code","EHS","Ministry of Labour","Occupational Safety, Health and Working Conditions Code 2020","Needs manual check - Needs manual check"
"CS-125","Industrial Relations Code 2020","Consolidates ID/Trade Union/Standing Orders laws","Continuous/Ongoing","EMP_ANY","Ongoing","Per Code","HR","Ministry of Labour","Industrial Relations Code 2020","Needs manual check - Needs manual check"
"CS-126","Trade Union registration and returns","Registered unions annual return","Recurring-Annual","EMP_ANY","Annual 31 March","Form","HR","Registrar of Trade Unions","Trade Unions Act 1926","Knowledge-based"
"CS-127","Consent to Establish/Operate (Water/Air)","Consent from SPCB","Licence-Renewal","POLLUTING","Establish before construction; operate renewal periodic","CTE/CTO application","Environment","State Pollution Control Board","Water Act 1974; Air Act 1981","Knowledge-based"
"CS-128","Environmental statement (Form V)","Annual statement","Recurring-Annual","POLLUTING","30 September","Form V","Environment","SPCB","Environment (Protection) Rules 1986 r.14","Knowledge-based"
"CS-129","Hazardous waste authorisation and return","Authorisation and Form 4 annual return","Recurring-Annual","HAZ_WASTE","Authorisation renewal; return by 30 June","Form 1 / Form 4","Environment","SPCB / CPCB","Hazardous and Other Wastes (Management and Transboundary Movement) Rules 2016","Knowledge-based"
"CS-130","Hazardous waste manifest","Manifest for transport","Event-Based","HAZ_WASTE","Each consignment","Form 10","Environment","SPCB","HOW Rules 2016","Knowledge-based"
"CS-131","E-waste EPR registration and annual return","Registration and return","Recurring-Annual","EWASTE","Annual return by 30 June","EPR portal Form 3","Environment","CPCB","E-Waste (Management) Rules 2022","Knowledge-based"
"CS-132","Plastic EPR registration and annual return","Producers/importers/brand-owners EPR","Recurring-Annual","PLASTIC_PACK","Annual by 30 June","CPCB EPR portal","Environment","CPCB","Plastic Waste Management Rules 2016 (as amended 2022)","Knowledge-based"
"CS-133","Battery EPR registration and return","Battery producers","Recurring-Annual","BATTERY","Annual by 30 June","CPCB portal","Environment","CPCB","Battery Waste Management Rules 2022","Knowledge-based"
"CS-134","Fire NOC and renewal","Fire safety certificate","Licence-Renewal","ALL","Annual/periodic by State","Fire NOC","EHS","State Fire Services","State Fire Acts; NBC 2016","Knowledge-based - state-specific"
"CS-135","Boilers and pressure vessels certificate","Boiler registration","Licence-Renewal","FACTORY","Annual","Form","EHS","Boiler Inspectorate","Indian Boilers Act 1923","Knowledge-based"
"CS-136","Factory licence and renewal","Licence under Factories Act","Licence-Renewal","FACTORY","Annual","Form 2","EHS","Factories Inspectorate","Factories Act 1948","Knowledge-based"
"CS-137","Factory half-yearly/annual returns","Returns","Recurring-Annual","FACTORY","Half-yearly/annual","Form 22, 21","EHS","Factories Inspectorate","Factories Act 1948","Knowledge-based"
"CS-138","Ground water NOC","Extraction permission","Licence-Renewal","POLLUTING","As issued","CGWA NOC","Environment","CGWA","Environment Protection Act 1986","Knowledge-based"
"CS-139","Biomedical waste authorisation","Healthcare facility waste","Licence-Renewal","SECTOR:HEALTHCARE","Annual","Form I; annual report Form IV","Environment","SPCB","Bio-Medical Waste Management Rules 2016","Knowledge-based"
"CS-140","Solid waste management","Segregated waste","Continuous/Ongoing","ALL","Ongoing","Records","Environment","Local body","Solid Waste Management Rules 2016","Knowledge-based"
"CS-141","Chemical hazard rules (MSIHC)","Manufacture storage import","Continuous/Ongoing","HAZ_WASTE","Ongoing","Safety report","EHS","Factories Inspectorate","MSIHC Rules 1989","Knowledge-based"
"CS-142","Petroleum/explosives licence","Storage of petroleum/explosives","Licence-Renewal","ALL","Annual","Form","EHS","PESO","Petroleum Act 1934; Explosives Act 1884","Knowledge-based"
"CS-143","Ozone-depleting substances","Registration and reports","Recurring-Annual","ALL","Annual","Form","Environment","MoEFCC","Ozone Depleting Substances (Regulation and Control) Rules 2000","Needs manual check"
"CS-144","Environmental clearance","Prior EC for notified projects","One-Time/Registration","POLLUTING","Before commencement","Form 1","Environment","MoEFCC","EIA Notification 2006","Knowledge-based"
