"code","department_name","what_it_does"
"CS","Company Secretarial","Board/AGM meetings, ROC/MCA filings, statutory registers, secretarial standards, share transfers"
"FIN","Finance & Accounts","Financial statements, audits, banking, payments, budgeting, treasury reporting"
"TAX","Tax (Direct & Indirect)","Income tax, TDS/TCS, GST returns and registrations, transfer pricing"
"HR","HR & Labour Compliance","PF, ESI, gratuity, bonus, wages, POSH, contract labour, Shops & Establishments, labour codes"
"EHS","EHS & Environment","Pollution control consents, hazardous waste, factory safety, fire safety, environmental clearances"
"LEGAL","Legal & Regulatory Affairs","Litigation, contracts, licences, sector-specific regulatory filings, IP"
"ITSEC","IT & Information Security","Data protection (DPDP), cybersecurity (CERT-In), IT Act compliance, data localisation"
"QA","Quality & Regulatory Affairs","Product certifications, industry-specific technical/quality regulations (drugs, food, BIS)"
"OPS","Operations","Day-to-day operational licences and permits specific to running the business"
"PROC","Procurement & Vendor Management","MSME payment rules, vendor compliance, import/export documentation"
"TREAS","Treasury & Forex","FEMA filings, external commercial borrowings, overseas investment, forex dealings"
"ADMIN","Admin & Facilities","Local municipal licences, trade licences, lift/electrical inspections, signage"
"CSR","CSR & Sustainability","Corporate Social Responsibility spend, policy, reporting, ESG disclosures"
"AUDIT","Internal Audit","Internal financial controls, cost audit coordination, secretarial audit coordination"
"RISK","Risk & Compliance","Enterprise risk management, AML/PMLA, KYC, whistle-blower/vigil mechanism"
"ACT","Actuarial","Actuarial valuations and reserving (insurance/pension entities)"
"CUST","Customer Service / Grievance","Customer grievance redressal, consumer protection, ombudsman compliance"
"SEC","Security","Physical/asset security, arms licensing, explosives handling where applicable"
"TRSY","Treasury (Banking-specific)","CRR/SLR maintenance, statutory liquidity, banking-specific treasury operations"
"CRED","Credit Risk","Credit appraisal, NPA classification, provisioning norms (banks/NBFCs)"
