"comp_id","compliance_name","description","compliance_type","applies_when","frequency_or_trigger","form_or_filing","department","regulatory_authority","acts_rules","verification"
"FIN-001","Banking Regulation Act licence to carry on banking business","Obtain RBI licence before commencing banking business; maintain licence conditions","One-Time/Registration","BANK_COMM,BANK_SFB,BANK_PAY,BANK_COOP","Before commencing business","Licence under Sec 22 BR Act","Compliance","RBI","Banking Regulation Act 1949","Search-confirmed - indiankanoon.org, rbi.org.in"
"FIN-002","Statutory reserves CRR maintenance","Maintain Cash Reserve Ratio on Net Demand and Time Liabilities on fortnightly average basis","Continuous/Ongoing","BANK_COMM,BANK_SFB,BANK_COOP,BANK_RRB","Fortnightly","Form A return and CRR compliance","Treasury","RBI","RBI Act 1934 Sec 42; Banking Regulation Act 1949","Search-confirmed - rbi.org.in, taxguru.in"
"FIN-003","SLR maintenance","Maintain Statutory Liquidity Ratio in prescribed liquid assets daily","Continuous/Ongoing","BANK_COMM,BANK_SFB,BANK_COOP,BANK_RRB","Daily","Form VIII return to RBI (fortnightly/monthly)","Treasury","RBI","Banking Regulation Act 1949 Sec 24","Search-confirmed - indiankanoon.org, taxguru.in"
"FIN-004","Capital adequacy (Basel III) reporting","Maintain minimum CRAR and CET1/Tier 1 buffers per Basel III capital regulations and report to RBI","Recurring-Quarterly","BANK_COMM,BANK_SFB","Quarterly","CRAR returns via RBI XBRL/CIMS","Risk","RBI","Master Circular Basel III Capital Regulations; Banking Regulation Act 1949","Search-confirmed - rbi.org.in, iibf.org.in"
"FIN-005","Liquidity Coverage Ratio and NSFR reporting","Maintain LCR and NSFR and submit returns","Recurring-Monthly","BANK_COMM,BANK_SFB","Monthly/Quarterly","LCR/NSFR returns","Risk","RBI","RBI Basel III Liquidity Standards","Search-confirmed - rbi.org.in, iibf.org.in"
"FIN-006","Priority sector lending targets","Achieve PSL targets and sub-targets; PSLC purchase/sale allowed","Recurring-Quarterly","BANK_COMM,BANK_SFB,BANK_RRB","Quarterly reporting; annual assessment","PSL returns","Priority Sector","RBI","RBI Master Directions on Priority Sector Lending","Search-confirmed - rbi.org.in, taxguru.in"
"FIN-007","Fit and proper criteria for directors","Due diligence declaration and undertaking of directors of banks","Recurring-Annual","BANK_COMM,BANK_SFB,BANK_COOP","Annual and on appointment","Declaration and undertaking format","Secretarial","RBI","Banking Regulation Act 1949; RBI fit and proper circular","Search-confirmed - mondaq.com, rbi.org.in"
"FIN-008","Appointment of MD/CEO and whole-time directors approval","Prior RBI approval for appointment and remuneration of MD/CEO/WTD","Event-Based","BANK_COMM,BANK_SFB","On appointment/reappointment","Application to RBI DoR","Secretarial","RBI","Banking Regulation Act 1949 Sec 35B","Search-confirmed - indiankanoon.org, rbidocs.rbi.org.in"
"FIN-009","Acquisition of shares or voting rights approval","Prior RBI approval for acquiring 5 percent or more of paid-up capital or voting rights in a private bank","Event-Based","BANK_COMM,BANK_SFB","On acquisition","Application to RBI","Legal","RBI","Banking Regulation Act 1949 Sec 12B","Search-confirmed - indiankanoon.org, prsindia.org"
"FIN-010","Annual financial statements of banks","Prepare annual accounts in Third Schedule format and submit to RBI","Recurring-Annual","BANK_COMM,BANK_SFB,BANK_COOP,BANK_RRB","Annual","Form A and Form B balance sheet and profit and loss","Finance","RBI","Banking Regulation Act 1949 Sec 29, 30","Search-confirmed - indiankanoon.org, prsindia.org"
"FIN-011","Long form audit report of banks","Statutory auditors submit long form audit report to bank Board and RBI","Recurring-Annual","BANK_COMM,BANK_SFB","Annual","LFAR","Audit","RBI","RBI circular on LFAR","Search-confirmed - coraa.ai, bcajonline.org"
"FIN-012","Income recognition and asset classification (IRAC)","Classify assets as standard/SMA/NPA and provision per prudential norms","Continuous/Ongoing","BANK_COMM,BANK_SFB,BANK_COOP","Continuous; quarterly reporting","IRAC norms; SMA reporting to CRILC","Credit Risk","RBI","Master Circular IRAC Norms; Banking Regulation Act 1949","Search-confirmed - coraa.ai, bcajonline.org"
"FIN-013","CRILC reporting of large exposures","Report credit information on borrowers with aggregate exposure of Rs 5 crore and above","Recurring-Monthly","BANK_COMM,BANK_SFB,NBFC","Monthly/Quarterly and on SMA changes","CRILC returns","Credit Risk","RBI","RBI circular on Central Repository of Information on Large Credits","Search-confirmed - rbi.org.in, bankingfinance.in"
"FIN-014","Reporting to Credit Information Companies","Submit borrower credit data to all four CICs at least fortnightly (as per current norms)","Recurring-Monthly","BANK_COMM,BANK_SFB,NBFC,HFC,MFI,BANK_COOP,BANK_RRB","Periodic per RBI norms","CIC data submission format","Operations","RBI","Credit Information Companies (Regulation) Act 2005; CIC Rules 2006","Search-confirmed - indiacode.nic.in, kratikal.com"
"FIN-015","Fraud reporting to RBI","Report frauds through FMR and to law enforcement; classification and provisioning per Master Directions on fraud risk management","Event-Based","BANK_COMM,BANK_SFB,BANK_COOP,NBFC,BANK_PAY","Within prescribed days of detection","FMR via RBI portal","Risk","RBI","Master Directions on Fraud Risk Management 2024","Search-confirmed - rbi.org.in, taxguru.in"
"FIN-016","Cyber security framework and incident reporting","Implement cyber security framework, SOC and report cyber incidents to RBI","Event-Based","BANK_COMM,BANK_SFB,BANK_COOP,NBFC,PAY_PA,PAY_PPI","Within 2 to 6 hours of detection per direction","Cyber incident report","IT/InfoSec","RBI","RBI Cyber Security Framework in Banks 2016; Master Direction on IT Governance 2023","Needs manual check"
"FIN-017","IT governance risk controls and assurance","Board-approved IT strategy, IS audit and outsourcing governance","Continuous/Ongoing","BANK_COMM,BANK_SFB,NBFC,BANK_COOP","Annual review","IS audit report","IT/InfoSec","RBI","Master Direction on IT Governance Risk Controls and Assurance Practices 2023","Search-confirmed - mondaq.com, dataguidance.com"
"FIN-018","Outsourcing of IT services","Risk management and governance for outsourced IT services with register of arrangements","Continuous/Ongoing","BANK_COMM,BANK_SFB,NBFC,BANK_COOP,PAY_PA","Continuous","Outsourcing register and board policy","IT/InfoSec","RBI","Master Direction on Outsourcing of IT Services 2023","Search-confirmed - lexology.com, vinodkothari.com"
"FIN-019","Customer service and grievance redress; Ombudsman","Set up internal grievance redress, display Nodal Officer and comply with RBI Integrated Ombudsman Scheme","Continuous/Ongoing","BANK_COMM,BANK_SFB,NBFC,BANK_COOP,BANK_RRB,PAY_PA,PAY_PPI","Continuous; annual reporting","Grievance disclosure and CMS portal","Customer Service","RBI","RBI Integrated Ombudsman Scheme 2021","Search-confirmed - rbi.org.in, taxguru.in"
"FIN-020","Unclaimed deposits and DEA Fund transfer","Transfer deposits inactive 10 years to Depositor Education and Awareness Fund","Recurring-Annual","BANK_COMM,BANK_SFB,BANK_COOP,BANK_RRB","Annual (by month-end following quarter of due date, per circular)","DEA Fund return","Operations","RBI","Depositor Education and Awareness Fund Scheme 2014; Banking Regulation Act 1949 Sec 26A","Search-confirmed - rbi.org.in, cainindia.org"
"FIN-021","Return of unclaimed liabilities Sec 26","File annual return of deposits unclaimed 30 years","Recurring-Annual","BANK_COMM,BANK_SFB,BANK_COOP","Annual (by 30 January)","Form IX return","Operations","RBI","Banking Regulation Act 1949 Sec 26","Needs manual check"
"FIN-022","Foreign Exchange returns by Authorised Dealer banks","Submit forex transaction returns through RBI FIRMS/XBRL","Recurring-Monthly","FOREX_AD","Monthly/Fortnightly","FLA, R-Return, ECB-2 and related returns","Forex","RBI","FEMA 1999; Master Direction Foreign Exchange Management","Search-confirmed - taxmann.com, lexology.com"
"FIN-023","Small finance bank licence and conditions","Comply with On-tap Licensing Guidelines for SFBs including 75 percent PSL and listing within prescribed time","Continuous/Ongoing","BANK_SFB","Continuous","Compliance report to RBI","Compliance","RBI","Guidelines for On-tap Licensing of Small Finance Banks 2019","Search-confirmed - taxguru.in, rbidocs.rbi.org.in"
"FIN-024","SFB promoter shareholding dilution and listing","Promoter shareholding dilution per SFB licensing conditions and listing within stipulated period","Event-Based","BANK_SFB","As per licence conditions","Compliance report","Secretarial","RBI","SFB On-tap Licensing Guidelines 2019","Search-confirmed - taxguru.in, vinodkothari.com"
"FIN-025","Payments bank deposit cap and investment norms","Comply with maximum balance per customer, invest min 75 percent SLR securities, no lending","Continuous/Ongoing","BANK_PAY","Continuous","Returns to RBI","Compliance","RBI","Guidelines for Licensing of Payments Banks 2014; Banking Regulation Act 1949","Search-confirmed - taxguru.in, rbidocs.rbi.org.in"
"FIN-026","Urban Co-operative Bank financial soundness and returns","Comply with RBI directions applicable to UCBs including four-tier regulation and file returns","Recurring-Quarterly","BANK_COOP","Quarterly/Annual","Prudential returns","Compliance","RBI","Banking Regulation Act 1949 (as applicable to co-operative societies); RBI directions to UCBs","Search-confirmed - taxguru.in, pib.gov.in"
"FIN-027","Co-operative bank audit and AGM","Statutory audit by RBI-empanelled auditors and AGM per state cooperative law","Recurring-Annual","BANK_COOP","Annual","Audit report and AGM minutes","Secretarial","RBI/State Registrar of Cooperative Societies","Banking Regulation Act 1949; State Co-operative Societies Acts","Needs manual check"
"FIN-028","RRB annual accounts and NABARD inspection","Prepare RRB accounts, statutory audit and comply with NABARD supervision including statutory inspection","Recurring-Annual","BANK_RRB","Annual","Annual accounts and inspection compliance report","Finance","NABARD","Regional Rural Banks Act 1976; Banking Regulation Act 1949","Search-confirmed - nabard.org, indiankanoon.org"
"FIN-029","RRB capital and priority sector norms","Maintain capital adequacy and priority sector lending targets for RRBs","Recurring-Quarterly","BANK_RRB","Quarterly","Returns to NABARD","Compliance","NABARD/RBI","Regional Rural Banks Act 1976","Search-confirmed - nabard.org, indiankanoon.org"
"FIN-030","NABARD Development Financial Institution supervision returns","Returns and compliance for state and central co-operative banks under NABARD supervision","Recurring-Annual","BANK_COOP,BANK_RRB","Annual","NABARD supervisory returns","Compliance","NABARD","NABARD Act 1981","Needs manual check"
"FIN-031","NBFC Certificate of Registration","Obtain CoR from RBI before commencing NBFC business; minimum NOF Rs 10 crore for new NBFCs","One-Time/Registration","NBFC","Before commencing business","CoR application via PRAVAAH portal","Compliance","RBI","RBI Act 1934 Sec 45-IA","Needs manual check"
"FIN-032","NBFC Scale Based Regulation layer compliance","Comply with base/middle/upper layer requirements on governance, capital, disclosures","Continuous/Ongoing","NBFC","Continuous","SBR compliance","Compliance","RBI","Master Direction RBI (NBFC Scale Based Regulation) Directions 2023","Search-confirmed"
"FIN-033","NBFC minimum Net Owned Fund","Maintain NOF of at least Rs 10 crore (phased) and file NOF certificate","Recurring-Annual","NBFC","Annual","NOF certificate by statutory auditor","Finance","RBI","RBI Act 1934 Sec 45-IA","Search-confirmed - indiankanoon.org, indiacode.nic.in"
"FIN-034","NBFC statutory reserve fund transfer","Transfer at least 20 percent of net profit to reserve fund","Recurring-Annual","NBFC,HFC","Annual","Reserve fund creation in accounts","Finance","RBI","RBI Act 1934 Sec 45-IC","Search-confirmed - nbfctakeover.com, nbfclicenseindia.com"
"FIN-035","NBFC statutory auditor certificate","Auditor to certify compliance with Sec 45-IA requirements and NBFC directions","Recurring-Annual","NBFC","Annual","Statutory Auditor Certificate","Audit","RBI","RBI Act 1934 Sec 45MBA; NBFC Directions","Search-confirmed - indiankanoon.org, indiacode.nic.in"
"FIN-036","NBFC Capital adequacy and liquidity ratios","Maintain CRAR and LCR/ALM returns as per SBR","Recurring-Quarterly","NBFC","Quarterly","Returns via RBI XBRL portal","Risk","RBI","RBI NBFC SBR Directions 2023","Search-confirmed - mondaq.com, pwc.in"
"FIN-037","NBFC ALM returns","Structural liquidity and interest rate sensitivity statements","Recurring-Monthly","NBFC","Monthly/Half-yearly","NBS-ALM returns","Risk","RBI","RBI NBFC SBR Directions 2023","Search-confirmed - mondaq.com, fidcindia.org.in"
"FIN-038","NBFC monthly return on important financial parameters","Submit NBS-1 to NBS-7 returns as applicable","Recurring-Quarterly","NBFC","Quarterly","NBS returns","Finance","RBI","RBI NBFC returns directions","Needs manual check"
"FIN-039","NBFC Fair Practices Code and interest rate policy","Board-approved Fair Practices Code, loan terms disclosure and grievance redress","Continuous/Ongoing","NBFC","Continuous","Fair Practices Code","Compliance","RBI","RBI Fair Practices Code for NBFCs","Search-confirmed - mondaq.com, fidcindia.org.in"
"FIN-040","NBFC change in control or ownership approval","Prior RBI approval for change of management or takeover of 26 percent or more shareholding","Event-Based","NBFC","Before transaction","Application to RBI","Legal","RBI","RBI Act 1934 Sec 45-IA; NBFC directions","Search-confirmed - indiankanoon.org, indiacode.nic.in"
"FIN-041","NBFC Ombudsman and compliance officer","Appoint Principal Nodal Officer and comply with Integrated Ombudsman Scheme","Continuous/Ongoing","NBFC","Continuous","Nodal officer details","Customer Service","RBI","RBI Integrated Ombudsman Scheme 2021","Search-confirmed - rbi.org.in, taxguru.in"
"FIN-042","Digital Lending Directions compliance","Comply with digital lending directions on disbursal to borrower account, KFS, LSP due diligence and reporting DLAs to RBI","Continuous/Ongoing","NBFC,HFC,BANK_COMM,BANK_COOP,DIGITAL_LENDING","Continuous","KFS; DLA reporting on CIMS portal","Compliance","RBI","Reserve Bank of India (Digital Lending) Directions 2025","Search-confirmed"
"FIN-043","Reporting of digital lending apps to CIMS","Report details of DLAs used by RE and LSPs on RBI CIMS portal","Event-Based","NBFC,HFC,BANK_COMM,DIGITAL_LENDING","Within timeline prescribed by RBI","DLA reporting on CIMS","Compliance","RBI","Reserve Bank of India (Digital Lending) Directions 2025","Search-confirmed"
"FIN-044","Key Fact Statement for retail loans","Provide KFS with APR before executing loan contract","Event-Based","NBFC,HFC,BANK_COMM,BANK_COOP,MFI,DIGITAL_LENDING","Per loan","Key Fact Statement","Operations","RBI","RBI KFS Circular 15 April 2024; Digital Lending Directions 2025","Search-confirmed"
"FIN-045","Loan Service Provider due diligence and outsourcing","Conduct due diligence of LSPs and maintain agreements","Continuous/Ongoing","DIGITAL_LENDING,NBFC,BANK_COMM","Continuous","LSP agreements","Compliance","RBI","Digital Lending Directions 2025","Search-confirmed - lexology.com, mondaq.com"
"FIN-046","Default Loss Guarantee restrictions","Comply with DLG guidelines cap of 5 percent of loan portfolio","Continuous/Ongoing","NBFC,BANK_COMM,DIGITAL_LENDING","Continuous","DLG agreement and disclosures","Risk","RBI","RBI Guidelines on Default Loss Guarantee in Digital Lending 2023","Search-confirmed - rbi.org.in, corridalegal.com"
"FIN-047","Housing Finance Company registration","Register with NHB/RBI and hold CoR to carry on housing finance business","One-Time/Registration","HFC","Before commencing business","CoR","Compliance","RBI","National Housing Bank Act 1987; RBI Housing Finance Companies Directions 2025","Needs manual check"
"FIN-048","HFC returns and regulatory compliance","Comply with HFC directions on capital, exposure and file returns as prescribed","Recurring-Quarterly","HFC","Quarterly/Annual","Returns to RBI/NHB","Compliance","RBI/NHB","National Housing Bank Act 1987; RBI HFC Directions","Needs manual check"
"FIN-049","HFC fair practices and interest rate","Follow Fair Practices Code and interest rate model","Continuous/Ongoing","HFC","Continuous","Board-approved policy","Compliance","RBI","National Housing Bank Act 1987; RBI Directions","Needs manual check"
"FIN-050","Asset Reconstruction Company registration","Obtain registration with RBI and maintain minimum NOF of Rs 100 crore","One-Time/Registration","ARC","Before commencing business","Certificate of Registration","Compliance","RBI","SARFAESI Act 2002 Sec 3","Search-confirmed - ibclaw.in, indiacode.nic.in"
"FIN-051","ARC security receipts and Trust reporting","Comply with SR issuance, NAV disclosure, and resolution reporting","Recurring-Quarterly","ARC","Quarterly","Returns to RBI; Rating of SRs","Finance","RBI","SARFAESI Act 2002; Securitisation Companies and Reconstruction Companies (Reserve Bank) Guidelines and Directions 2003","Knowledge-based"
"FIN-052","ARC acquisition of financial assets","Acquire financial assets from banks/FIs and take enforcement measures under Sec 13","Event-Based","ARC","Per acquisition","Notices under Sec 13(2)","Legal","RBI","SARFAESI Act 2002 Sec 5, 13","Search-confirmed - ibclaw.in, enterslice.com"
"FIN-053","SARFAESI demand notice and possession","Issue 60-day demand notice and take possession of secured assets","Event-Based","BANK_COMM,BANK_SFB,NBFC,HFC,ARC","Upon NPA classification","Sec 13(2) and 13(4) notices","Legal","RBI","SARFAESI Act 2002","Search-confirmed - thelegalschool.in, unifiedchambers.com"
"FIN-054","CERSAI registration of security interest","File particulars of security interest within 30 days of creation","Event-Based","BANK_COMM,BANK_SFB,NBFC,HFC,ARC,BANK_COOP","Within 30 days of creation","CERSAI security interest form","Legal","CERSAI (Ministry of Finance)","SARFAESI Act 2002 Chapter IVA; Security Interest (Central Registry) Rules 2011","Search-confirmed - unifiedchambers.com, patraslawchambers.com"
"FIN-055","IBC filing of claims and Section 7 applications by financial creditors","File claims with IRP/RP and initiate CIRP as financial creditor","Event-Based","BANK_COMM,NBFC,HFC,ARC","On default","Form C claim; Form 1 Sec 7","Legal","IBBI/NCLT","Insolvency and Bankruptcy Code 2016","Search-confirmed - ibclaw.in, taxguru.in"
"FIN-056","Microfinance institution NBFC-MFI qualifying assets","Maintain 75 percent qualifying assets and comply with household income assessment","Continuous/Ongoing","MFI","Continuous","MFI returns","Compliance","RBI","RBI Regulatory Framework for Microfinance Loans Directions 2022","Search-confirmed - lexology.com, rbi.org.in"
"FIN-057","Microfinance pricing and repayment norms","Board-approved pricing policy and no pre-payment penalty","Continuous/Ongoing","MFI","Continuous","Pricing policy","Compliance","RBI","RBI Microfinance Directions 2022","Search-confirmed - rbi.org.in, azbpartners.com"
"FIN-058","SRO membership for microfinance","Comply with RBI-recognised SRO code of conduct for microfinance","Continuous/Ongoing","MFI","Continuous","SRO membership","Compliance","RBI","RBI Framework for Self-Regulatory Organisations 2024","Needs manual check"
"FIN-059","Life insurer registration and licence renewal","Register with IRDAI; maintain Certificate of Registration and renew annually","Licence-Renewal","INS_LIFE","Annual","Certificate of Registration and renewal fee","Compliance","IRDAI","Insurance Act 1938 Sec 3; IRDA Act 1999","Search-confirmed - irdai.gov.in, advocatekhoj.com"
"FIN-060","General insurer registration and renewal","Annual renewal of certificate of registration","Licence-Renewal","INS_GEN","Annual","Renewal application","Compliance","IRDAI","Insurance Act 1938 Sec 3; IRDA Act 1999","Search-confirmed - irdai.gov.in, advocatekhoj.com"
"FIN-061","Reinsurer registration and Indian reinsurance branch","Register as reinsurer and comply with IRDAI Reinsurance Regulations","One-Time/Registration","INS_REINS","Before commencing business","CoR","Compliance","IRDAI","IRDAI (Re-Insurance) Regulations 2018; Insurance Act 1938","Search-confirmed - irdai.gov.in, lexology.com"
"FIN-062","Solvency margin and returns","Maintain solvency ratio of 150 percent and file returns","Recurring-Quarterly","INS_LIFE,INS_GEN,INS_REINS","Quarterly","Form KT-3 solvency return","Finance","IRDAI","IRDAI (Assets, Liabilities and Solvency Margin of Insurers) Regulations 2016","Search-confirmed - irdai.gov.in, simpliance.in"
"FIN-063","Investment regulations reporting","Comply with investment pattern and file investment returns","Recurring-Quarterly","INS_LIFE,INS_GEN","Quarterly","Investment returns","Treasury","IRDAI","IRDAI (Investment) Regulations 2016","Search-confirmed - irdai.gov.in, mondaq.com"
"FIN-064","Actuarial appointment and valuation report","Appointed Actuary certification and annual actuarial report","Recurring-Annual","INS_LIFE,INS_GEN","Annual","Appointed Actuary report","Actuarial","IRDAI","Insurance Act 1938; IRDAI Actuarial Report regulations","Needs manual check"
"FIN-065","Public disclosures by insurers","Publish periodic public disclosures on website and newspapers","Recurring-Quarterly","INS_LIFE,INS_GEN,INS_REINS","Quarterly","NL/L public disclosure forms","Finance","IRDAI","IRDAI (Insurers) Public Disclosures Regulations","Needs manual check"
"FIN-066","Annual accounts and audit of insurers","Prepare accounts in IRDAI format and file with IRDAI","Recurring-Annual","INS_LIFE,INS_GEN,INS_REINS","Annual","Form A-RA, A-PL, A-BS","Finance","IRDAI","IRDAI (Preparation of Financial Statements and Auditors Report of Insurance Companies) Regulations 2002","Search-confirmed - irdai.gov.in, indiankanoon.org"
"FIN-067","Corporate governance guidelines for insurers","Board committees, fit and proper directors, and governance disclosures","Continuous/Ongoing","INS_LIFE,INS_GEN,INS_REINS","Continuous; annual","Corporate governance return","Secretarial","IRDAI","IRDAI Guidelines on Corporate Governance for Insurers 2016","Search-confirmed - irdai.gov.in, indiacode.nic.in"
"FIN-068","Insurance Ombudsman and policyholder grievances","Resolve complaints within timelines and comply with Insurance Ombudsman Rules","Continuous/Ongoing","INS_LIFE,INS_GEN,INS_BROKER,TPA","Continuous","Grievance report","Customer Service","IRDAI","Insurance Ombudsman Rules 2017; IRDAI Protection of Policyholders' Interests Regulations 2017","Search-confirmed - irdai.gov.in, policyholder.gov.in"
"FIN-069","Insurance broker licence renewal","Direct broker licence renewal every 3 years and comply with capital norms","Licence-Renewal","INS_BROKER","Every 3 years","Renewal application","Compliance","IRDAI","IRDAI (Insurance Brokers) Regulations 2018","Search-confirmed - irdai.gov.in, bimabazaar.com"
"FIN-070","Insurance broker annual returns","File annual returns and audited accounts with IRDAI","Recurring-Annual","INS_BROKER","Annual","Annual returns","Finance","IRDAI","IRDAI (Insurance Brokers) Regulations 2018","Search-confirmed - irdai.gov.in, compliancecalendar.in"
"FIN-071","TPA licence and renewal","Third Party Administrators hold licence renewed every 3 years","Licence-Renewal","TPA","Every 3 years","TPA renewal application","Compliance","IRDAI","IRDAI (Health Insurance) Regulations 2016; TPA Regulations","Needs manual check"
"FIN-072","TPA annual reporting","TPA annual return, audited accounts and grievance report","Recurring-Annual","TPA","Annual","Annual report","Finance","IRDAI","IRDAI (Health Insurance) Regulations 2016","Needs manual check"
"FIN-073","KYC of policyholders and AML/CFT for insurers","Comply with AML/CFT guidelines and KYC of policyholders","Continuous/Ongoing","INS_LIFE,INS_GEN,INS_BROKER","Continuous","KYC and STR","Compliance","IRDAI","IRDAI Master Guidelines on AML/CFT 2022; PMLA 2002","Needs manual check"
"FIN-074","Insurance Repository and e-insurance account rules","Comply with e-insurance account rules if applicable","Continuous/Ongoing","INS_LIFE,INS_GEN","Continuous","Policy records","Operations","IRDAI","IRDAI (Insurance Repositories) Regulations","Needs manual check"
"FIN-075","Stock broker registration and renewal","Registration with SEBI and exchange membership; pay annual fees","Licence-Renewal","SEC_BROKER","Registration; fees annually","SEBI certificate","Compliance","SEBI","SEBI (Stock Brokers) Regulations 2018; SEBI Act 1992","Knowledge-based"
"FIN-076","Broker net worth and capital adequacy","Maintain minimum net worth and file annual net worth certificate","Recurring-Annual","SEC_BROKER","Annual","Net Worth Certificate","Finance","SEBI","SEBI (Stock Brokers) Regulations 2018","Knowledge-based"
"FIN-077","Broker client fund segregation and monthly/quarterly settlement","Segregate client funds and securities and settle running account","Recurring-Quarterly","SEC_BROKER","Quarterly/monthly per exchange","Client funds report","Operations","SEBI","SEBI Master Circular for Stock Brokers","Search-confirmed - sebi.gov.in, indiankanoon.org"
"FIN-078","Stock broker half-yearly internal audit","Half-yearly internal audit report to exchanges","Recurring-Quarterly","SEC_BROKER","Half-yearly","Internal audit report to exchange","Audit","SEBI","SEBI Stock Brokers Regulations 2018","Knowledge-based"
"FIN-079","Depository participant registration and net worth","Registered DP with depository; maintain net worth","Licence-Renewal","SEC_DP","Ongoing; annual net worth cert","DP registration","Compliance","SEBI","SEBI (Depositories and Participants) Regulations 2018; Depositories Act 1996","Search-confirmed - sebi.gov.in, indiankanoon.org"
"FIN-080","DP quarterly and annual returns","Submit periodic reports to depository including internal audit, and concurrent audit","Recurring-Quarterly","SEC_DP","Quarterly/Half-yearly","DP compliance reports","Compliance","SEBI","SEBI (Depositories and Participants) Regulations 2018","Knowledge-based"
"FIN-081","RTA registration and compliance","Registrar and transfer agents registration and half-yearly reporting","Licence-Renewal","SEC_RTA","Ongoing","RTA certificate","Compliance","SEBI","SEBI (Registrars to an Issue and Share Transfer Agents) Regulations 1993","Knowledge-based"
"FIN-082","Merchant banker registration","Category I merchant banker registration and net worth of Rs 5 crore","Licence-Renewal","SEC_MB","Ongoing","SEBI registration","Compliance","SEBI","SEBI (Merchant Bankers) Regulations 1992","Knowledge-based"
"FIN-083","Merchant banker half-yearly reports","Half-yearly report of activities to SEBI","Recurring-Quarterly","SEC_MB","Half-yearly","Half-yearly report","Compliance","SEBI","SEBI (Merchant Bankers) Regulations 1992","Knowledge-based"
"FIN-084","Mutual fund registration and AMC compliance","Register MF sponsor and AMC; trustees oversight","One-Time/Registration","SEC_AMC","On setup","MF registration","Compliance","SEBI","SEBI (Mutual Funds) Regulations 1996","Knowledge-based"
"FIN-085","Mutual fund scheme information document and SAI","File SID/SAI and update periodically","Event-Based","SEC_AMC","On NFO; annual SAI update","SID and SAI","Compliance","SEBI","SEBI (Mutual Funds) Regulations 1996","Knowledge-based"
"FIN-086","Mutual fund monthly portfolio disclosure","Disclose scheme portfolios monthly and half-yearly","Recurring-Monthly","SEC_AMC","By 10th of next month","Portfolio disclosure","Compliance","SEBI","SEBI (Mutual Funds) Regulations 1996; SEBI Master Circular for Mutual Funds","Knowledge-based"
"FIN-087","Mutual fund NAV disclosure","Publish daily NAV on AMFI and AMC websites","Continuous/Ongoing","SEC_AMC","Daily","NAV file","Operations","SEBI","SEBI (Mutual Funds) Regulations 1996","Knowledge-based"
"FIN-088","AMC trustee reports","Trustee half-yearly reports and annual report to SEBI","Recurring-Quarterly","SEC_AMC","Half-yearly","Trustee report","Compliance","SEBI","SEBI (Mutual Funds) Regulations 1996","Knowledge-based"
"FIN-089","AIF registration and PPM filing","Register AIF category I/II/III and file PPM through merchant banker","One-Time/Registration","SEC_AIF","On setup","SEBI registration and PPM","Compliance","SEBI","SEBI (Alternative Investment Funds) Regulations 2012","Knowledge-based"
"FIN-090","AIF quarterly report","Submit quarterly reports on SEBI intermediary portal","Recurring-Quarterly","SEC_AIF","Within 15 days of quarter-end","Quarterly AIF report","Compliance","SEBI","SEBI (Alternative Investment Funds) Regulations 2012","Knowledge-based"
"FIN-091","AIF annual audit and compliance test","Annual audit of PPM terms and compliance","Recurring-Annual","SEC_AIF","Annual","Audit report","Audit","SEBI","SEBI (Alternative Investment Funds) Regulations 2012","Knowledge-based"
"FIN-092","AIF valuation and investor reporting","Independent valuation and periodic investor report","Recurring-Quarterly","SEC_AIF","Half-yearly/Annual","Valuation report","Finance","SEBI","SEBI (Alternative Investment Funds) Regulations 2012","Knowledge-based"
"FIN-093","Portfolio manager registration and net worth","Register with SEBI and maintain net worth of Rs 5 crore","Licence-Renewal","SEC_PMS","Ongoing","PMS registration","Compliance","SEBI","SEBI (Portfolio Managers) Regulations 2020","Knowledge-based"
"FIN-094","PMS periodic reporting","Submit half-yearly reports to SEBI and client reports quarterly","Recurring-Quarterly","SEC_PMS","Quarterly/Half-yearly","PMS report","Compliance","SEBI","SEBI (Portfolio Managers) Regulations 2020","Knowledge-based"
"FIN-095","PMS annual audit","Annual audit by independent auditor","Recurring-Annual","SEC_PMS","Annual","Audit report","Audit","SEBI","SEBI (Portfolio Managers) Regulations 2020","Knowledge-based"
"FIN-096","InvIT registration and periodic disclosures","Register InvIT; disclose NAV, valuation and financial results","Recurring-Quarterly","SEC_INVIT","Quarterly/Half-yearly","InvIT filings","Compliance","SEBI","SEBI (Infrastructure Investment Trusts) Regulations 2014","Knowledge-based"
"FIN-097","REIT registration and periodic disclosures","Register REIT; distribute at least 90 percent NDCF and disclose financials","Recurring-Quarterly","SEC_REIT","Quarterly/Half-yearly","REIT filings","Compliance","SEBI","SEBI (Real Estate Investment Trusts) Regulations 2014","Knowledge-based"
"FIN-098","InvIT/REIT annual report","Annual report and valuation report","Recurring-Annual","SEC_INVIT,SEC_REIT","Annual","Annual report","Finance","SEBI","SEBI InvIT/REIT Regulations 2014","Knowledge-based"
"FIN-099","InvIT/REIT LODR compliance","Comply with SEBI LODR obligations applicable to listed units","Continuous/Ongoing","SEC_INVIT,SEC_REIT","Continuous","Exchange filings","Compliance","SEBI","SEBI (LODR) Regulations 2015; InvIT and REIT Regulations 2014","Knowledge-based"
"FIN-100","Credit rating agency registration and compliance","CRA registration and adherence to code of conduct","Licence-Renewal","SEC_CRA","Ongoing","SEBI registration","Compliance","SEBI","SEBI (Credit Rating Agencies) Regulations 1999","Knowledge-based"
"FIN-101","CRA disclosures of rating actions","Publish ratings, rationale and default statistics","Recurring-Annual","SEC_CRA","Annual/Semi-annual","CRA disclosures","Compliance","SEBI","SEBI (Credit Rating Agencies) Regulations 1999","Knowledge-based"
"FIN-102","Investment adviser registration","Registration with SEBI/IAASB and qualifications, net worth","Licence-Renewal","SEC_IA","Ongoing","IA certificate","Compliance","SEBI","SEBI (Investment Advisers) Regulations 2013","Knowledge-based"
"FIN-103","Investment adviser and research analyst annual compliance audit","Audit within 60 days of year-end and report to SEBI/IAASB/RAASB","Recurring-Annual","SEC_IA,SEC_RA","Annual","Compliance audit report","Audit","SEBI","SEBI (Investment Advisers) Regulations 2013; SEBI (Research Analysts) Regulations 2014","Search-confirmed"
"FIN-104","Research analyst registration and disclosures","Registration and research report disclosures","Licence-Renewal","SEC_RA","Ongoing","RA certificate","Compliance","SEBI","SEBI (Research Analysts) Regulations 2014","Knowledge-based"
"FIN-105","RA annual compliance certificate on segregation","Annual certificate on segregation of research and distribution activities","Recurring-Annual","SEC_RA","Annual from FY 2024-25","Compliance certificate","Compliance","SEBI","SEBI (Research Analysts) Regulations 2014 as amended","Search-confirmed"
"FIN-106","Stock exchange recognition and regulatory returns","Comply with SCRA recognition conditions and SEBI SECC Regulations","Continuous/Ongoing","SEC_MII","Continuous","MII returns","Compliance","SEBI","Securities Contracts (Regulation) Act 1956; SEBI (Stock Exchanges and Clearing Corporations) Regulations 2018","Knowledge-based"
"FIN-107","Clearing corporation risk management and default fund","Maintain settlement guarantee fund and risk management framework","Continuous/Ongoing","SEC_MII","Continuous","SGF reports","Risk","SEBI","SEBI (Stock Exchanges and Clearing Corporations) Regulations 2018","Knowledge-based"
"FIN-108","Depository operational compliance","Depositories compliance with the Depositories Act and SEBI regulations","Continuous/Ongoing","SEC_MII","Continuous","Depository reports","Compliance","SEBI","Depositories Act 1996; SEBI (Depositories and Participants) Regulations 2018","Knowledge-based"
"FIN-109","Cyber Security and Cyber Resilience Framework","SEBI Cybersecurity and Cyber Resilience Framework for regulated entities including audit","Recurring-Annual","SEC_BROKER,SEC_DP,SEC_AMC,SEC_MII,SEC_AIF","Half-yearly/Annual","Cyber audit report","IT/InfoSec","SEBI","SEBI CSCRF circular 2024","Knowledge-based"
"FIN-110","SEBI LODR quarterly compliance filings","Corporate governance, shareholding pattern and financial results","Recurring-Quarterly","LISTED","Quarterly","Reg 13, 27, 31, 33 filings","Secretarial","SEBI","SEBI (LODR) Regulations 2015","Knowledge-based"
"FIN-111","SEBI PIT Regulations structured digital database","Maintain SDD of UPSI and trading window","Continuous/Ongoing","LISTED,SEC_MB,SEC_BROKER,SEC_AMC","Continuous","Structured digital database","Compliance","SEBI","SEBI (Prohibition of Insider Trading) Regulations 2015","Knowledge-based"
"FIN-112","Payment aggregator authorisation","Obtain RBI authorisation to operate as PA; NOF Rs 25 crore in 3 years","One-Time/Registration","PAY_PA","Before commencing business","Authorisation certificate","Compliance","RBI","Payment and Settlement Systems Act 2007; RBI PA Directions 2025","Knowledge-based"
"FIN-113","PA and PG escrow and settlement","Maintain escrow with scheduled bank and settle merchants per timelines","Continuous/Ongoing","PAY_PA","Continuous","Escrow reconciliation","Operations","RBI","Payment and Settlement Systems Act 2007; RBI Directions on Payment Aggregators","Knowledge-based"
"FIN-114","PA annual audit and net worth certificate","Annual System Audit and net worth certificate","Recurring-Annual","PAY_PA","Annual","Auditor certificate","Audit","RBI","RBI Payment Aggregator Directions","Knowledge-based"
"FIN-115","PPI issuer authorisation","Authorisation as PPI issuer and net worth minimum Rs 5 crore","One-Time/Registration","PAY_PPI","Before commencing business","Authorisation","Compliance","RBI","Payment and Settlement Systems Act 2007; Master Direction on Prepaid Payment Instruments 2021","Knowledge-based"
"FIN-116","PPI KYC and wallet limits","Comply with KYC-based wallet limits and interoperability","Continuous/Ongoing","PAY_PPI","Continuous","KYC","Compliance","RBI","Master Direction on PPI 2021","Knowledge-based"
"FIN-117","PPI audit and reports","Annual System Audit and monthly returns to RBI","Recurring-Monthly","PAY_PPI","Monthly/Annual","Returns via RBI portal","Compliance","RBI","Master Direction on PPI 2021","Knowledge-based"
"FIN-118","Payment system data localisation","Store payment data only in India","Continuous/Ongoing","PAY_PA,PAY_PPI,BANK_COMM","Continuous","System audit report","IT/InfoSec","RBI","RBI circular on Storage of Payment System Data 2018","Knowledge-based"
"FIN-119","Card tokenisation and authentication compliance","Comply with tokenisation and additional factor of authentication","Continuous/Ongoing","PAY_PA,BANK_COMM","Continuous","Compliance","IT/InfoSec","RBI","RBI Master Direction on Card-not-present transactions and tokenisation","Needs manual check"
"FIN-120","TReDS platform authorisation","Authorisation to operate TReDS and comply with RBI guidelines","One-Time/Registration","PAY_TREDS","Before commencing business","Authorisation","Compliance","RBI","Payment and Settlement Systems Act 2007; RBI Guidelines for TReDS 2018","Knowledge-based"
"FIN-121","TReDS operational reporting","Periodic reporting and settlement compliance","Recurring-Quarterly","PAY_TREDS","Quarterly","Returns","Operations","RBI","RBI TReDS Guidelines 2018","Needs manual check"
"FIN-122","Account Aggregator NBFC-AA registration","Hold CoR as NBFC-AA; maintain NOF and technology standards","One-Time/Registration","PAY_AA","Before commencing business","CoR","Compliance","RBI","Master Direction NBFC-Account Aggregator (Reserve Bank) Directions 2016","Knowledge-based"
"FIN-123","AA consent and data security","Follow consent architecture and data protection","Continuous/Ongoing","PAY_AA","Continuous","Consent artefacts","IT/InfoSec","RBI","NBFC-AA Master Direction 2016","Knowledge-based"
"FIN-124","Payment system operator returns","Submit prescribed returns to RBI Department of Payment and Settlement Systems","Recurring-Monthly","PAY_PA,PAY_PPI,PAY_TREDS","Monthly/Quarterly","Payment system returns","Compliance","RBI","Payment and Settlement Systems Act 2007","Knowledge-based"
"FIN-125","Prevention of Money Laundering registration of principal officer","Appoint Principal Officer and Designated Director and register with FIU-IND","One-Time/Registration","PMLA_RE","On becoming reporting entity","FINnet registration","Compliance","FIU-IND","PMLA 2002; PML (Maintenance of Records) Rules 2005","Knowledge-based"
"FIN-126","Cash Transaction Report to FIU-IND","Report cash transactions above Rs 10 lakh by 15th of following month","Recurring-Monthly","PMLA_RE","By 15th of following month","CTR","Compliance","FIU-IND","PMLA 2002; PML Rules 2005 Rule 3","Search-confirmed"
"FIN-127","Suspicious Transaction Report","File STR within 7 working days of being satisfied of suspicion","Event-Based","PMLA_RE","Within 7 working days","STR","Compliance","FIU-IND","PMLA 2002; PML Rules 2005","Search-confirmed"
"FIN-128","Cross border wire transfer report","Report cross border wire transfers above Rs 5 lakh","Recurring-Monthly","PMLA_RE","By 15th of following month","CBWTR","Compliance","FIU-IND","PML Rules 2005","Knowledge-based"
"FIN-129","Non-profit organisation transaction report","Report receipts by NPOs above Rs 10 lakh","Recurring-Monthly","PMLA_RE","By 15th of following month","NTR","Compliance","FIU-IND","PML Rules 2005","Knowledge-based"
"FIN-130","KYC and CDD norms","Customer identification and due diligence per RBI Master Direction KYC 2016 as amended","Continuous/Ongoing","BANK_COMM,BANK_SFB,NBFC,HFC,PAY_PPI,PAY_PA,MFI","Continuous; periodic KYC updation","KYC/CDD records","Compliance","RBI","Master Direction Know Your Customer 2016; PMLA 2002","Knowledge-based"
"FIN-131","CKYC upload to CKYCRR","Upload customer KYC records to Central KYC Registry","Event-Based","BANK_COMM,NBFC,SEC_BROKER,SEC_AMC,INS_LIFE","Within 10 days of account opening","CKYC upload","Operations","CERSAI","PML Rules 2005 Rule 9A","Knowledge-based"
"FIN-132","Record retention under PMLA","Maintain transaction records for 5 years","Continuous/Ongoing","PMLA_RE","Continuous","Records","Compliance","FIU-IND","PMLA 2002 Sec 12","Knowledge-based"
"FIN-133","Money laundering risk assessment","Conduct internal ML/TF risk assessment","Recurring-Annual","PMLA_RE","Annual","Risk assessment","Risk","FIU-IND","PMLA 2002","Needs manual check"
"FIN-134","FATCA/CRS Form 61B reporting","Reporting financial institutions file Form 61B by 31 May","Recurring-Annual","FATCA_RE","By 31 May","Form 61B","Compliance","CBDT","Income-tax Act 1961 Sec 285BA; Income-tax Rules Rule 114F-114H","Knowledge-based"
"FIN-135","FATCA/CRS due diligence and self-certification","Collect self-certification and classify accounts","Continuous/Ongoing","FATCA_RE","Continuous","Self-certification","Compliance","CBDT","Income-tax Rules 114F-114H","Knowledge-based"
"FIN-136","Statement of Financial Transactions","SFT reporting for specified financial transactions","Recurring-Annual","BANK_COMM,BANK_SFB,NBFC,SEC_AMC,INS_LIFE","By 31 May","Form 61A","Tax","CBDT","Income-tax Act 1961 Sec 285BA","Knowledge-based"
"FIN-137","TDS on interest and returns","Deduct TDS on interest and file quarterly TDS returns","Recurring-Quarterly","BANK_COMM,NBFC,SEC_AMC,INS_LIFE","Quarterly","Form 26Q/24Q","Tax","CBDT","Income-tax Act 1961; Income-tax Rules","Knowledge-based"
"FIN-138","Pension fund manager registration and audit","Register pension fund managers and comply with investment guidelines","Licence-Renewal","PENSION","Ongoing","PFRDA registration","Compliance","PFRDA","PFRDA Act 2013; PFRDA (Pension Fund) Regulations 2015","Knowledge-based"
"FIN-139","NPS Point of Presence registration","PoP registration and compliance with operational guidelines","Licence-Renewal","PENSION","Ongoing","PoP registration","Compliance","PFRDA","PFRDA (Point of Presence) Regulations 2018","Search-confirmed"
"FIN-140","Central Recordkeeping Agency compliance","CRA audit and subscriber servicing","Continuous/Ongoing","PENSION","Continuous","CRA report","Operations","PFRDA","PFRDA (Central Recordkeeping Agency) Regulations 2015","Needs manual check"
"FIN-141","NPS Trust and custodian reporting","Custodian regulations and reporting","Continuous/Ongoing","PENSION","Continuous","Custodian returns","Operations","PFRDA","PFRDA (Custodian of Securities) Regulations 2015","Needs manual check"
"FIN-142","Pension fund NAV and portfolio disclosure","Publish scheme NAV daily and portfolio periodically","Continuous/Ongoing","PENSION","Daily/Periodic","NAV","Operations","PFRDA","PFRDA (Pension Fund) Regulations 2015","Needs manual check"
"FIN-143","IFSC unit authorisation","Obtain authorisation/registration from IFSCA for units in GIFT City","One-Time/Registration","IFSC","Before commencing business","IFSCA authorisation","Compliance","IFSCA","IFSCA Act 2019","Knowledge-based"
"FIN-144","IFSC banking unit compliance","IBU compliance with IFSCA Banking Regulations","Continuous/Ongoing","IFSC,BANK_COMM","Continuous","IBU returns","Compliance","IFSCA","IFSCA (Banking) Regulations 2020","Knowledge-based"
"FIN-145","IFSC finance company compliance","Finance Company/ Finance Unit regulations compliance","Continuous/Ongoing","IFSC,NBFC","Continuous","Returns","Compliance","IFSCA","IFSCA (Finance Company) Regulations 2021","Needs manual check"
"FIN-146","IFSC capital market intermediary compliance","Capital market intermediaries in IFSC follow IFSCA regulations","Continuous/Ongoing","IFSC,SEC_BROKER","Continuous","Returns","Compliance","IFSCA","IFSCA (Capital Market Intermediaries) Regulations 2021","Needs manual check"
"FIN-147","IFSC fund management compliance","Fund Management Entities registration and compliance","Continuous/Ongoing","IFSC,SEC_AMC","Continuous","FME returns","Compliance","IFSCA","IFSCA (Fund Management) Regulations 2022","Needs manual check"
"FIN-148","IFSC insurance office compliance","IIO registration and compliance","Continuous/Ongoing","IFSC,INS_GEN,INS_LIFE","Continuous","Returns","Compliance","IFSCA","IFSCA (Registration and Operations of IIO) Regulations 2021","Needs manual check"
"FIN-149","IFSC SEZ unit compliance","GIFT City SEZ unit approvals and annual reports","Recurring-Annual","IFSC","Annual","Annual performance report","Compliance","Development Commissioner SEZ","SEZ Act 2005","Needs manual check"
"FIN-150","Chit fund registration","Register chit fund with State Registrar","One-Time/Registration","CHIT","Before commencing chit","Chit registration","Compliance","State Registrar of Chits","Chit Funds Act 1982","Knowledge-based"
"FIN-151","Chit fund annual returns and accounts","File annual returns and accounts","Recurring-Annual","CHIT","Annual","Returns","Finance","State Registrar of Chits","Chit Funds Act 1982","Knowledge-based"
"FIN-152","Chit foreman deposit","Foreman deposits security as prescribed by state","Event-Based","CHIT","On commencement","Deposit","Finance","State Registrar of Chits","Chit Funds Act 1982 Sec 20","Needs manual check"
"FIN-153","Nidhi declaration application","Public company applies to be declared as Nidhi","One-Time/Registration","NIDHI","Within 120 days of incorporation","Form NDH-4","Secretarial","Ministry of Corporate Affairs","Nidhi Rules 2014; Companies Act 2013 Sec 406","Search-confirmed"
"FIN-154","Nidhi return of statutory compliances","Return of compliance within 90 days of first financial year","One-Time/Registration","NIDHI","Within 90 days of first FY","Form NDH-1","Secretarial","Ministry of Corporate Affairs","Nidhi Rules 2014","Search-confirmed"
"FIN-155","Nidhi half-yearly return","Half-yearly return within 30 days of half-year end","Recurring-Quarterly","NIDHI","Within 30 days of half-year","Form NDH-3","Secretarial","Ministry of Corporate Affairs","Nidhi Rules 2014","Search-confirmed"
"FIN-156","Nidhi auditor certificate and NOF","Auditor certifies compliance annually; maintain NOF Rs 20 lakh","Recurring-Annual","NIDHI","Annual","Auditor certificate","Audit","Ministry of Corporate Affairs","Nidhi Rules 2014","Search-confirmed"
"FIN-157","Authorised dealer category licence","AD-I banks, AD-II and AD-III authorisation from RBI","Licence-Renewal","FOREX_AD","Ongoing","AD licence","Compliance","RBI","FEMA 1999","Knowledge-based"
"FIN-158","Full Fledged Money Changer licence","FFMC authorisation and renewal","Licence-Renewal","FOREX_FFMC","As per validity","FFMC licence","Compliance","RBI","FEMA 1999; Master Direction Money Changing Activities 2015","Knowledge-based"
"FIN-159","FFMC returns and audit","Submit periodic returns and annual audit report","Recurring-Annual","FOREX_FFMC","Quarterly/Annual","Returns and auditor certificate","Compliance","RBI","Master Direction Money Changing Activities 2015","Needs manual check"
"FIN-160","Foreign Investment reporting FC-GPR FC-TRS","Report foreign investment on FIRMS portal","Event-Based","FOREX_AD,BANK_COMM","Within 30 days of event","FC-GPR, FC-TRS","Forex","RBI","FEMA (Non-debt Instruments) Rules 2019","Knowledge-based"
"FIN-161","Annual Return on Foreign Liabilities and Assets","FLA return by 15 July","Recurring-Annual","LISTED","By 15 July","FLA return","Finance","RBI","FEMA 1999","Knowledge-based"
