"name","entity_type","ownership","state_region","sector","sub_sector","listing","ticker_or_cin","hq","verification","source_note"
"SASTRA University","Trust/Society","Trust/Society","Tamil Nadu","Education","Deemed University","Unlisted","","Thanjavur, Tamil Nadu","Knowledge-based","well-known deemed university"
"Bennett University","Private Limited","Private (Indian)","Uttar Pradesh","Education","Private University","Unlisted","","Greater Noida, Uttar Pradesh","Knowledge-based","Times Group-promoted university"
"Shoolini University of Biotechnology and Management Sciences","Trust/Society","Trust/Society","Himachal Pradesh","Education","Private University","Unlisted","","Solan, Himachal Pradesh","Knowledge-based","well-known private university"
"Presidency University Bengaluru","Trust/Society","Trust/Society","Karnataka","Education","Private University","Unlisted","","Bengaluru, Karnataka","Knowledge-based","well-known private university"
"Jain University","Trust/Society","Trust/Society","Karnataka","Education","Deemed University","Unlisted","","Bengaluru, Karnataka","Knowledge-based","well-known deemed university"
"REVA University","Trust/Society","Trust/Society","Karnataka","Education","Private University","Unlisted","","Bengaluru, Karnataka","Knowledge-based","well-known private university"
"CMR University","Trust/Society","Trust/Society","Karnataka","Education","Private University","Unlisted","","Bengaluru, Karnataka","Knowledge-based","well-known private university"
"Alliance University","Trust/Society","Trust/Society","Karnataka","Education","Private University","Unlisted","","Bengaluru, Karnataka","Knowledge-based","well-known private university"
"Ramaiah University of Applied Sciences","Trust/Society","Trust/Society","Karnataka","Education","Private University","Unlisted","","Bengaluru, Karnataka","Knowledge-based","well-known Gokula Education Foundation university"
"GD Goenka University","Private Limited","Private (Indian)","Haryana","Education","Private University","Unlisted","","Gurugram, Haryana","Knowledge-based","well-known private university"
"Sharda University","Trust/Society","Trust/Society","Uttar Pradesh","Education","Private University","Unlisted","","Greater Noida, Uttar Pradesh","Knowledge-based","well-known private university"
"Galgotias University","Trust/Society","Trust/Society","Uttar Pradesh","Education","Private University","Unlisted","","Greater Noida, Uttar Pradesh","Knowledge-based","well-known private university"
"KL University (Koneru Lakshmaiah Education Foundation)","Trust/Society","Trust/Society","Andhra Pradesh","Education","Deemed University","Unlisted","","Vijayawada/Guntur, Andhra Pradesh","Knowledge-based","well-known deemed university"
"GITAM (Gandhi Institute of Technology and Management)","Trust/Society","Trust/Society","Andhra Pradesh","Education","Deemed University","Unlisted","","Visakhapatnam, Andhra Pradesh","Knowledge-based","well-known deemed university"
"Vignan's Foundation for Science, Technology and Research","Trust/Society","Trust/Society","Andhra Pradesh","Education","Deemed University","Unlisted","","Guntur, Andhra Pradesh","Knowledge-based","well-known deemed university"
"Chandigarh University","Trust/Society","Trust/Society","Punjab","Education","Private University","Unlisted","","Gharuan, Mohali, Punjab","Knowledge-based","well-known private university"
"DIT University","Trust/Society","Trust/Society","Uttarakhand","Education","Private University","Unlisted","","Dehradun, Uttarakhand","Knowledge-based","well-known private university"
"Graphic Era University","Trust/Society","Trust/Society","Uttarakhand","Education","Private University","Unlisted","","Dehradun, Uttarakhand","Knowledge-based","well-known private university"
"University of Petroleum and Energy Studies (UPES)","Trust/Society","Trust/Society","Uttarakhand","Education","Private University","Unlisted","","Dehradun, Uttarakhand","Knowledge-based","well-known private university"
"Parul University","Trust/Society","Trust/Society","Gujarat","Education","Private University","Unlisted","","Vadodara, Gujarat","Knowledge-based","well-known private university"
"Marwadi University","Trust/Society","Trust/Society","Gujarat","Education","Private University","Unlisted","","Rajkot, Gujarat","Knowledge-based","well-known private university"
"Nirma University","Trust/Society","Trust/Society","Gujarat","Education","Deemed University","Unlisted","","Ahmedabad, Gujarat","Knowledge-based","well-known deemed university"
"Ganpat University","Trust/Society","Trust/Society","Gujarat","Education","Private University","Unlisted","","Mehsana, Gujarat","Knowledge-based","well-known private university"
"CEPT University","Trust/Society","Trust/Society","Gujarat","Education","Private University","Unlisted","","Ahmedabad, Gujarat","Knowledge-based","well-known design/planning university"
"Pandit Deendayal Energy University","Statutory Corporation","State PSU","Gujarat","Education","State University","Unlisted","","Gandhinagar, Gujarat","Knowledge-based","Gujarat state university"
"MIT World Peace University","Trust/Society","Trust/Society","Maharashtra","Education","Private University","Unlisted","","Pune, Maharashtra","Knowledge-based","well-known private university (MAEER's MIT group)"
"Bharati Vidyapeeth","Trust/Society","Trust/Society","Maharashtra","Education","Deemed University","Unlisted","","Pune, Maharashtra","Knowledge-based","well-known deemed university"
"D.Y. Patil University","Trust/Society","Trust/Society","Maharashtra","Education","Deemed University","Unlisted","","Navi Mumbai/Pune, Maharashtra","Knowledge-based","well-known deemed university group"
"MIT Art, Design and Technology University","Trust/Society","Trust/Society","Maharashtra","Education","Private University","Unlisted","","Pune, Maharashtra","Knowledge-based","well-known private university"
"SP Jain School of Global Management","Private Limited","Private (Indian)","Maharashtra","Education","Business School","Unlisted","","Mumbai, Maharashtra","Knowledge-based","well-known b-school"
"Somaiya Vidyavihar University","Trust/Society","Trust/Society","Maharashtra","Education","Private University","Unlisted","","Mumbai, Maharashtra","Knowledge-based","well-known private university"
"Manav Rachna University","Trust/Society","Trust/Society","Haryana","Education","Private University","Unlisted","","Faridabad, Haryana","Knowledge-based","well-known private university"
"Jaypee Institute of Information Technology","Trust/Society","Trust/Society","Uttar Pradesh","Education","Deemed University","Unlisted","","Noida, Uttar Pradesh","Knowledge-based","well-known deemed university"
"Teerthanker Mahaveer University","Trust/Society","Trust/Society","Uttar Pradesh","Education","Private University","Unlisted","","Moradabad, Uttar Pradesh","Knowledge-based","well-known private university"
"Integral University","Trust/Society","Trust/Society","Uttar Pradesh","Education","Private University","Unlisted","","Lucknow, Uttar Pradesh","Knowledge-based","well-known private university"
"Era University","Trust/Society","Trust/Society","Uttar Pradesh","Education","Private University","Unlisted","","Lucknow, Uttar Pradesh","Knowledge-based","well-known private university"
"King George's Medical University","Statutory Corporation","State PSU","Uttar Pradesh","Education","State Medical University","Unlisted","","Lucknow, Uttar Pradesh","Knowledge-based","well-known state medical university"
"Dr. Ram Manohar Lohia National Law University","Statutory Corporation","State PSU","Uttar Pradesh","Education","National Law University","Unlisted","","Lucknow, Uttar Pradesh","Knowledge-based","well-known national law university"
"Panjab University","Statutory Corporation","State PSU","Chandigarh","Education","State University","Unlisted","","Chandigarh","Knowledge-based","well-known state university"
"Thapar Institute of Engineering and Technology","Trust/Society","Trust/Society","Punjab","Education","Deemed University","Unlisted","","Patiala, Punjab","Knowledge-based","well-known deemed university"
"Chandigarh Group of Colleges","Trust/Society","Trust/Society","Punjab","Education","Private College Group","Unlisted","","Landran, Mohali, Punjab","Knowledge-based","well-known private college group"
"Guru Nanak Dev University","Statutory Corporation","State PSU","Punjab","Education","State University","Unlisted","","Amritsar, Punjab","Knowledge-based","well-known state university"
"Siksha 'O' Anusandhan (SOA University)","Trust/Society","Trust/Society","Odisha","Education","Deemed University","Unlisted","","Bhubaneswar, Odisha","Knowledge-based","well-known deemed university"
"Centurion University of Technology and Management","Trust/Society","Trust/Society","Odisha","Education","Private University","Unlisted","","Bhubaneswar/Paralakhemundi, Odisha","Knowledge-based","well-known private university"
"Xavier University Bhubaneswar (XIM University)","Trust/Society","Trust/Society","Odisha","Education","Private University","Unlisted","","Bhubaneswar, Odisha","Knowledge-based","well-known private university"
"ICFAI Foundation for Higher Education","Trust/Society","Trust/Society","Telangana","Education","Deemed University","Unlisted","","Hyderabad, Telangana","Knowledge-based","well-known deemed university group"
"Woxsen University","Trust/Society","Trust/Society","Telangana","Education","Private University","Unlisted","","Hyderabad, Telangana","Knowledge-based","well-known private university"
"Mahindra University","Trust/Society","Trust/Society","Telangana","Education","Private University","Unlisted","","Hyderabad, Telangana","Knowledge-based","Mahindra Group-promoted university"
"Anurag University","Trust/Society","Trust/Society","Telangana","Education","Private University","Unlisted","","Hyderabad, Telangana","Knowledge-based","well-known private university"
"Sri Sathya Sai Institute of Higher Learning","Trust/Society","Trust/Society","Andhra Pradesh","Education","Deemed University","Unlisted","","Prasanthi Nilayam, Andhra Pradesh","Knowledge-based","well-known deemed university"
"Hindustan Institute of Technology and Science","Trust/Society","Trust/Society","Tamil Nadu","Education","Deemed University","Unlisted","","Chennai, Tamil Nadu","Knowledge-based","well-known deemed university"
"Sathyabama Institute of Science and Technology","Trust/Society","Trust/Society","Tamil Nadu","Education","Deemed University","Unlisted","","Chennai, Tamil Nadu","Knowledge-based","well-known deemed university"
"Saveetha Institute of Medical and Technical Sciences","Trust/Society","Trust/Society","Tamil Nadu","Education","Deemed University","Unlisted","","Chennai, Tamil Nadu","Knowledge-based","well-known deemed university"
"Bharath Institute of Higher Education and Research","Trust/Society","Trust/Society","Tamil Nadu","Education","Deemed University","Unlisted","","Chennai, Tamil Nadu","Knowledge-based","well-known deemed university"
"PSG College of Technology","Trust/Society","Trust/Society","Tamil Nadu","Education","Autonomous College","Unlisted","","Coimbatore, Tamil Nadu","Knowledge-based","well-known autonomous engineering college"
"Kumaraguru College of Technology","Trust/Society","Trust/Society","Tamil Nadu","Education","Autonomous College","Unlisted","","Coimbatore, Tamil Nadu","Knowledge-based","well-known autonomous engineering college"
"Karunya Institute of Technology and Sciences","Trust/Society","Trust/Society","Tamil Nadu","Education","Deemed University","Unlisted","","Coimbatore, Tamil Nadu","Knowledge-based","well-known deemed university"
"Alva's Education Foundation","Trust/Society","Trust/Society","Karnataka","Education","Private College Group","Unlisted","","Mangaluru, Karnataka","Knowledge-based","well-known education trust"
"Nitte Education Trust","Trust/Society","Trust/Society","Karnataka","Education","Deemed University Trust","Unlisted","","Mangaluru, Karnataka","Knowledge-based","well-known deemed university trust (NITTE)"
"BMS Educational Trust","Trust/Society","Trust/Society","Karnataka","Education","Private College Group","Unlisted","","Bengaluru, Karnataka","Knowledge-based","well-known engineering college trust"
"Dayananda Sagar Institutions","Trust/Society","Trust/Society","Karnataka","Education","Private College Group","Unlisted","","Bengaluru, Karnataka","Knowledge-based","well-known private college group"
"New Horizon Educational Institutions","Trust/Society","Trust/Society","Karnataka","Education","Private College Group","Unlisted","","Bengaluru, Karnataka","Knowledge-based","well-known private college group"
"PES University","Trust/Society","Trust/Society","Karnataka","Education","Private University","Unlisted","","Bengaluru, Karnataka","Knowledge-based","well-known private university"
"RV Educational Institutions","Trust/Society","Trust/Society","Karnataka","Education","Private College Group","Unlisted","","Bengaluru, Karnataka","Knowledge-based","well-known private college group (RV College of Engineering)"
"Resonance Eduventures Limited","Private Limited","Private (Indian)","Rajasthan","Education","Coaching","Unlisted","","Kota, Rajasthan","Knowledge-based","well-known JEE/NEET coaching institute"
"Vidyamandir Classes","Partnership Firm","Private (Indian)","Delhi","Education","Coaching","Unlisted","","Delhi","Knowledge-based","well-known JEE coaching institute"
"Bansal Classes Private Limited","Private Limited","Private (Indian)","Rajasthan","Education","Coaching","Unlisted","","Kota, Rajasthan","Knowledge-based","well-known JEE/NEET coaching institute"
"Motion Education Private Limited","Private Limited","Private (Indian)","Rajasthan","Education","Coaching","Unlisted","","Kota, Rajasthan","Knowledge-based","well-known JEE/NEET coaching institute"
"Vedantu Innovations Private Limited","Private Limited","Private (Indian)","Karnataka","Education","Ed-tech","Unlisted","","Bengaluru, Karnataka","Knowledge-based","well-known ed-tech company"
"Sorting Hall Technologies Private Limited (Unacademy)","Private Limited","Private (Indian)","Karnataka","Education","Ed-tech","Unlisted","","Bengaluru, Karnataka","Knowledge-based","well-known ed-tech company (Unacademy)"
"Think and Learn Private Limited (BYJU'S)","Private Limited","Private (Indian)","Karnataka","Education","Ed-tech","Unlisted","","Bengaluru, Karnataka","Knowledge-based","well-known ed-tech company (BYJU'S)"
"upGrad Education Private Limited","Private Limited","Private (Indian)","Maharashtra","Education","Ed-tech","Unlisted","","Mumbai, Maharashtra","Knowledge-based","well-known ed-tech company"
"Testbook Edu Solutions Private Limited","Private Limited","Private (Indian)","Haryana","Education","Ed-tech","Unlisted","","Gurugram, Haryana","Knowledge-based","well-known ed-tech/test prep company"
"Made Easy Publications","Partnership Firm","Private (Indian)","Delhi","Education","Coaching","Unlisted","","Delhi","Knowledge-based","well-known engineering (GATE/ESE) coaching institute"
"IMS Learning Resources Private Limited","Private Limited","Private (Indian)","Maharashtra","Education","Coaching","Unlisted","","Mumbai, Maharashtra","Knowledge-based","well-known MBA entrance coaching institute"
"Triumphant Institute of Management Education (T.I.M.E.)","Private Limited","Private (Indian)","Telangana","Education","Coaching","Unlisted","","Hyderabad, Telangana","Knowledge-based","well-known MBA/bank exam coaching institute"
"CL Educate Limited (Career Launcher)","Public Limited","Private (Indian)","Delhi","Education","Coaching","Listed-BSE","CLEDUCATE","Delhi","Knowledge-based","listed education/coaching company"
"Sri Gayatri Educational Institutions","Trust/Society","Trust/Society","Telangana","Education","Coaching","Unlisted","","Hyderabad, Telangana","Knowledge-based","well-known coaching institute chain"
"DAV College Managing Committee","Trust/Society","Trust/Society","Pan-India","Education","School Chain","Unlisted","","Delhi","Knowledge-based","well-known school management trust (DAV schools)"
"Kendriya Vidyalaya Sangathan","Statutory Corporation","Central PSU","Pan-India","Education","Central Government School System","Unlisted","","Delhi","Knowledge-based","central govt school society"
"Navodaya Vidyalaya Samiti","Statutory Corporation","Central PSU","Pan-India","Education","Central Government School System","Unlisted","","Delhi","Knowledge-based","central govt school society"
"Bal Bharati Public School Society","Trust/Society","Trust/Society","Delhi","Education","School Chain","Unlisted","","Delhi","Knowledge-based","well-known school society"
"Zee Learn Limited (Mount Litera Zee School)","Public Limited","Private (Indian)","Maharashtra","Education","School Chain","Listed-NSE+BSE","ZEELEARN","Mumbai, Maharashtra","Knowledge-based","listed education company"
"Global Schools Foundation (Global Indian International School)","Trust/Society","Trust/Society","Maharashtra","Education","School Chain","Unlisted","","Mumbai, Maharashtra","Knowledge-based","well-known international school chain (GIIS)"
"Genesis Global School","Private Limited","Private (Indian)","Uttar Pradesh","Education","School","Unlisted","","Noida, Uttar Pradesh","Knowledge-based","well-known international school"
"Witty International School (Billabong High)","Private Limited","Private (Indian)","Maharashtra","Education","School Chain","Unlisted","","Mumbai, Maharashtra","Knowledge-based","well-known school chain"
"EuroSchool (Kirloskar Group)","Private Limited","Private (Indian)","Maharashtra","Education","School Chain","Unlisted","","Pune, Maharashtra","Knowledge-based","well-known school chain promoted by Kirloskar Group"
"Vibgyor High Schools (Ampersand Group)","Private Limited","Private (Indian)","Maharashtra","Education","School Chain","Unlisted","","Mumbai, Maharashtra","Knowledge-based","well-known school chain"
"Ecole Mondiale World School","Trust/Society","Trust/Society","Maharashtra","Education","School","Unlisted","","Mumbai, Maharashtra","Knowledge-based","well-known international school"
"JBCN International School","Private Limited","Private (Indian)","Maharashtra","Education","School Chain","Unlisted","","Mumbai, Maharashtra","Knowledge-based","well-known school chain"
"Nurturing Minds Education Society (Orchids The International School)","Trust/Society","Trust/Society","Karnataka","Education","School Chain","Unlisted","","Bengaluru, Karnataka","Knowledge-based","well-known school chain"
"National Public School Group","Trust/Society","Trust/Society","Karnataka","Education","School Chain","Unlisted","","Bengaluru, Karnataka","Knowledge-based","well-known school chain"
"The Scindia School","Trust/Society","Trust/Society","Madhya Pradesh","Education","School","Unlisted","","Gwalior, Madhya Pradesh","Knowledge-based","well-known heritage boarding school"
"Mayo College","Trust/Society","Trust/Society","Rajasthan","Education","School","Unlisted","","Ajmer, Rajasthan","Knowledge-based","well-known heritage boarding school"
"Welham Girls' School","Trust/Society","Trust/Society","Uttarakhand","Education","School","Unlisted","","Dehradun, Uttarakhand","Knowledge-based","well-known boarding school"
"Woodstock School","Trust/Society","Trust/Society","Uttarakhand","Education","School","Unlisted","","Mussoorie, Uttarakhand","Knowledge-based","well-known international boarding school"
"Sherwood College","Trust/Society","Trust/Society","Uttarakhand","Education","School","Unlisted","","Nainital, Uttarakhand","Knowledge-based","well-known boarding school"
"Bishop Cotton School","Trust/Society","Trust/Society","Himachal Pradesh","Education","School","Unlisted","","Shimla, Himachal Pradesh","Knowledge-based","well-known boarding school"
"La Martiniere Schools","Trust/Society","Trust/Society","West Bengal; Uttar Pradesh","Education","School","Unlisted","","Kolkata, West Bengal / Lucknow, Uttar Pradesh","Knowledge-based","well-known heritage schools"
"Yashoda Hospitals","Private Limited","Private (Indian)","Telangana","Healthcare","Hospitals","Unlisted","","Hyderabad, Telangana","Knowledge-based","well-known hospital chain"
"Continental Hospitals","Private Limited","Private (Indian)","Telangana","Healthcare","Hospitals","Unlisted","","Hyderabad, Telangana","Knowledge-based","well-known hospital"
"CARE Hospitals (Quality Care India Limited)","Private Limited","Private (Indian)","Telangana","Healthcare","Hospitals","Unlisted","","Hyderabad, Telangana","Knowledge-based","well-known hospital chain, part of Evercare Group"
"Sunshine Hospitals","Private Limited","Private (Indian)","Telangana","Healthcare","Hospitals","Unlisted","","Hyderabad, Telangana","Knowledge-based","well-known hospital chain"
"Sri Ramachandra Medical Centre","Trust/Society","Trust/Society","Tamil Nadu","Healthcare","Hospitals","Unlisted","","Chennai, Tamil Nadu","Knowledge-based","well-known university hospital"
"Kauvery Hospital","Private Limited","Private (Indian)","Tamil Nadu","Healthcare","Hospitals","Unlisted","","Chennai/Trichy, Tamil Nadu","Knowledge-based","well-known hospital chain"
"MIOT International","Private Limited","Private (Indian)","Tamil Nadu","Healthcare","Hospitals","Unlisted","","Chennai, Tamil Nadu","Knowledge-based","well-known hospital"
"Global Hospitals Group","Private Limited","Private (Indian)","Tamil Nadu; Telangana; Maharashtra","Healthcare","Hospitals","Unlisted","","Chennai, Tamil Nadu","Knowledge-based","well-known multi-city hospital chain"
"SIMS Hospital (Shanmuga Institute of Medical Science)","Private Limited","Private (Indian)","Tamil Nadu","Healthcare","Hospitals","Unlisted","","Chennai, Tamil Nadu","Knowledge-based","well-known hospital"
"Vijaya Health Centre","Private Limited","Private (Indian)","Tamil Nadu","Healthcare","Hospitals","Unlisted","","Chennai, Tamil Nadu","Knowledge-based","well-known hospital"
"Billroth Hospitals","Private Limited","Private (Indian)","Tamil Nadu","Healthcare","Hospitals","Unlisted","","Chennai, Tamil Nadu","Knowledge-based","well-known hospital"
"Meenakshi Mission Hospital and Research Centre","Trust/Society","Trust/Society","Tamil Nadu","Healthcare","Hospitals","Unlisted","","Madurai, Tamil Nadu","Knowledge-based","well-known hospital trust"
"PSG Hospitals","Trust/Society","Trust/Society","Tamil Nadu","Healthcare","Hospitals","Unlisted","","Coimbatore, Tamil Nadu","Knowledge-based","well-known hospital trust"
"Kovai Medical Center and Hospital (KMCH)","Private Limited","Private (Indian)","Tamil Nadu","Healthcare","Hospitals","Unlisted","","Coimbatore, Tamil Nadu","Knowledge-based","well-known hospital"
"Ganga Hospital","Private Limited","Private (Indian)","Tamil Nadu","Healthcare","Hospitals","Unlisted","","Coimbatore, Tamil Nadu","Knowledge-based","well-known orthopaedic/trauma hospital"
"Sankara Nethralaya","Trust/Society","Trust/Society","Tamil Nadu","Healthcare","Eye Care Hospitals","Unlisted","","Chennai, Tamil Nadu","Knowledge-based","well-known eye hospital"
"Vasan Health Care Private Limited (Vasan Eye Care)","Private Limited","Private (Indian)","Tamil Nadu","Healthcare","Eye Care Hospitals","Unlisted","","Chennai, Tamil Nadu","Knowledge-based","well-known eye care chain"
"Dr Agarwal's Health Care Limited","Public Limited","Private (Indian)","Tamil Nadu","Healthcare","Eye Care Hospitals","Listed-NSE+BSE","AGARWALEYE","Chennai, Tamil Nadu","Search-confirmed","listed eye-care hospital chain, IPO 2024"
"Centre for Sight (Center for Sight Eye Hospital)","Private Limited","Private (Indian)","Delhi","Healthcare","Eye Care Hospitals","Unlisted","","Delhi","Knowledge-based","well-known eye care chain"
"Vikram Hospital","Private Limited","Private (Indian)","Karnataka","Healthcare","Hospitals","Unlisted","","Bengaluru/Mysuru, Karnataka","Knowledge-based","well-known hospital chain"
"Sakra World Hospital","Private Limited","Private (Indian)","Karnataka","Healthcare","Hospitals","Unlisted","","Bengaluru, Karnataka","Knowledge-based","well-known hospital"
"People Tree Hospitals","Private Limited","Private (Indian)","Karnataka","Healthcare","Hospitals","Unlisted","","Bengaluru, Karnataka","Knowledge-based","well-known hospital"
"Sparsh Hospital","Private Limited","Private (Indian)","Karnataka","Healthcare","Hospitals","Unlisted","","Bengaluru, Karnataka","Knowledge-based","well-known hospital chain"
"Gleneagles Global Health City","Private Limited","MNC Subsidiary","Karnataka; Tamil Nadu; Telangana; Maharashtra","Healthcare","Hospitals","Unlisted","","Bengaluru, Karnataka","Knowledge-based","well-known multi-city hospital chain (IHH Healthcare)"
"Cytecare Cancer Hospitals","Private Limited","Private (Indian)","Karnataka","Healthcare","Cancer Hospitals","Unlisted","","Bengaluru, Karnataka","Knowledge-based","well-known oncology hospital"
"Wockhardt Hospitals Limited","Private Limited","Private (Indian)","Maharashtra","Healthcare","Hospitals","Unlisted","","Mumbai, Maharashtra","Knowledge-based","well-known hospital chain"
"Breach Candy Hospital Trust","Trust/Society","Trust/Society","Maharashtra","Healthcare","Hospitals","Unlisted","","Mumbai, Maharashtra","Knowledge-based","well-known hospital trust"
"P.D. Hinduja Hospital and Medical Research Centre","Trust/Society","Trust/Society","Maharashtra","Healthcare","Hospitals","Unlisted","","Mumbai, Maharashtra","Knowledge-based","well-known hospital trust"
"Jaslok Hospital and Research Centre","Trust/Society","Trust/Society","Maharashtra","Healthcare","Hospitals","Unlisted","","Mumbai, Maharashtra","Knowledge-based","well-known hospital trust"
"Lilavati Hospital and Research Centre","Trust/Society","Trust/Society","Maharashtra","Healthcare","Hospitals","Unlisted","","Mumbai, Maharashtra","Knowledge-based","well-known hospital trust"
"Kokilaben Dhirubhai Ambani Hospital","Trust/Society","Trust/Society","Maharashtra","Healthcare","Hospitals","Unlisted","","Mumbai, Maharashtra","Knowledge-based","well-known hospital, Reliance Group-promoted"
"Nanavati Super Speciality Hospital","Trust/Society","Trust/Society","Maharashtra","Healthcare","Hospitals","Unlisted","","Mumbai, Maharashtra","Knowledge-based","well-known hospital trust"
"Bombay Hospital and Medical Research Centre","Trust/Society","Trust/Society","Maharashtra","Healthcare","Hospitals","Unlisted","","Mumbai, Maharashtra","Knowledge-based","well-known hospital trust"
"Saifee Hospital","Trust/Society","Trust/Society","Maharashtra","Healthcare","Hospitals","Unlisted","","Mumbai, Maharashtra","Knowledge-based","well-known hospital trust"
"Batra Hospital and Medical Research Centre","Trust/Society","Trust/Society","Delhi","Healthcare","Hospitals","Unlisted","","Delhi","Knowledge-based","well-known hospital trust"
"BLK-Max Super Speciality Hospital","Private Limited","Private (Indian)","Delhi","Healthcare","Hospitals","Unlisted","","Delhi","Knowledge-based","well-known hospital, part of Max Healthcare"
"Moolchand Hospital","Trust/Society","Trust/Society","Delhi","Healthcare","Hospitals","Unlisted","","Delhi","Knowledge-based","well-known hospital trust"
"Rockland Hospitals","Private Limited","Private (Indian)","Delhi","Healthcare","Hospitals","Unlisted","","Delhi","Knowledge-based","well-known hospital chain"
"Artemis Hospital","Private Limited","Private (Indian)","Haryana","Healthcare","Hospitals","Unlisted","","Gurugram, Haryana","Knowledge-based","well-known hospital"
"Paras Healthcare","Private Limited","Private (Indian)","Haryana; Punjab","Healthcare","Hospitals","Unlisted","","Gurugram, Haryana","Knowledge-based","well-known hospital chain"
"Asian Institute of Medical Sciences","Private Limited","Private (Indian)","Haryana","Healthcare","Hospitals","Unlisted","","Faridabad, Haryana","Knowledge-based","well-known hospital"
"Metro Group of Hospitals and Heart Institute","Private Limited","Private (Indian)","Haryana; Uttar Pradesh","Healthcare","Hospitals","Unlisted","","Faridabad, Haryana","Knowledge-based","well-known hospital chain"
"Yatharth Hospital and Trauma Care Services Limited","Public Limited","Private (Indian)","Uttar Pradesh","Healthcare","Hospitals","Listed-NSE+BSE","YATHARTH","Noida, Uttar Pradesh","Search-confirmed","listed hospital chain, IPO 2023"
"Felix Hospital","Private Limited","Private (Indian)","Uttar Pradesh","Healthcare","Hospitals","Unlisted","","Noida, Uttar Pradesh","Knowledge-based","well-known hospital"
"Kailash Hospital","Private Limited","Private (Indian)","Uttar Pradesh","Healthcare","Hospitals","Unlisted","","Noida, Uttar Pradesh","Knowledge-based","well-known hospital chain"
"Jaypee Hospital","Private Limited","Private (Indian)","Uttar Pradesh","Healthcare","Hospitals","Unlisted","","Noida, Uttar Pradesh","Knowledge-based","well-known hospital"
"Marengo Asia Hospitals","Private Limited","Private (Indian)","Haryana; Uttar Pradesh; Punjab","Healthcare","Hospitals","Unlisted","","Faridabad, Haryana","Knowledge-based","well-known hospital chain, formerly Asian Hospitals/CK Birla Healthcare"
"Eternal Hospital (Eternal Heart Care Centre and Research Institute)","Private Limited","Private (Indian)","Rajasthan","Healthcare","Hospitals","Unlisted","","Jaipur, Rajasthan","Knowledge-based","well-known cardiac hospital"
"Santokba Durlabhji Memorial Hospital","Trust/Society","Trust/Society","Rajasthan","Healthcare","Hospitals","Unlisted","","Jaipur, Rajasthan","Knowledge-based","well-known hospital trust"
"Bhagwan Mahaveer Cancer Hospital and Research Centre","Trust/Society","Trust/Society","Rajasthan","Healthcare","Cancer Hospitals","Unlisted","","Jaipur, Rajasthan","Knowledge-based","well-known cancer hospital"
"Ruby Hall Clinic","Trust/Society","Trust/Society","Maharashtra","Healthcare","Hospitals","Unlisted","","Pune, Maharashtra","Knowledge-based","well-known hospital trust"
"Sahyadri Hospitals","Private Limited","Private (Indian)","Maharashtra","Healthcare","Hospitals","Unlisted","","Pune, Maharashtra","Knowledge-based","well-known hospital chain"
"Deenanath Mangeshkar Hospital and Research Centre","Trust/Society","Trust/Society","Maharashtra","Healthcare","Hospitals","Unlisted","","Pune, Maharashtra","Knowledge-based","well-known hospital trust"
"Jehangir Hospital","Private Limited","Private (Indian)","Maharashtra","Healthcare","Hospitals","Unlisted","","Pune, Maharashtra","Knowledge-based","well-known hospital"
"Noble Hospital","Private Limited","Private (Indian)","Maharashtra","Healthcare","Hospitals","Unlisted","","Pune, Maharashtra","Knowledge-based","well-known hospital"
"Aditya Birla Memorial Hospital","Private Limited","Private (Indian)","Maharashtra","Healthcare","Hospitals","Unlisted","","Pune, Maharashtra","Knowledge-based","Aditya Birla Group-promoted hospital"
"Inamdar Multispeciality Hospital","Private Limited","Private (Indian)","Maharashtra","Healthcare","Hospitals","Unlisted","","Pune, Maharashtra","Knowledge-based","well-known hospital"
"AMRI Hospitals","Private Limited","Private (Indian)","West Bengal","Healthcare","Hospitals","Unlisted","","Kolkata, West Bengal","Knowledge-based","well-known hospital chain"
"Peerless Hospital","Trust/Society","Trust/Society","West Bengal","Healthcare","Hospitals","Unlisted","","Kolkata, West Bengal","Knowledge-based","well-known hospital"
"Belle Vue Clinic","Private Limited","Private (Indian)","West Bengal","Healthcare","Hospitals","Unlisted","","Kolkata, West Bengal","Knowledge-based","well-known hospital"
"Woodlands Multispeciality Hospital","Private Limited","Private (Indian)","West Bengal","Healthcare","Hospitals","Unlisted","","Kolkata, West Bengal","Knowledge-based","well-known hospital"
"Desun Hospital and Heart Institute","Private Limited","Private (Indian)","West Bengal","Healthcare","Hospitals","Unlisted","","Kolkata, West Bengal","Knowledge-based","well-known hospital"
"ILS Hospitals","Private Limited","Private (Indian)","West Bengal","Healthcare","Hospitals","Unlisted","","Kolkata, West Bengal","Knowledge-based","well-known hospital chain"
"Medica Synergie (Medica Superspecialty Hospital)","Private Limited","Private (Indian)","West Bengal","Healthcare","Hospitals","Unlisted","","Kolkata, West Bengal","Knowledge-based","well-known hospital chain"
"Ruby General Hospital","Private Limited","Private (Indian)","West Bengal","Healthcare","Hospitals","Unlisted","","Kolkata, West Bengal","Knowledge-based","well-known hospital"
"Calcutta Medical Research Institute (CMRI)","Private Limited","Private (Indian)","West Bengal","Healthcare","Hospitals","Unlisted","","Kolkata, West Bengal","Knowledge-based","well-known hospital, part of Narayana Health"
"B M Birla Heart Research Centre","Trust/Society","Trust/Society","West Bengal","Healthcare","Cardiac Hospitals","Unlisted","","Kolkata, West Bengal","Knowledge-based","well-known cardiac hospital trust"
"Bengal Peerless Housing Development Company Limited","Private Limited","Joint Venture","West Bengal","Real Estate","Developer","Unlisted","","Kolkata, West Bengal","Knowledge-based","well-known JV real-estate developer (Peerless-Shapoorji Pallonji)"
"Dr. B. Lal Clinical Laboratory Private Limited","Private Limited","Private (Indian)","Rajasthan","Healthcare","Diagnostics","Unlisted","","Jaipur, Rajasthan","Knowledge-based","well-known diagnostic chain"
"Medall Healthcare Private Limited","Private Limited","Private (Indian)","Tamil Nadu","Healthcare","Diagnostics","Unlisted","","Chennai, Tamil Nadu","Knowledge-based","well-known diagnostic chain"
"Anand Diagnostic Laboratory","Private Limited","Private (Indian)","Karnataka","Healthcare","Diagnostics","Unlisted","","Bengaluru, Karnataka","Knowledge-based","well-known diagnostic lab chain"
"Oncquest Laboratories Limited","Private Limited","Private (Indian)","Delhi","Healthcare","Diagnostics","Unlisted","","Delhi","Knowledge-based","well-known pathology/oncology diagnostics chain"
"MedGenome Labs Limited","Private Limited","Private (Indian)","Karnataka","Healthcare","Genomic Diagnostics","Unlisted","","Bengaluru, Karnataka","Knowledge-based","well-known genomics diagnostics company"
"Nueclear Healthcare Limited","Public Limited","Private (Indian)","Maharashtra","Healthcare","Diagnostics (PET-CT)","Listed-BSE","NUECLEAR","Mumbai, Maharashtra","Search-confirmed","listed molecular imaging/PET-CT diagnostics chain"
"Core Diagnostics","Private Limited","Private (Indian)","Haryana","Healthcare","Diagnostics","Unlisted","","Gurugram, Haryana","Knowledge-based","well-known specialty diagnostics company"
"Motherhood Hospitals India Private Limited","Private Limited","Private (Indian)","Karnataka","Healthcare","Maternity Hospitals","Unlisted","","Bengaluru, Karnataka","Knowledge-based","well-known maternity hospital chain"
"Fernandez Hospital","Private Limited","Private (Indian)","Telangana","Healthcare","Maternity Hospitals","Unlisted","","Hyderabad, Telangana","Knowledge-based","well-known maternity hospital"
"Ankura Hospital for Women and Children","Private Limited","Private (Indian)","Telangana","Healthcare","Maternity Hospitals","Unlisted","","Hyderabad, Telangana","Knowledge-based","well-known maternity/paediatric hospital"
"Nova IVI Fertility Private Limited","Private Limited","Private (Indian)","Maharashtra","Healthcare","Fertility Clinics","Unlisted","","Mumbai, Maharashtra","Knowledge-based","well-known IVF/fertility chain"
"Indira IVF Hospital Private Limited","Private Limited","Private (Indian)","Rajasthan","Healthcare","Fertility Clinics","Unlisted","","Udaipur, Rajasthan","Knowledge-based","well-known IVF/fertility chain"
"Milann Fertility Centre","Private Limited","Private (Indian)","Karnataka","Healthcare","Fertility Clinics","Unlisted","","Bengaluru, Karnataka","Knowledge-based","well-known fertility clinic chain"
"Ferty9 Fertility Center","Private Limited","Private (Indian)","Telangana","Healthcare","Fertility Clinics","Unlisted","","Hyderabad, Telangana","Knowledge-based","well-known fertility clinic chain"
"BACC Healthcare Private Limited (Birla Fertility and IVF)","Private Limited","Private (Indian)","Pan-India","Healthcare","Fertility Clinics","Unlisted","","Mumbai, Maharashtra","Knowledge-based","well-known fertility clinic chain"
"Adarsh Developers","Private Limited","Private (Indian)","Karnataka","Real Estate","Developer","Unlisted","","Bengaluru, Karnataka","Knowledge-based","well-known Bengaluru developer"
"Vaswani Group","Private Limited","Private (Indian)","Karnataka","Real Estate","Developer","Unlisted","","Bengaluru, Karnataka","Knowledge-based","well-known Bengaluru developer"
"Concorde Group","Private Limited","Private (Indian)","Karnataka","Real Estate","Developer","Unlisted","","Bengaluru, Karnataka","Knowledge-based","well-known Bengaluru developer"
"Century Real Estate Holdings Private Limited","Private Limited","Private (Indian)","Karnataka","Real Estate","Developer","Unlisted","","Bengaluru, Karnataka","Knowledge-based","well-known Bengaluru developer"
"Assetz Property Group","Private Limited","Private (Indian)","Karnataka","Real Estate","Developer","Unlisted","","Bengaluru, Karnataka","Knowledge-based","well-known Bengaluru developer"
"SNN Builders and Developers","Private Limited","Private (Indian)","Karnataka","Real Estate","Developer","Unlisted","","Bengaluru, Karnataka","Knowledge-based","well-known Bengaluru developer"
"Sowparnika Projects and Infrastructure Private Limited","Private Limited","Private (Indian)","Karnataka","Real Estate","Developer","Unlisted","","Bengaluru, Karnataka","Knowledge-based","well-known Bengaluru developer"
"DivyaSree Developers Private Limited","Private Limited","Private (Indian)","Karnataka","Real Estate","Developer","Unlisted","","Bengaluru, Karnataka","Knowledge-based","well-known Bengaluru developer"
"Vajram Group","Private Limited","Private (Indian)","Karnataka","Real Estate","Developer","Unlisted","","Bengaluru, Karnataka","Knowledge-based","well-known Bengaluru developer"
"Bren Corporation","Private Limited","Private (Indian)","Karnataka","Real Estate","Developer","Unlisted","","Bengaluru, Karnataka","Knowledge-based","well-known Bengaluru developer"
"SJR Group","Private Limited","Private (Indian)","Karnataka","Real Estate","Developer","Unlisted","","Bengaluru, Karnataka","Knowledge-based","well-known Bengaluru developer"
"Mahaveer Group","Private Limited","Private (Indian)","Karnataka","Real Estate","Developer","Unlisted","","Bengaluru, Karnataka","Knowledge-based","well-known Bengaluru developer"
"Ozone Group","Private Limited","Private (Indian)","Karnataka","Real Estate","Developer","Unlisted","","Bengaluru, Karnataka","Knowledge-based","well-known Bengaluru developer"
"City Corporation Limited (Amanora Park Town)","Private Limited","Private (Indian)","Maharashtra","Real Estate","Developer","Unlisted","","Pune, Maharashtra","Knowledge-based","well-known Pune township developer"
"VTP Realty","Private Limited","Private (Indian)","Maharashtra","Real Estate","Developer","Unlisted","","Pune, Maharashtra","Knowledge-based","well-known Pune developer"
"Rohan Builders","Private Limited","Private (Indian)","Maharashtra","Real Estate","Developer","Unlisted","","Pune, Maharashtra","Knowledge-based","well-known Pune developer"
"Paranjape Schemes (Construction) Limited","Private Limited","Private (Indian)","Maharashtra","Real Estate","Developer","Unlisted","","Pune, Maharashtra","Knowledge-based","well-known Pune developer"
"Nyati Group","Private Limited","Private (Indian)","Maharashtra","Real Estate","Developer","Unlisted","","Pune, Maharashtra","Knowledge-based","well-known Pune developer"
"Vilas Javdekar Developers","Private Limited","Private (Indian)","Maharashtra","Real Estate","Developer","Unlisted","","Pune, Maharashtra","Knowledge-based","well-known Pune developer"
"Goel Ganga Developments","Private Limited","Private (Indian)","Maharashtra","Real Estate","Developer","Unlisted","","Pune, Maharashtra","Knowledge-based","well-known Pune developer"
"Marvel Realtors","Private Limited","Private (Indian)","Maharashtra","Real Estate","Developer","Unlisted","","Pune, Maharashtra","Knowledge-based","well-known Pune developer"
"Vascon Engineers Limited","Public Limited","Private (Indian)","Maharashtra","Real Estate","Developer","Listed-BSE","VASCONEQ","Pune, Maharashtra","Knowledge-based","listed Pune-based construction/real-estate company"
"Radiance Realty Developers India Limited","Private Limited","Private (Indian)","Tamil Nadu","Real Estate","Developer","Unlisted","","Chennai, Tamil Nadu","Knowledge-based","well-known Chennai developer"
"Navin Housing and Properties Private Limited","Private Limited","Private (Indian)","Tamil Nadu","Real Estate","Developer","Unlisted","","Chennai, Tamil Nadu","Knowledge-based","well-known Chennai developer"
"Akshaya Private Limited","Private Limited","Private (Indian)","Tamil Nadu","Real Estate","Developer","Unlisted","","Chennai, Tamil Nadu","Knowledge-based","well-known Chennai developer"
"Alliance Group","Private Limited","Private (Indian)","Tamil Nadu","Real Estate","Developer","Unlisted","","Chennai, Tamil Nadu","Knowledge-based","well-known Chennai developer"
"VGN Group (VGN Developers Private Limited)","Private Limited","Private (Indian)","Tamil Nadu","Real Estate","Developer","Unlisted","","Chennai, Tamil Nadu","Knowledge-based","well-known Chennai developer"
"Ceebros Property Developers Private Limited","Private Limited","Private (Indian)","Tamil Nadu","Real Estate","Developer","Unlisted","","Chennai, Tamil Nadu","Knowledge-based","well-known Chennai developer"
"Jain Housing and Constructions Limited","Private Limited","Private (Indian)","Tamil Nadu","Real Estate","Developer","Unlisted","","Chennai, Tamil Nadu","Knowledge-based","well-known Chennai developer"
"DRA Homes Private Limited","Private Limited","Private (Indian)","Tamil Nadu","Real Estate","Developer","Unlisted","","Chennai, Tamil Nadu","Knowledge-based","well-known Chennai developer"
"Vasavi Group","Private Limited","Private (Indian)","Telangana","Real Estate","Developer","Unlisted","","Hyderabad, Telangana","Knowledge-based","well-known Hyderabad developer"
"NCC Urban Infrastructure Limited","Private Limited","Private (Indian)","Telangana","Real Estate","Developer","Unlisted","","Hyderabad, Telangana","Knowledge-based","real-estate arm of NCC Limited group"
"Incor Group","Private Limited","Private (Indian)","Telangana","Real Estate","Developer","Unlisted","","Hyderabad, Telangana","Knowledge-based","well-known Hyderabad developer"
"Modi Builders and Developers Private Limited","Private Limited","Private (Indian)","Telangana","Real Estate","Developer","Unlisted","","Hyderabad, Telangana","Knowledge-based","well-known Hyderabad developer"
"Vertex Homes Private Limited","Private Limited","Private (Indian)","Telangana","Real Estate","Developer","Unlisted","","Hyderabad, Telangana","Knowledge-based","well-known Hyderabad developer"
"Honer Homes Private Limited","Private Limited","Private (Indian)","Telangana","Real Estate","Developer","Unlisted","","Hyderabad, Telangana","Knowledge-based","well-known Hyderabad developer"
"Shrachi Group (Bengal Shrachi Housing Development Limited)","Private Limited","Private (Indian)","West Bengal","Real Estate","Developer","Unlisted","","Kolkata, West Bengal","Knowledge-based","well-known Kolkata developer"
"Eden Realty (Eden Group)","Private Limited","Private (Indian)","West Bengal","Real Estate","Developer","Unlisted","","Kolkata, West Bengal","Knowledge-based","well-known Kolkata developer"
"Sun Builders Group","Private Limited","Private (Indian)","Gujarat","Real Estate","Developer","Unlisted","","Ahmedabad, Gujarat","Knowledge-based","well-known Ahmedabad developer"
"Safal Group (Safal Construction Private Limited)","Private Limited","Private (Indian)","Gujarat","Real Estate","Developer","Unlisted","","Ahmedabad, Gujarat","Knowledge-based","well-known Ahmedabad developer"
"Iscon Group","Private Limited","Private (Indian)","Gujarat","Real Estate","Developer","Unlisted","","Ahmedabad, Gujarat","Knowledge-based","well-known Ahmedabad developer"
"Pacifica Companies","Private Limited","Private (Indian)","Gujarat; Karnataka","Real Estate","Developer","Unlisted","","Ahmedabad, Gujarat","Knowledge-based","well-known developer active in Ahmedabad and Bengaluru"
"Savvy Group","Private Limited","Private (Indian)","Gujarat","Real Estate","Developer","Unlisted","","Ahmedabad, Gujarat","Knowledge-based","well-known Ahmedabad developer"
"Bakeri Group","Private Limited","Private (Indian)","Gujarat","Real Estate","Developer","Unlisted","","Ahmedabad, Gujarat","Knowledge-based","well-known Ahmedabad developer"
"Skyline Builders","Private Limited","Private (Indian)","Kerala","Real Estate","Developer","Unlisted","","Kochi, Kerala","Knowledge-based","well-known Kochi developer"
"Confident Group","Private Limited","Private (Indian)","Kerala","Real Estate","Developer","Unlisted","","Kochi, Kerala","Knowledge-based","well-known Kochi developer"
"Asset Homes Private Limited","Private Limited","Private (Indian)","Kerala","Real Estate","Developer","Unlisted","","Kochi, Kerala","Knowledge-based","well-known Kochi developer"
"Kalyan Developers","Private Limited","Private (Indian)","Kerala","Real Estate","Developer","Unlisted","","Kochi, Kerala","Knowledge-based","well-known Kochi developer"
"Manglam Group","Private Limited","Private (Indian)","Rajasthan","Real Estate","Developer","Unlisted","","Jaipur, Rajasthan","Knowledge-based","well-known Jaipur developer"
"Vatika Limited (Vatika Group)","Private Limited","Private (Indian)","Haryana; Rajasthan","Real Estate","Developer","Unlisted","","Gurugram, Haryana","Knowledge-based","well-known NCR/Jaipur developer"
"Wave Infratech Private Limited","Private Limited","Private (Indian)","Uttar Pradesh","Real Estate","Developer","Unlisted","","Ghaziabad/Lucknow, Uttar Pradesh","Knowledge-based","well-known UP developer"
"Shalimar Corp Limited","Private Limited","Private (Indian)","Uttar Pradesh","Real Estate","Developer","Unlisted","","Lucknow, Uttar Pradesh","Knowledge-based","well-known Lucknow developer"
"Rishita Developers Private Limited","Private Limited","Private (Indian)","Uttar Pradesh","Real Estate","Developer","Unlisted","","Lucknow, Uttar Pradesh","Knowledge-based","well-known Lucknow developer"
"TDI Infrastructure Limited","Private Limited","Private (Indian)","Punjab; Haryana","Real Estate","Developer","Unlisted","","Chandigarh/Panchkula","Knowledge-based","well-known Chandigarh region developer"
"Sushma Group","Private Limited","Private (Indian)","Punjab","Real Estate","Developer","Unlisted","","Mohali, Punjab","Knowledge-based","well-known Mohali developer"
"GBP Group","Private Limited","Private (Indian)","Punjab","Real Estate","Developer","Unlisted","","Mohali, Punjab","Knowledge-based","well-known Mohali developer"
"Bestech India Private Limited","Private Limited","Private (Indian)","Haryana; Punjab","Real Estate","Developer","Unlisted","","Mohali, Punjab / Gurugram, Haryana","Knowledge-based","well-known NCR/Mohali developer"
