"name","entity_type","ownership","state_region","sector","sub_sector","listing","ticker_or_cin","hq","verification","source_note"
"A. H. Wheeler and Co. Private Limited","Private Limited","Private (Indian)","Uttar Pradesh","Retail (Offline, Organised Retail, Jewellery)","Railway bookstalls","Unlisted","","Allahabad","Knowledge-based","old railway bookstall chain"
"AGS Entertainment Private Limited","Private Limited","Private (Indian)","Tamil Nadu","Media & Entertainment (Broadcasting, OTT, Print, Advertising, Films, Gaming)","Film production","Unlisted","","Chennai","Knowledge-based","Tamil film production house"
"AVM Productions","Partnership Firm","Private (Indian)","Tamil Nadu","Media & Entertainment (Broadcasting, OTT, Print, Advertising, Films, Gaming)","Film production","Unlisted","","Chennai","Knowledge-based","oldest surviving Indian film studio"
"Aashirvad Cinemas","Private Limited","Private (Indian)","Kerala","Media & Entertainment (Broadcasting, OTT, Print, Advertising, Films, Gaming)","Cinema exhibition","Unlisted","","Kerala","Knowledge-based",""
"Adyar Ananda Bhavan","Private Limited","Private (Indian)","Tamil Nadu","Food Processing & Beverages","Sweets/restaurants","Unlisted","","Chennai","Knowledge-based","A2B chain"
"Air Charter Services Private Limited","Private Limited","Private (Indian)","Maharashtra","Aviation (Airlines, Airports, MRO, Ground Handling)","Charter services","Unlisted","","Mumbai","Knowledge-based",""
"Ajanta Manufacturing Private Limited","Private Limited","Private (Indian)","Gujarat","Consumer Durables & Appliances","Clocks/appliances","Unlisted","","Morbi","Knowledge-based","flagship of Ajanta Oreva Group"
"Akshayakalpa Organic Farms Private Limited","Private Limited","Private (Indian)","Karnataka","Fisheries, Dairy & Animal Husbandry","Organic dairy","Unlisted","","Tiptur","Knowledge-based",""
"Alliance Air (Airline Allied Services Limited)","Government Company (PSU)","Central PSU","Pan-India","Aviation (Airlines, Airports, MRO, Ground Handling)","Regional airline","Unlisted","","New Delhi","Knowledge-based","under AIAHL, retained ex-Air India regional unit"
"Amartex Industries Limited","Public Limited","Private (Indian)","Punjab","Textiles & Apparel","","Listed-BSE","","Dhuri","Knowledge-based",""
"Amco Batteries Limited","Private Limited","MNC Subsidiary","Karnataka","Automobile (OEMs, Auto Components, EV, Dealerships)","Batteries","Unlisted","","Bengaluru","Knowledge-based","Exide group company"
"Amkette Analytics Limited","Private Limited","Private (Indian)","Delhi","Consumer Durables & Appliances","","Unlisted","","Delhi","Knowledge-based",""
"Amrapali Jewels Private Limited","Private Limited","Private (Indian)","Rajasthan","Gems & Jewellery","","Unlisted","","Jaipur","Knowledge-based",""
"Amrutanjan Health Care Limited","Public Limited","Private (Indian)","Tamil Nadu","Pharma (Formulations, API, CDMO)","OTC/FMCG","Listed-BSE","AMRUTANJAN","Chennai","Knowledge-based",""
"Ananda Publishers Private Limited","Private Limited","Private (Indian)","West Bengal","Media & Entertainment (Broadcasting, OTT, Print, Advertising, Films, Gaming)","Publishing","Unlisted","","Kolkata","Knowledge-based","ABP Group company"
"Andhra Pradesh Airports Development Corporation Limited","Government Company (PSU)","State PSU","Andhra Pradesh","Aviation (Airlines, Airports, MRO, Ground Handling)","Airport development","Unlisted","","Vijayawada","Knowledge-based",""
"Andhra Pradesh Handicrafts Development Corporation Limited","Government Company (PSU)","State PSU","Andhra Pradesh","Textiles & Apparel","Handicrafts","Unlisted","","Hyderabad","Knowledge-based",""
"Andhra Pradesh State FiberNet Limited","Government Company (PSU)","State PSU","Andhra Pradesh","Telecom (Telecom Services, Equipment, Towers, ISPs)","Broadband","Unlisted","","Amaravati","Knowledge-based","APSFL"
"Annapurna Studios Private Limited","Private Limited","Private (Indian)","Telangana","Media & Entertainment (Broadcasting, OTT, Print, Advertising, Films, Gaming)","Film production","Unlisted","","Hyderabad","Knowledge-based","Akkineni family studio"
"Anokhi (India) Private Limited","Private Limited","Private (Indian)","Rajasthan","Textiles & Apparel","","Unlisted","","Jaipur","Knowledge-based",""
"Arun Icecreams","Proprietorship","Private (Indian)","Tamil Nadu","Food Processing & Beverages","Ice cream","Unlisted","","Coimbatore","Knowledge-based",""
"Arunachal Pradesh State Transport Services","Statutory Corporation","State PSU","Arunachal Pradesh","Logistics & Warehousing","Road transport","Unlisted","","Itanagar","Knowledge-based",""
"Arya Vaidya Sala","Trust/Society","Trust/Society","Kerala","Pharma (Formulations, API, CDMO)","Ayurveda","Unlisted","","Kottakkal","Knowledge-based",""
"Asian Cinemas Private Limited","Private Limited","Private (Indian)","Telangana","Media & Entertainment (Broadcasting, OTT, Print, Advertising, Films, Gaming)","Cinema exhibition","Unlisted","","Hyderabad","Knowledge-based",""
"Asianet News Network Private Limited","Private Limited","Private (Indian)","Kerala","Media & Entertainment (Broadcasting, OTT, Print, Advertising, Films, Gaming)","News broadcasting","Unlisted","","Thiruvananthapuram","Knowledge-based",""
"Asianet Satellite Communications Limited","Private Limited","Private (Indian)","Kerala","Media & Entertainment (Broadcasting, OTT, Print, Advertising, Films, Gaming)","Cable TV","Unlisted","","Kochi","Knowledge-based",""
"Atlas Jewellery India Private Limited","Private Limited","Private (Indian)","Kerala","Gems & Jewellery","","Unlisted","","Kozhikode","Knowledge-based",""
"Quintillion Business Media Private Limited","Private Limited","Private (Indian)","Delhi","Media & Entertainment (Broadcasting, OTT, Print, Advertising, Films, Gaming)","Business news (BQ Prime)","Unlisted","","New Delhi","Knowledge-based","flagship for BQ Prime brand"
"Bagmane Developers Private Limited","Private Limited","Private (Indian)","Karnataka","Real Estate (Developers, REITs/InvITs, Brokers)","","Unlisted","","Bengaluru","Knowledge-based","flagship of Bagmane Group"
"Bahrisons Booksellers","Partnership Firm","Private (Indian)","Delhi","Retail (Offline, Organised Retail, Jewellery)","Bookstore","Unlisted","","New Delhi","Knowledge-based",""
"Sri Baidyanath Ayurved Bhawan Private Limited","Private Limited","Private (Indian)","Uttar Pradesh","Pharma (Formulations, API, CDMO)","Ayurveda","Unlisted","","Jhansi","Knowledge-based","flagship of Baidyanath Group"
"Bajaao Retail Private Limited","Private Limited","Private (Indian)","Maharashtra","E-commerce (Marketplaces, Quick Commerce)","Musical instruments","Unlisted","","Mumbai","Knowledge-based",""
"Ballarpur Industries Limited","Public Limited","Private (Indian)","Maharashtra","Paper, Packaging & Printing","","Listed-BSE","BILT","Mumbai","Knowledge-based",""
"Bandhan Life Insurance Limited","Private Limited","Private (Indian)","West Bengal","Insurance (Life, General, Health, Reinsurance, Brokers/Surveyors)","Life insurance","Unlisted","","Kolkata","Knowledge-based","formerly Aegon Life"
"Barbeque Nation Hospitality Limited","Public Limited","Private (Indian)","Karnataka","Hospitality & Tourism (Hotels, Restaurants, Travel, Airlines Catering)","Restaurants","Listed-NSE+BSE","BARBEQUE","Bengaluru","Knowledge-based",""
"Bengal Chemicals and Pharmaceuticals Limited","Government Company (PSU)","Central PSU","West Bengal","Pharma (Formulations, API, CDMO)","","Unlisted","","Kolkata","Knowledge-based",""
"Bengaluru Metropolitan Transport Corporation","Statutory Corporation","State PSU","Karnataka","Logistics & Warehousing","Public bus transport","Unlisted","","Bengaluru","Knowledge-based",""
"Bharat Gas Resources Limited","Government Company (PSU)","Central PSU","Maharashtra","Oil & Gas (Upstream, Midstream, Downstream, CGD, Retail Fuel)","City gas distribution","Unlisted","","Mumbai","Knowledge-based","BPCL subsidiary"
"Bharat PetroResources Limited","Government Company (PSU)","Central PSU","Maharashtra","Oil & Gas (Upstream, Midstream, Downstream, CGD, Retail Fuel)","Upstream E&P","Unlisted","","Mumbai","Knowledge-based","BPCL subsidiary"
"Bharathi Puthakalayam","Partnership Firm","Private (Indian)","Tamil Nadu","Media & Entertainment (Broadcasting, OTT, Print, Advertising, Films, Gaming)","Publishing","Unlisted","","Chennai","Knowledge-based",""
"Bramhani Industries Limited","Public Limited","Private (Indian)","Odisha","Metals & Steel (Steel, Aluminium, Copper, Foundries)","Steel","Unlisted","","Odisha","Knowledge-based","JSW-controlled successor of Bhushan Power & Steel"
"Brihan Maharashtra Sugar Syndicate Limited","Public Limited","Private (Indian)","Maharashtra","Food Processing & Beverages","Sugar","Listed-BSE","","Pune","Knowledge-based",""
"Braithwaite, Burn & Jessop Construction Company Limited","Government Company (PSU)","Central PSU","West Bengal","Construction & Infrastructure (EPC, Contractors)","","Unlisted","","Kolkata","Knowledge-based",""
"G. D. Pharmaceuticals Private Limited","Private Limited","Private (Indian)","West Bengal","Pharma (Formulations, API, CDMO)","OTC","Unlisted","","Kolkata","Knowledge-based","maker of Boroline"
"Kali Mark Private Limited","Private Limited","Private (Indian)","Tamil Nadu","Food Processing & Beverages","Soft drinks","Unlisted","","Chennai","Knowledge-based","maker of Bovonto"
"Perfetti Van Melle India Private Limited","Private Limited","MNC Subsidiary","Haryana","FMCG","Confectionery","Unlisted","","Manesar","Knowledge-based","maker of Chlormint"
"Candico (India) Limited","Public Limited","Private (Indian)","West Bengal","Food Processing & Beverages","Confectionery","Listed-BSE","","Kolkata","Knowledge-based",""
"CarTrade Tech Limited","Public Limited","Private (Indian)","Maharashtra","E-commerce (Marketplaces, Quick Commerce)","Auto classifieds","Listed-NSE+BSE","CARTRADE","Mumbai","Knowledge-based",""
"Carnival Technologies Private Limited","Private Limited","Private (Indian)","Maharashtra","Media & Entertainment (Broadcasting, OTT, Print, Advertising, Films, Gaming)","Cinema exhibition","Unlisted","","Mumbai","Knowledge-based","Carnival Cinemas"
"Celkon Mobiles India Private Limited","Private Limited","Private (Indian)","Telangana","Consumer Durables & Appliances","Mobile phones","Unlisted","","Hyderabad","Knowledge-based",""
"Central Cottage Industries Corporation of India Limited","Government Company (PSU)","Central PSU","Delhi","Retail (Offline, Organised Retail, Jewellery)","Handicrafts","Unlisted","","New Delhi","Knowledge-based",""
"Centre for Railway Information Systems","Trust/Society","Trust/Society","Delhi","Railways (Railway PSUs, Rolling Stock, Rail Infrastructure)","IT systems","Unlisted","","New Delhi","Knowledge-based","CRIS, society under Railways"
"The Chennai Silks","Private Limited","Private (Indian)","Tamil Nadu","Retail (Offline, Organised Retail, Jewellery)","Sarees/textiles","Unlisted","","Chennai","Knowledge-based",""
"Chitale Bandhu Mithaiwale","Partnership Firm","Private (Indian)","Maharashtra","Food Processing & Beverages","Sweets","Unlisted","","Pune","Knowledge-based",""
"Cinevistaas Limited","Public Limited","Private (Indian)","Maharashtra","Media & Entertainment (Broadcasting, OTT, Print, Advertising, Films, Gaming)","","Listed-BSE","","Mumbai","Knowledge-based",""
"Blink Commerce Private Limited","Private Limited","Private (Indian)","Delhi","E-commerce (Marketplaces, Quick Commerce)","Quick commerce","Unlisted","","Gurugram","Knowledge-based","Blinkit, Eternal/Zomato subsidiary"
"Bonn Nutrients Private Limited","Private Limited","Private (Indian)","Punjab","Food Processing & Beverages","Bread/bakery","Unlisted","","Panchkula","Knowledge-based","Bonn Group of Industries"
"Classic Legends Private Limited","Private Limited","MNC Subsidiary","Maharashtra","Automobile (OEMs, Auto Components, EV, Dealerships)","Retro motorcycles (BSA, Jawa, Yezdi)","Unlisted","","Pune","Knowledge-based","Mahindra Group subsidiary"
"Club One Air Private Limited","Private Limited","Private (Indian)","Delhi","Aviation (Airlines, Airports, MRO, Ground Handling)","Charter airline","Unlisted","","New Delhi","Knowledge-based",""
"Cochin Minerals and Rutile Limited","Public Limited","Private (Indian)","Kerala","Coal & Mining (Coal, Metals, Minerals)","Mineral sands","Listed-BSE","","Kochi","Knowledge-based",""
"Comviva Technologies Limited","Private Limited","Private (Indian)","Karnataka","Telecom (Telecom Services, Equipment, Towers, ISPs)","Telecom software","Unlisted","","Bengaluru","Knowledge-based","Mahindra Group subsidiary"
"Cosco (India) Limited","Public Limited","Private (Indian)","Delhi","Others","Sports goods","Listed-BSE","","New Delhi","Knowledge-based",""
"Crossword Bookstores Limited","Private Limited","Private (Indian)","Maharashtra","Retail (Offline, Organised Retail, Jewellery)","Bookstore chain","Unlisted","","Mumbai","Knowledge-based",""
"Cybage Software Private Limited","Private Limited","Private (Indian)","Maharashtra","IT/ITeS (Software, BPO/KPO, GCCs, SaaS)","","Unlisted","","Pune","Knowledge-based",""
"DC Books Private Limited","Private Limited","Private (Indian)","Kerala","Media & Entertainment (Broadcasting, OTT, Print, Advertising, Films, Gaming)","Publishing","Unlisted","","Kottayam","Knowledge-based",""
"Daijiworld Media Private Limited","Private Limited","Private (Indian)","Karnataka","Media & Entertainment (Broadcasting, OTT, Print, Advertising, Films, Gaming)","Online news","Unlisted","","Mangaluru","Knowledge-based",""
"Deccan Charters Limited","Private Limited","Private (Indian)","Karnataka","Aviation (Airlines, Airports, MRO, Ground Handling)","Charter airline / regional airline (Air Deccan)","Unlisted","","Bengaluru","Knowledge-based","operates revived Air Deccan brand"
"Delhi Press Patra Prakashan Private Limited","Private Limited","Private (Indian)","Delhi","Media & Entertainment (Broadcasting, OTT, Print, Advertising, Films, Gaming)","Publishing","Unlisted","","New Delhi","Knowledge-based",""
"EKA Mobility Private Limited","Private Limited","Private (Indian)","Gujarat","Automobile (OEMs, Auto Components, EV, Dealerships)","Electric buses/trucks","Unlisted","","Ahmedabad","Knowledge-based",""
"Ushodaya Enterprises Private Limited","Private Limited","Private (Indian)","Telangana","Media & Entertainment (Broadcasting, OTT, Print, Advertising, Films, Gaming)","TV broadcasting (ETV Network)","Unlisted","","Hyderabad","Knowledge-based","flagship for ETV Network"
"Easy Trip Planners Limited","Public Limited","Private (Indian)","Delhi","Hospitality & Tourism (Hotels, Restaurants, Travel, Airlines Catering)","Online travel agency (EaseMyTrip)","Listed-NSE+BSE","EASEMYTRIP","New Delhi","Knowledge-based",""
"Educational Consultants India Limited","Government Company (PSU)","Central PSU","Delhi","Education (Schools, Higher Education, Ed-tech, Coaching)","","Unlisted","","New Delhi","Knowledge-based","EdCIL"
"Energy Efficiency Services Limited","Government Company (PSU)","Central PSU","Delhi","Power (Generation, Transmission, Distribution, Trading)","Energy efficiency services","Unlisted","","New Delhi","Knowledge-based","EESL, JV of PSUs"
"ArcelorMittal Nippon Steel India Limited","Private Limited","Joint Venture","Gujarat","Metals & Steel (Steel, Aluminium, Copper, Foundries)","Steel","Unlisted","","Mumbai","Knowledge-based","successor of Essar Steel"
"Essel Propack Limited","Public Limited","Private (Indian)","Maharashtra","Paper, Packaging & Printing","","Listed-BSE","ESSELPACK","Mumbai","Knowledge-based",""
"Everest Food Products Private Limited","Private Limited","Private (Indian)","Maharashtra","FMCG","Spices","Unlisted","","Mumbai","Knowledge-based","Everest Spices"
"Export-Import Bank of India","Statutory Corporation","Central PSU","Maharashtra","Banking (Commercial/Public/Private/Small Finance/Payments Banks)","Export credit/DFI","Unlisted","","Mumbai","Knowledge-based","EXIM Bank"
"Exotel Techcom Private Limited","Private Limited","Private (Indian)","Karnataka","Telecom (Telecom Services, Equipment, Towers, ISPs)","Cloud telephony","Unlisted","","Bengaluru","Knowledge-based",""
"Export Credit Guarantee Corporation of India Limited","Government Company (PSU)","Central PSU","Maharashtra","Insurance (Life, General, Health, Reinsurance, Brokers/Surveyors)","Export credit insurance","Unlisted","","Mumbai","Knowledge-based","ECGC"
"Eylex Films Private Limited","Private Limited","Private (Indian)","Delhi","Media & Entertainment (Broadcasting, OTT, Print, Advertising, Films, Gaming)","Cinema exhibition (Eylex Cinemas)","Unlisted","","New Delhi","Knowledge-based",""
"Fabindia Overseas Private Limited","Private Limited","Private (Indian)","Delhi","Textiles & Apparel","Retail","Unlisted","","New Delhi","Knowledge-based",""
"Ferns N Petals Private Limited","Private Limited","Private (Indian)","Delhi","E-commerce (Marketplaces, Quick Commerce)","Flowers/gifting","Unlisted","","New Delhi","Knowledge-based",""
"Ferro Alloys Corporation Limited","Public Limited","Private (Indian)","Odisha","Metals & Steel (Steel, Aluminium, Copper, Foundries)","Ferro alloys","Unlisted","","Bhubaneswar","Knowledge-based","FACOR"
"Brainbees Solutions Limited","Public Limited","Private (Indian)","Maharashtra","E-commerce (Marketplaces, Quick Commerce)","Baby/kids products (FirstCry)","Listed-NSE+BSE","FIRSTCRY","Pune","Knowledge-based",""
"Fluentgrid Limited","Private Limited","Private (Indian)","Andhra Pradesh","Power (Generation, Transmission, Distribution, Trading)","Smart grid software","Unlisted","","Visakhapatnam","Knowledge-based",""
"Foradian Technologies Private Limited","Private Limited","Private (Indian)","Karnataka","Education (Schools, Higher Education, Ed-tech, Coaching)","Ed-tech (Fedena)","Unlisted","","Bengaluru","Knowledge-based",""
"Forbes & Company Limited","Public Limited","Private (Indian)","Maharashtra","Capital Goods & Engineering (Machinery, Industrial Equipment)","","Listed-BSE","FORBES","Mumbai","Knowledge-based","Shapoorji Pallonji group"
"Forest Essentials Private Limited","Private Limited","Private (Indian)","Delhi","FMCG","Luxury ayurveda skincare","Unlisted","","New Delhi","Knowledge-based",""
"Freshworks Technologies Private Limited","Private Limited","MNC Subsidiary","Tamil Nadu","IT/ITeS (Software, BPO/KPO, GCCs, SaaS)","SaaS","Unlisted","","Chennai","Knowledge-based","Indian subsidiary of Freshworks Inc"
"Fujitsu Consulting India Private Limited","Private Limited","MNC Subsidiary","Karnataka","IT/ITeS (Software, BPO/KPO, GCCs, SaaS)","","Unlisted","","Bengaluru","Knowledge-based",""
"Funskool (India) Limited","Private Limited","Joint Venture","Tamil Nadu","Consumer Durables & Appliances","Toys","Unlisted","","Chennai","Knowledge-based","MRF/Hasbro JV"
"Furlenco (Rent Alpha Private Limited)","Private Limited","Private (Indian)","Karnataka","E-commerce (Marketplaces, Quick Commerce)","Furniture rental","Unlisted","","Bengaluru","Knowledge-based",""
"Furtados Music Private Limited","Private Limited","Private (Indian)","Maharashtra","Retail (Offline, Organised Retail, Jewellery)","Musical instruments","Unlisted","","Mumbai","Knowledge-based",""
"FusionCharts (InfoSoft Global Private Limited)","Private Limited","Private (Indian)","Karnataka","IT/ITeS (Software, BPO/KPO, GCCs, SaaS)","Charting software","Unlisted","","Bengaluru","Knowledge-based",""
"Shopsense Retail Technologies Private Limited","Private Limited","Private (Indian)","Maharashtra","E-commerce (Marketplaces, Quick Commerce)","Retail-tech (Fynd)","Unlisted","","Mumbai","Knowledge-based",""
"G Pulla Reddy Sweets","Proprietorship","Private (Indian)","Telangana","Food Processing & Beverages","Sweets","Unlisted","","Hyderabad","Knowledge-based",""
"GKB Opticals Private Limited","Private Limited","Private (Indian)","West Bengal","Retail (Offline, Organised Retail, Jewellery)","Eyewear","Unlisted","","Kolkata","Knowledge-based",""
"GVK Industries Limited","Public Limited","Private (Indian)","Telangana","Power (Generation, Transmission, Distribution, Trading)","","Unlisted","","Hyderabad","Knowledge-based","GVK Group entity"
"Geetha Arts","Partnership Firm","Private (Indian)","Telangana","Media & Entertainment (Broadcasting, OTT, Print, Advertising, Films, Gaming)","Film production","Unlisted","","Hyderabad","Knowledge-based",""
"Genpact India Private Limited","Private Limited","MNC Subsidiary","Haryana","IT/ITeS (Software, BPO/KPO, GCCs, SaaS)","BPO/KPO","Unlisted","","Gurugram","Knowledge-based",""
"RSPL Limited","Private Limited","Private (Indian)","Uttar Pradesh","FMCG","Detergents (Ghari)","Unlisted","","Kanpur","Knowledge-based","flagship maker of Ghari Detergent"
"Globus Stores Private Limited","Private Limited","Private (Indian)","Maharashtra","Retail (Offline, Organised Retail, Jewellery)","Apparel retail","Unlisted","","Mumbai","Knowledge-based",""
"Goldmines Telefilms Private Limited","Private Limited","Private (Indian)","Delhi","Media & Entertainment (Broadcasting, OTT, Print, Advertising, Films, Gaming)","Film distribution","Unlisted","","New Delhi","Knowledge-based",""
"Good Glamm Group","Private Limited","Private (Indian)","Maharashtra","FMCG","Beauty & personal care D2C","Unlisted","","Mumbai","Knowledge-based",""
"Goodricke Group Limited","Public Limited","Private (Indian)","West Bengal","Agriculture (Agri-inputs, Seeds, Agri-tech, Plantations)","Tea plantations","Listed-BSE","GOODRICKE","Kolkata","Knowledge-based",""
"Grid Controller of India Limited","Government Company (PSU)","Central PSU","Delhi","Power (Generation, Transmission, Distribution, Trading)","Grid management","Unlisted","","New Delhi","Knowledge-based","Grid-India"
"Gujarat Narmada Valley Fertilizers and Chemicals Limited","Government Company (PSU)","State PSU","Gujarat","Chemicals & Fertilisers (Specialty, Petrochemicals, Agro-chemicals)","Fertilisers","Listed-NSE+BSE","GNFC","Bharuch","Knowledge-based",""
"Gujarat State Energy Generation Limited","Government Company (PSU)","State PSU","Gujarat","Power (Generation, Transmission, Distribution, Trading)","Power generation JV","Unlisted","","Gandhinagar","Knowledge-based",""
"HRH Group of Hotels","Private Limited","Private (Indian)","Rajasthan","Hospitality & Tourism (Hotels, Restaurants, Travel, Airlines Catering)","Heritage hotels","Unlisted","","Udaipur","Knowledge-based","Mewar royal family group"
"Hamdard Laboratories (India)","Trust/Society","Trust/Society","Delhi","Pharma (Formulations, API, CDMO)","Unani medicine/FMCG (Rooh Afza)","Unlisted","","New Delhi","Knowledge-based","Waqf entity"
"Haptik Technologies Private Limited","Private Limited","Private (Indian)","Maharashtra","IT/ITeS (Software, BPO/KPO, GCCs, SaaS)","Conversational AI","Unlisted","","Mumbai","Knowledge-based","Jio Platforms subsidiary"
"Harbinger Knowledge Products Private Limited","Private Limited","Private (Indian)","Maharashtra","Education (Schools, Higher Education, Ed-tech, Coaching)","Learning technology","Unlisted","","Pune","Knowledge-based",""
"Harvest Gold Foods Private Limited","Private Limited","Private (Indian)","Haryana","Food Processing & Beverages","Bakery","Unlisted","","Faridabad","Knowledge-based",""
"Havmor Ice Cream Private Limited","Private Limited","MNC Subsidiary","Gujarat","Food Processing & Beverages","Ice cream","Unlisted","","Ahmedabad","Knowledge-based","owned by Lotte"
"Hello Curry","Private Limited","Private (Indian)","Telangana","Hospitality & Tourism (Hotels, Restaurants, Travel, Airlines Catering)","Food delivery/QSR","Unlisted","","Hyderabad","Knowledge-based",""
"Heubach Colorants India Private Limited","Private Limited","MNC Subsidiary","Gujarat","Chemicals & Fertilisers (Specialty, Petrochemicals, Agro-chemicals)","Pigments/colorants","Unlisted","","Vadodara","Knowledge-based","formerly Clariant Chemicals colorants business"
"Higginbothams Private Limited","Private Limited","Private (Indian)","Tamil Nadu","Retail (Offline, Organised Retail, Jewellery)","Bookstore","Unlisted","","Chennai","Knowledge-based","India's oldest bookstore"
"Himalaya Wellness Company","Private Limited","Private (Indian)","Karnataka","Pharma (Formulations, API, CDMO)","Ayurveda/FMCG","Unlisted","","Bengaluru","Knowledge-based","formerly Himalaya Drug Company"
"Mount Everest Mineral Water Limited","Public Limited","MNC Subsidiary","Himachal Pradesh","FMCG","Packaged water (Himalayan)","Unlisted","","Parwanoo","Knowledge-based","Tata Consumer Products subsidiary"
"Hindustan Motors Limited","Public Limited","Private (Indian)","West Bengal","Automobile (OEMs, Auto Components, EV, Dealerships)","","Listed-BSE","HMOTORS","Kolkata","Knowledge-based","largely dormant"
"Hindustan National Glass & Industries Limited","Public Limited","Private (Indian)","West Bengal","Paper, Packaging & Printing","Glass containers","Delisted/Unknown","","Kolkata","Knowledge-based",""
"Hindustan Pencils Private Limited","Private Limited","Private (Indian)","Maharashtra","Consumer Durables & Appliances","Stationery (Nataraj/Apsara)","Unlisted","","Mumbai","Knowledge-based",""
"Grexit Software Private Limited","Private Limited","Private (Indian)","Karnataka","IT/ITeS (Software, BPO/KPO, GCCs, SaaS)","Email productivity SaaS (Hiver)","Unlisted","","Bengaluru","Knowledge-based",""
"House of Abhinandan Lodha","Private Limited","Private (Indian)","Maharashtra","Real Estate (Developers, REITs/InvITs, Brokers)","","Unlisted","","Mumbai","Knowledge-based","HoABL"
"REA India Private Limited","Private Limited","MNC Subsidiary","Maharashtra","Real Estate (Developers, REITs/InvITs, Brokers)","Real estate portal (Housing.com)","Unlisted","","Mumbai","Knowledge-based",""
"IBall","Private Limited","Private (Indian)","Maharashtra","Consumer Durables & Appliances","Consumer electronics","Unlisted","","Mumbai","Knowledge-based",""
"ICT Academy","Section 8 Company","Trust/Society","Tamil Nadu","Education (Schools, Higher Education, Ed-tech, Coaching)","Skill development","Unlisted","","Chennai","Knowledge-based",""
"iD Fresh Food (India) Private Limited","Private Limited","Private (Indian)","Karnataka","Food Processing & Beverages","Fresh food (idli/dosa batter)","Unlisted","","Bengaluru","Knowledge-based",""
"IFB Industries Limited","Public Limited","Private (Indian)","West Bengal","Consumer Durables & Appliances","Home appliances","Listed-BSE","IFBIND","Kolkata","Knowledge-based",""
"IndianGiftsPortal.com (IGP) Private Limited","Private Limited","Private (Indian)","Delhi","E-commerce (Marketplaces, Quick Commerce)","Gifting","Unlisted","","New Delhi","Knowledge-based",""
"IREL (India) Limited","Government Company (PSU)","Central PSU","Kerala","Coal & Mining (Coal, Metals, Minerals)","Rare earths","Unlisted","","Kollam","Knowledge-based","formerly Indian Rare Earths Limited"
"ITV Network (India) Limited","Private Limited","Private (Indian)","Delhi","Media & Entertainment (Broadcasting, OTT, Print, Advertising, Films, Gaming)","Regional news TV","Unlisted","","New Delhi","Knowledge-based",""
"India Grid Trust","Other","Private (Indian)","Maharashtra","Power (Generation, Transmission, Distribution, Trading)","Power transmission InvIT","Listed-NSE","INDIGRID","Mumbai","Knowledge-based","IndiGrid, infrastructure investment trust"
"Indian Immunologicals Limited","Government Company (PSU)","Central PSU","Telangana","Biotechnology & Life Sciences","Vaccines","Unlisted","","Hyderabad","Knowledge-based","NDDB subsidiary"
"Infosys Consulting Private Limited","Private Limited","Private (Indian)","Karnataka","Consulting & Professional Services (CA/CS/Cost firms, Management Consulting, Audit)","IT consulting","Unlisted","","Bengaluru","Knowledge-based","Infosys subsidiary"
"Inox Air Products Private Limited","Private Limited","Joint Venture","Gujarat","Chemicals & Fertilisers (Specialty, Petrochemicals, Agro-chemicals)","Industrial gases","Unlisted","","Vadodara","Knowledge-based",""
"Integral Coach Factory","Government Company (PSU)","Central PSU","Tamil Nadu","Railways (Railway PSUs, Rolling Stock, Rail Infrastructure)","Rolling stock manufacturing","Unlisted","","Chennai","Knowledge-based","Indian Railways production unit"
"Intex Technologies (India) Limited","Private Limited","Private (Indian)","Delhi","Consumer Durables & Appliances","Mobile phones/electronics","Unlisted","","New Delhi","Knowledge-based",""
"Intuit India Product Development Center Private Limited","Private Limited","MNC Subsidiary","Karnataka","IT/ITeS (Software, BPO/KPO, GCCs, SaaS)","","Unlisted","","Bengaluru","Knowledge-based",""
"Jaipan Industries Private Limited","Private Limited","Private (Indian)","Delhi","Consumer Durables & Appliances","Kitchen appliances","Unlisted","","New Delhi","Knowledge-based",""
"Jammu and Kashmir Infrastructure Development Finance Corporation Limited","Government Company (PSU)","State PSU","Jammu and Kashmir","Government/PSU Holding & Public Administration (CPSEs, State PSUs, Statutory Corporations)","Infra financing","Unlisted","","Srinagar","Knowledge-based","JKIDFC"
"Janaadhar (India) Private Limited","Private Limited","Private (Indian)","Karnataka","Real Estate (Developers, REITs/InvITs, Brokers)","","Unlisted","","Bengaluru","Knowledge-based",""
"Jayem Automotives Private Limited","Private Limited","Private (Indian)","Tamil Nadu","Automobile (OEMs, Auto Components, EV, Dealerships)","EV/auto components","Unlisted","","Coimbatore","Knowledge-based",""
"Jos Alukkas India Private Limited","Private Limited","Private (Indian)","Kerala","Gems & Jewellery","","Unlisted","","Thrissur","Knowledge-based",""
"Jumbo King Foods Private Limited","Private Limited","Private (Indian)","Maharashtra","Hospitality & Tourism (Hotels, Restaurants, Travel, Airlines Catering)","QSR (vada pav)","Unlisted","","Mumbai","Knowledge-based",""
"Just Dial Limited","Public Limited","Private (Indian)","Maharashtra","IT/ITeS (Software, BPO/KPO, GCCs, SaaS)","Local search","Listed-NSE+BSE","JUSTDIAL","Mumbai","Knowledge-based",""
"K. C. Das Grandsons","Partnership Firm","Private (Indian)","West Bengal","Food Processing & Beverages","Sweets (rasgulla)","Unlisted","","Kolkata","Knowledge-based",""
"KDDI India Private Limited","Private Limited","MNC Subsidiary","Maharashtra","Telecom (Telecom Services, Equipment, Towers, ISPs)","","Unlisted","","Mumbai","Knowledge-based",""
"KLG Systel Limited","Public Limited","Private (Indian)","Delhi","IT/ITeS (Software, BPO/KPO, GCCs, SaaS)","","Listed-BSE","","New Delhi","Knowledge-based",""
"K. P. Namboodiri's Vaidyasala","Private Limited","Private (Indian)","Kerala","Pharma (Formulations, API, CDMO)","Ayurveda/cosmetics","Unlisted","","Thrissur","Knowledge-based",""
"KRG Studios Private Limited","Private Limited","Private (Indian)","Tamil Nadu","Media & Entertainment (Broadcasting, OTT, Print, Advertising, Films, Gaming)","Film production","Unlisted","","Chennai","Knowledge-based",""
"Kalaignar TV Private Limited","Private Limited","Private (Indian)","Tamil Nadu","Media & Entertainment (Broadcasting, OTT, Print, Advertising, Films, Gaming)","News broadcasting","Unlisted","","Chennai","Knowledge-based",""
"Kalnirnay Prakashan Private Limited","Private Limited","Private (Indian)","Maharashtra","Media & Entertainment (Broadcasting, OTT, Print, Advertising, Films, Gaming)","Publishing (almanac)","Unlisted","","Mumbai","Knowledge-based",""
"Kalyan Silks","Private Limited","Private (Indian)","Kerala","Retail (Offline, Organised Retail, Jewellery)","Sarees/textiles","Unlisted","","Thrissur","Knowledge-based",""
"Karachi Bakery Private Limited","Private Limited","Private (Indian)","Telangana","Food Processing & Beverages","Bakery","Unlisted","","Hyderabad","Knowledge-based",""
"Karbonn Mobiles India Private Limited","Private Limited","Joint Venture","Delhi","Consumer Durables & Appliances","Mobile phones","Unlisted","","New Delhi","Knowledge-based",""
"Karnataka Vikas Grameena Bank","Government Company (PSU)","Joint Venture","Karnataka","Banking - Regional Rural Banks","","Unlisted","","Dharwad","Knowledge-based","RRB"
"Katha (NGO)","Trust/Society","Trust/Society","Delhi","Education (Schools, Higher Education, Ed-tech, Coaching)","Literacy NGO","Unlisted","","New Delhi","Knowledge-based",""
"Kaveri Grameena Bank","Government Company (PSU)","Joint Venture","Karnataka","Banking - Regional Rural Banks","","Unlisted","","Mysuru","Knowledge-based","RRB"
"Kavithalayaa Productions","Private Limited","Private (Indian)","Tamil Nadu","Media & Entertainment (Broadcasting, OTT, Print, Advertising, Films, Gaming)","Film production","Unlisted","","Chennai","Knowledge-based",""
"Kerala Electrical and Allied Engineering Company Limited","Government Company (PSU)","State PSU","Kerala","Capital Goods & Engineering (Machinery, Industrial Equipment)","Electrical equipment","Unlisted","","Kochi","Knowledge-based","KEL"
"Kerala Fibre Optic Network Limited","Government Company (PSU)","State PSU","Kerala","Telecom (Telecom Services, Equipment, Towers, ISPs)","Broadband","Unlisted","","Thiruvananthapuram","Knowledge-based","KFON"
"Kerala Grameena Bank","Government Company (PSU)","Joint Venture","Kerala","Banking - Regional Rural Banks","","Unlisted","","Thiruvananthapuram","Knowledge-based","RRB, formed from merger"
"Kerala Irrigation Infrastructure Development Corporation Limited","Government Company (PSU)","State PSU","Kerala","Water, Waste Management & Environmental Services","Irrigation infra","Unlisted","","Thiruvananthapuram","Knowledge-based",""
"Kerala Rail Development Corporation Limited","Government Company (PSU)","State PSU","Kerala","Railways (Railway PSUs, Rolling Stock, Rail Infrastructure)","Rail infra (K-Rail)","Unlisted","","Thiruvananthapuram","Knowledge-based",""
"Kerala Small Industries Development Corporation Limited","Government Company (PSU)","State PSU","Kerala","Government/PSU Holding & Public Administration (CPSEs, State PSUs, Statutory Corporations)","MSME development","Unlisted","","Thiruvananthapuram","Knowledge-based","SIDCO"
"Kerala Soaps and Oils Limited","Government Company (PSU)","State PSU","Kerala","FMCG","Soaps","Unlisted","","Kozhikode","Knowledge-based",""
"Kerala State Industrial Enterprises Limited","Government Company (PSU)","State PSU","Kerala","Capital Goods & Engineering (Machinery, Industrial Equipment)","","Unlisted","","Thiruvananthapuram","Knowledge-based","KSIE"
"Kerala Urban Road Transport Corporation","Statutory Corporation","State PSU","Kerala","Logistics & Warehousing","Urban bus transport","Unlisted","","Thiruvananthapuram","Knowledge-based","KURTC"
"Keventers","Private Limited","Private (Indian)","Delhi","Food Processing & Beverages","Milkshakes","Unlisted","","New Delhi","Knowledge-based","revived brand"
"Khadi and Village Industries Commission","Statutory Corporation","Central PSU","Maharashtra","Textiles & Apparel","Khadi/handicrafts","Unlisted","","Mumbai","Knowledge-based","KVIC"
"Khoday India Limited","Public Limited","Private (Indian)","Karnataka","Food Processing & Beverages","Liquor/industrial","Listed-BSE","","Bengaluru","Knowledge-based",""
"Kerala Communicators Cable Limited","Private Limited","Private (Indian)","Kerala","Media & Entertainment (Broadcasting, OTT, Print, Advertising, Films, Gaming)","Cable/OTT (Klikk)","Unlisted","","Kochi","Knowledge-based",""
"Krishna Grameena Bank","Government Company (PSU)","Joint Venture","Karnataka","Banking - Regional Rural Banks","","Unlisted","","Gulbarga","Knowledge-based","RRB"
"Laxmi Misthan Bhandar (LMB Hotel)","Proprietorship","Private (Indian)","Rajasthan","Hospitality & Tourism (Hotels, Restaurants, Travel, Airlines Catering)","Restaurant/sweets","Unlisted","","Jaipur","Knowledge-based",""
"Lahari Music","Private Limited","Private (Indian)","Karnataka","Media & Entertainment (Broadcasting, OTT, Print, Advertising, Films, Gaming)","Music label","Unlisted","","Bengaluru","Knowledge-based",""
"Lifestyle International (India) Private Limited","Private Limited","MNC Subsidiary","Karnataka","Retail (Offline, Organised Retail, Jewellery)","Department stores","Unlisted","","Bengaluru","Knowledge-based","Landmark Group (Dubai) India arm"
"Lava International Limited","Private Limited","Private (Indian)","Uttar Pradesh","Consumer Durables & Appliances","Mobile phones","Unlisted","","Noida","Knowledge-based",""
"Style North Star Private Limited","Private Limited","Private (Indian)","Haryana","E-commerce (Marketplaces, Quick Commerce)","Fashion e-commerce (LimeRoad)","Unlisted","","Gurugram","Knowledge-based",""
"Limtex Tea & Industries Limited","Public Limited","Private (Indian)","West Bengal","Agriculture (Agri-inputs, Seeds, Agri-tech, Plantations)","Tea","Listed-BSE","","Kolkata","Knowledge-based",""
"Logix Group","Private Limited","Private (Indian)","Uttar Pradesh","Real Estate (Developers, REITs/InvITs, Brokers)","","Unlisted","","Noida","Knowledge-based",""
"Lohia Machinery Limited","Public Limited","Private (Indian)","Uttar Pradesh","Capital Goods & Engineering (Machinery, Industrial Equipment)","Textile machinery","Listed-BSE","","Noida","Knowledge-based",""
"LuLu Group India","Private Limited","MNC Subsidiary","Kerala","Retail (Offline, Organised Retail, Jewellery)","Hypermarkets/malls","Unlisted","","Kochi","Knowledge-based","India arm of UAE-based LuLu Group International"
"Luxmi Estates & Developers Private Limited","Private Limited","Private (Indian)","West Bengal","Real Estate (Developers, REITs/InvITs, Brokers)","","Unlisted","","Kolkata","Knowledge-based","Luxmi Group"
"Luxor Writing Instruments Private Limited","Private Limited","Private (Indian)","Delhi","Consumer Durables & Appliances","Stationery/pens","Unlisted","","New Delhi","Knowledge-based",""
"MDH Private Limited","Private Limited","Private (Indian)","Delhi","FMCG","Spices","Unlisted","","New Delhi","Knowledge-based",""
"Maddock Films Private Limited","Private Limited","Private (Indian)","Maharashtra","Media & Entertainment (Broadcasting, OTT, Print, Advertising, Films, Gaming)","Film production","Unlisted","","Mumbai","Knowledge-based","Dinesh Vijan's production house"
"Madhura Audio","Private Limited","Private (Indian)","Kerala","Media & Entertainment (Broadcasting, OTT, Print, Advertising, Films, Gaming)","Music label","Unlisted","","Kochi","Knowledge-based",""
"Magicpin (Samast Technologies Private Limited)","Private Limited","Private (Indian)","Delhi","E-commerce (Marketplaces, Quick Commerce)","Hyperlocal discovery/rewards","Unlisted","","Gurugram","Knowledge-based",""
"Maharashtra Knowledge Corporation Limited","Government Company (PSU)","State PSU","Maharashtra","Education (Schools, Higher Education, Ed-tech, Coaching)","IT/knowledge education","Unlisted","","Pune","Knowledge-based","MKCL"
"Maharashtra State Textile Corporation Limited","Government Company (PSU)","State PSU","Maharashtra","Textiles & Apparel","","Unlisted","","Mumbai","Knowledge-based",""
"Mahindra Lifespace Developers Limited","Public Limited","Private (Indian)","Maharashtra","Real Estate (Developers, REITs/InvITs, Brokers)","","Listed-NSE+BSE","MAHLIFE","Mumbai","Knowledge-based",""
"Makuta VFX Private Limited","Private Limited","Private (Indian)","Karnataka","Media & Entertainment (Broadcasting, OTT, Print, Advertising, Films, Gaming)","VFX studio","Unlisted","","Bengaluru","Knowledge-based",""
"C.E. Info Systems Limited","Public Limited","Private (Indian)","Delhi","IT/ITeS (Software, BPO/KPO, GCCs, SaaS)","Digital mapping (MapmyIndia)","Listed-NSE+BSE","MAPMYINDIA","New Delhi","Knowledge-based",""
"Mass Appeal India","Private Limited","Joint Venture","Maharashtra","Media & Entertainment (Broadcasting, OTT, Print, Advertising, Films, Gaming)","Music label (hip-hop)","Unlisted","","Mumbai","Knowledge-based",""
"Matter Motor Works Private Limited","Private Limited","Private (Indian)","Gujarat","Automobile (OEMs, Auto Components, EV, Dealerships)","Electric two-wheelers","Unlisted","","Ahmedabad","Knowledge-based","Matter Electric"
"Maulana Azad Minorities Financial Development Corporation Limited","Government Company (PSU)","Central PSU","Delhi","Government/PSU Holding & Public Administration (CPSEs, State PSUs, Statutory Corporations)","Financial services for minorities","Unlisted","","New Delhi","Knowledge-based",""
"Meat Products of India Limited","Government Company (PSU)","State PSU","Kerala","Food Processing & Beverages","Meat processing","Unlisted","","Ernakulam","Knowledge-based","MEATO"
"Cholayil Private Limited","Private Limited","Private (Indian)","Tamil Nadu","FMCG","Ayurvedic soap (Medimix)","Unlisted","","Chennai","Knowledge-based","flagship for Medimix brand"
"Mehta Publishing House","Private Limited","Private (Indian)","Maharashtra","Media & Entertainment (Broadcasting, OTT, Print, Advertising, Films, Gaming)","Publishing","Unlisted","","Pune","Knowledge-based",""
"Microland Limited","Private Limited","Private (Indian)","Karnataka","IT/ITeS (Software, BPO/KPO, GCCs, SaaS)","IT infrastructure services","Unlisted","","Bengaluru","Knowledge-based",""
"Micromax Informatics Limited","Private Limited","Private (Indian)","Haryana","Consumer Durables & Appliances","Mobile phones","Unlisted","","Gurugram","Knowledge-based",""
"Milk Mantra Dairy Private Limited","Private Limited","Private (Indian)","Odisha","Fisheries, Dairy & Animal Husbandry","Dairy (Milky Moo)","Unlisted","","Bhubaneswar","Knowledge-based",""
"Miraj Entertainment Limited","Private Limited","Private (Indian)","Madhya Pradesh","Media & Entertainment (Broadcasting, OTT, Print, Advertising, Films, Gaming)","Cinema exhibition","Unlisted","","Indore","Knowledge-based","Miraj Cinemas"
"Monginis Foods Private Limited","Private Limited","Private (Indian)","Maharashtra","Food Processing & Beverages","Bakery/cakes","Unlisted","","Mumbai","Knowledge-based",""
"Motilal Banarsidass Publishers Private Limited","Private Limited","Private (Indian)","Delhi","Media & Entertainment (Broadcasting, OTT, Print, Advertising, Films, Gaming)","Publishing","Unlisted","","New Delhi","Knowledge-based",""
"MovieTime Cinemas Private Limited","Private Limited","Private (Indian)","Gujarat","Media & Entertainment (Broadcasting, OTT, Print, Advertising, Films, Gaming)","Cinema exhibition","Unlisted","","Ahmedabad","Knowledge-based",""
"Little Genie Fashion Industries Private Limited","Private Limited","Private (Indian)","Maharashtra","Textiles & Apparel","Menswear (Mufti)","Unlisted","","Mumbai","Knowledge-based",""
"Munshiram Manoharlal Publishers Private Limited","Private Limited","Private (Indian)","Delhi","Media & Entertainment (Broadcasting, OTT, Print, Advertising, Films, Gaming)","Publishing","Unlisted","","New Delhi","Knowledge-based",""
"MyGate Technologies Private Limited","Private Limited","Private (Indian)","Karnataka","IT/ITeS (Software, BPO/KPO, GCCs, SaaS)","Gated community management app","Unlisted","","Bengaluru","Knowledge-based",""
"VoiceTree Technologies Private Limited","Private Limited","Private (Indian)","Delhi","IT/ITeS (Software, BPO/KPO, GCCs, SaaS)","Cloud telephony (MyOperator)","Unlisted","","New Delhi","Knowledge-based",""
"National Engineering Industries Limited","Public Limited","Private (Indian)","Rajasthan","Automobile (OEMs, Auto Components, EV, Dealerships)","Bearings (NBC Bearings)","Listed-BSE","","Jaipur","Knowledge-based",""
"NMDC Steel Limited","Government Company (PSU)","Central PSU","Chhattisgarh","Metals & Steel (Steel, Aluminium, Copper, Foundries)","Steel (Nagarnar plant)","Listed-BSE","NMDCSTEEL","Nagarnar","Knowledge-based",""
"Nahoum & Sons","Proprietorship","Private (Indian)","West Bengal","Food Processing & Beverages","Bakery/confectionery","Unlisted","","Kolkata","Knowledge-based",""
"Nalli Chinnasami Chetty (Nalli Silks)","Private Limited","Private (Indian)","Tamil Nadu","Retail (Offline, Organised Retail, Jewellery)","Sarees/textiles","Unlisted","","Chennai","Knowledge-based",""
"National Backward Classes Finance and Development Corporation","Government Company (PSU)","Central PSU","Delhi","Government/PSU Holding & Public Administration (CPSEs, State PSUs, Statutory Corporations)","Development finance","Unlisted","","New Delhi","Knowledge-based",""
"National Handicapped Finance and Development Corporation","Government Company (PSU)","Central PSU","Uttar Pradesh","Government/PSU Holding & Public Administration (CPSEs, State PSUs, Statutory Corporations)","Development finance","Unlisted","","Faridabad","Knowledge-based","NHFDC"
"National High Speed Rail Corporation Limited","Government Company (PSU)","Central PSU","Delhi","Railways (Railway PSUs, Rolling Stock, Rail Infrastructure)","Bullet train (Mumbai-Ahmedabad)","Unlisted","","New Delhi","Knowledge-based","NHSRCL"
"National Jute Manufactures Corporation Limited","Government Company (PSU)","Central PSU","West Bengal","Textiles & Apparel","Jute","Unlisted","","Kolkata","Knowledge-based",""
"National Minorities Development and Finance Corporation","Government Company (PSU)","Central PSU","Delhi","Government/PSU Holding & Public Administration (CPSEs, State PSUs, Statutory Corporations)","Development finance","Unlisted","","New Delhi","Knowledge-based","NMDFC"
"National Safai Karamcharis Finance and Development Corporation","Government Company (PSU)","Central PSU","Delhi","Government/PSU Holding & Public Administration (CPSEs, State PSUs, Statutory Corporations)","Development finance","Unlisted","","New Delhi","Knowledge-based",""
"National Scheduled Castes Finance and Development Corporation","Government Company (PSU)","Central PSU","Delhi","Government/PSU Holding & Public Administration (CPSEs, State PSUs, Statutory Corporations)","Development finance","Unlisted","","New Delhi","Knowledge-based",""
"National Scheduled Tribes Finance and Development Corporation","Government Company (PSU)","Central PSU","Delhi","Government/PSU Holding & Public Administration (CPSEs, State PSUs, Statutory Corporations)","Development finance","Unlisted","","New Delhi","Knowledge-based",""
"Ottimo Foods Private Limited (Natural Ice Cream)","Private Limited","Private (Indian)","Maharashtra","Food Processing & Beverages","Ice cream","Unlisted","","Mumbai","Knowledge-based",""
"Navajivan Trust","Trust/Society","Trust/Society","Gujarat","Media & Entertainment (Broadcasting, OTT, Print, Advertising, Films, Gaming)","Publishing","Unlisted","","Ahmedabad","Knowledge-based","Gandhian publishing trust"
"Ness Digital Engineering India Private Limited","Private Limited","MNC Subsidiary","Maharashtra","IT/ITeS (Software, BPO/KPO, GCCs, SaaS)","","Unlisted","","Pune","Knowledge-based",""
"Nilgiris Dairy Farm Private Limited","Private Limited","Private (Indian)","Karnataka","Retail (Offline, Organised Retail, Jewellery)","Dairy/bakery retail (Nilgiris 1905)","Unlisted","","Bengaluru","Knowledge-based",""
"Nippo Batteries Co. Private Limited","Private Limited","Joint Venture","West Bengal","Consumer Durables & Appliances","Batteries","Unlisted","","Kolkata","Knowledge-based","Panasonic-Nippo JV"
"Nivia Sports","Private Limited","Private (Indian)","Delhi","Others","Sports goods","Unlisted","","New Delhi","Knowledge-based",""
"North Eastern Electricity Supply Company of Odisha Limited","Government Company (PSU)","State PSU","Odisha","Power (Generation, Transmission, Distribution, Trading)","Power distribution","Unlisted","","Balasore","Knowledge-based","NESCO"
"Notion Press Media Private Limited","Private Limited","Private (Indian)","Tamil Nadu","Media & Entertainment (Broadcasting, OTT, Print, Advertising, Films, Gaming)","Self-publishing platform","Unlisted","","Chennai","Knowledge-based",""
"Nuziveedu Seeds Limited","Private Limited","Private (Indian)","Telangana","Agriculture (Agri-inputs, Seeds, Agri-tech, Plantations)","Seeds","Unlisted","","Hyderabad","Knowledge-based",""
"FSN E-Commerce Ventures Limited","Public Limited","Private (Indian)","Maharashtra","E-commerce (Marketplaces, Quick Commerce)","Beauty e-commerce (Nykaa)","Listed-NSE+BSE","NYKAA","Mumbai","Knowledge-based",""
"OMICS International","Private Limited","Private (Indian)","Telangana","Media & Entertainment (Broadcasting, OTT, Print, Advertising, Films, Gaming)","Academic publishing","Unlisted","","Hyderabad","Knowledge-based",""
"Odisha Gramya Bank","Government Company (PSU)","Joint Venture","Odisha","Banking - Regional Rural Banks","","Unlisted","","Bhubaneswar","Knowledge-based","RRB, formerly Odisha Grameen Bank"
"Odisha Industrial Infrastructure Development Corporation","Government Company (PSU)","State PSU","Odisha","Government/PSU Holding & Public Administration (CPSEs, State PSUs, Statutory Corporations)","Industrial infrastructure","Unlisted","","Bhubaneswar","Knowledge-based","IDCO"
